latitude,longitude,zone_name,distance_to_cbd_km,distance_to_transit_km,property_type,living_area_sqft,lot_area_sqft,bedrooms,bathrooms,stories,garage_capacity,has_pool,year_built,year_renovated,is_renovated,school_rating,crime_rate_index,quality_grade,price
-6.11953,106.74477,Tech Corridor,14.95,2.7,Townhouse,1138,1581,3,2.0,2,1,0,2003,2003,0,4,5.48,2,306000.0
-6.30776,106.809,South Hills,11.71,0.6,Single Family,3082,8516,4,2.5,2,2,0,1998,1998,0,5,7.89,7,1481000.0
-6.33216,106.91654,South Hills,15.8,0.14,Condominium,532,532,2,1.5,1,1,1,2002,2012,1,7,5.02,5,254000.0
-6.07707,106.80446,Tech Corridor,15.32,15.0,Single Family,2360,6492,4,3.0,2,2,0,2001,2017,1,6,6.3,8,1261200.0
-6.19062,106.83836,Downtown / CBD,2.17,3.59,Townhouse,1605,1919,3,1.5,3,2,0,1975,1975,0,9,4.16,5,629700.0
-6.15221,106.86398,Downtown / CBD,6.6,0.58,Townhouse,2289,2806,3,2.0,3,2,0,2021,2021,0,5,5.97,4,989000.0
-6.23448,106.84818,Downtown / CBD,2.87,0.14,Single Family,1186,3928,4,3.0,2,2,1,2018,2018,0,8,3.96,6,1006500.0
-6.28146,106.77119,South Hills,11.54,7.03,Single Family,1773,4990,4,2.0,1,2,0,1998,2012,1,6,5.88,5,853500.0
-6.42393,106.77956,South Hills,24.98,8.66,Luxury Villa,4599,15135,5,4.0,2,2,0,1983,1983,0,4,5.67,9,1902200.0
-6.11095,106.81469,Tech Corridor,11.39,1.52,Luxury Villa,4675,26834,5,3.5,2,4,1,1979,1979,0,5,3.46,9,2745700.0
-6.3143,106.95874,South Hills,17.17,5.47,Townhouse,1793,2836,3,2.0,2,1,0,1990,1990,0,3,4.57,7,597100.0
-6.23026,106.87452,Downtown / CBD,4.0,2.12,Single Family,1741,4606,3,2.5,1,2,1,1994,1994,0,5,4.89,3,771700.0
-6.20043,106.82932,Downtown / CBD,2.03,0.66,Townhouse,1703,2068,2,2.5,2,2,0,1997,1997,0,6,1.94,5,865600.0
-6.24123,106.852,Downtown / CBD,3.67,3.7,Single Family,1327,2729,3,2.0,2,2,0,1997,2022,1,4,3.35,6,791000.0
-6.07905,106.884,North Suburbs,15.02,4.09,Condominium,987,987,2,1.0,1,0,0,1989,2003,1,2,4.81,7,352900.0
-6.07867,106.92149,North Suburbs,16.72,4.16,Townhouse,1281,1957,3,2.5,2,1,0,1987,1987,0,4,6.99,6,412400.0
-6.16605,106.83646,Tech Corridor,4.85,0.43,Luxury Villa,3977,18924,5,4.0,2,3,1,1987,1987,0,4,4.2,8,2492100.0
-6.08179,106.89343,North Suburbs,15.06,6.06,Single Family,2428,4449,3,2.5,2,2,1,1976,1976,0,4,2.83,6,833100.0
-6.14732,106.81503,Tech Corridor,7.62,1.53,Townhouse,1358,1558,3,2.5,2,1,0,2008,2008,0,7,4.22,5,632600.0
-6.14884,106.75579,Tech Corridor,11.99,5.07,Single Family,2505,5986,4,1.5,2,2,0,1983,1983,0,6,4.79,5,954200.0
-6.22557,106.76969,Downtown / CBD,8.63,0.15,Condominium,1063,1063,1,1.0,1,1,1,2013,2013,0,5,3.7,7,625900.0
-6.1115,106.89428,North Suburbs,12.08,4.49,Townhouse,1336,2099,4,2.5,2,1,0,1988,1988,0,7,8.06,6,615800.0
-6.1152,106.81427,Tech Corridor,10.96,0.25,Single Family,1724,3502,4,1.5,1,2,1,1979,2004,1,5,5.09,7,1067700.0
-6.21659,106.84321,Downtown / CBD,0.9,0.38,Single Family,2525,5433,3,1.5,1,3,0,1988,1988,0,7,4.08,7,1382800.0
-6.32352,106.72127,West Waterfront,18.78,7.69,Luxury Villa,2842,7715,5,4.0,2,3,1,1975,1975,0,5,5.47,8,1450500.0
-6.15152,106.82906,Downtown / CBD,6.62,1.3,Single Family,1722,4365,5,1.5,2,2,0,2016,2016,0,8,4.82,8,1289000.0
-6.29381,106.70275,West Waterfront,18.45,2.6,Single Family,1967,5849,3,2.5,2,2,0,2003,2003,0,5,6.31,6,938800.0
-6.22911,106.89032,Downtown / CBD,5.45,3.25,Single Family,2508,4542,3,1.5,1,2,0,2020,2020,0,4,4.04,6,1408500.0
-6.2241,106.75763,West Waterfront,9.91,2.7,Townhouse,1340,1543,4,2.0,3,1,1,1990,1990,0,5,6.68,7,715100.0
-6.2282,106.80305,Downtown / CBD,5.19,1.28,Single Family,2070,5987,4,3.0,2,2,0,2010,2010,0,6,0.88,4,1089500.0
-6.09361,106.7472,Tech Corridor,16.82,1.37,Single Family,2017,5820,3,2.0,1,3,0,1995,1995,0,7,5.24,8,1026900.0
-6.15386,106.8497,Downtown / CBD,6.12,1.29,Townhouse,1793,2514,4,2.0,2,1,0,2008,2019,1,3,6.17,8,1092900.0
-6.23394,106.75274,West Waterfront,10.68,0.71,Single Family,1581,4460,3,2.5,2,2,0,2006,2014,1,4,4.06,5,895400.0
-6.29512,106.74023,West Waterfront,15.12,1.55,Townhouse,2149,2697,3,2.5,2,1,1,1989,2010,1,2,3.4,8,1190100.0
-6.07092,106.73652,Tech Corridor,19.52,0.39,Single Family,2712,5754,2,2.0,1,1,1,2018,2018,0,2,7.25,8,1276000.0
-6.39021,106.97909,South Hills,25.0,5.18,Condominium,1087,1087,1,2.0,1,0,1,1997,1997,0,5,8.53,4,337000.0
-6.08886,106.91434,North Suburbs,15.34,2.44,Townhouse,1196,1810,3,1.5,3,2,1,1985,1985,0,7,3.24,6,436700.0
-6.30613,106.80399,West Waterfront,11.75,2.59,Townhouse,1522,2430,3,2.0,3,1,0,1985,2017,1,7,2.39,8,965200.0
-6.23447,106.69896,West Waterfront,16.52,1.14,Single Family,1833,3305,4,1.5,2,3,1,1977,1998,1,3,5.06,7,973000.0
-6.29362,106.97301,South Hills,16.99,3.34,Single Family,2134,5197,2,1.5,2,3,0,1982,1982,0,3,5.64,6,733400.0
-6.14567,106.88193,North Suburbs,8.08,0.77,Townhouse,1642,2401,3,2.5,2,1,0,2001,2001,0,4,2.69,7,815500.0
-6.27549,106.73069,West Waterfront,14.75,0.41,Townhouse,930,1175,4,2.0,2,1,1,1986,2019,1,4,5.28,6,575200.0
-6.21755,106.81492,Downtown / CBD,3.54,2.95,Single Family,2645,7570,4,2.5,2,1,0,2007,2007,0,4,2.6,8,1464600.0
-6.16811,106.81201,Downtown / CBD,5.86,0.94,Single Family,2740,6548,3,3.0,2,1,1,2013,2013,0,8,4.63,2,1412500.0
-6.17927,106.8446,Downtown / CBD,3.28,0.3,Townhouse,1951,2728,3,2.0,2,2,0,1976,1986,1,4,5.56,5,782900.0
-6.03941,106.90601,North Suburbs,19.96,2.16,Luxury Villa,4689,19649,4,5.0,2,3,1,1976,2009,1,6,6.43,8,2983000.0
-6.03904,106.90221,North Suburbs,19.86,2.72,Single Family,1550,4390,3,2.5,1,1,0,1986,1986,0,6,4.38,4,542800.0
-6.24315,106.72042,West Waterfront,14.41,5.56,Condominium,793,793,1,1.5,1,1,1,1976,1976,0,2,5.66,7,316900.0
-6.07108,106.9682,North Suburbs,20.47,1.1,Condominium,602,602,3,2.0,1,0,0,1999,1999,0,8,6.95,5,263800.0
-6.30268,107.03149,South Hills,23.12,5.34,Single Family,2006,4717,4,1.5,2,3,1,2008,2008,0,3,5.63,8,1000500.0
-6.22324,106.70122,West Waterfront,16.11,3.73,Condominium,948,948,1,2.0,1,1,1,1998,1998,0,8,3.43,5,404300.0
-6.2395,106.77388,West Waterfront,8.66,2.65,Single Family,2106,7297,5,3.0,1,3,0,1978,1978,0,3,3.73,6,942200.0
-6.28669,106.95772,South Hills,15.15,2.3,Single Family,1630,4889,3,1.5,1,3,1,2015,2015,0,5,5.16,7,993200.0
-6.35591,107.01858,South Hills,25.21,0.45,Single Family,2713,8050,3,2.5,2,3,1,1980,2017,1,2,7.36,4,1015600.0
-6.06772,106.76213,Tech Corridor,18.2,3.74,Townhouse,1899,2178,3,2.5,3,2,0,1977,1994,1,6,4.82,6,751400.0
-6.11025,106.92513,North Suburbs,14.06,2.72,Single Family,2049,4561,5,3.0,1,2,1,2019,2019,0,3,5.31,6,1040300.0
-6.17514,106.75041,Tech Corridor,11.21,1.86,Townhouse,1437,1612,3,2.5,2,1,1,1994,2011,1,4,5.83,6,716300.0
-6.21616,106.86344,Downtown / CBD,2.14,0.39,Luxury Villa,4887,17365,4,5.0,2,2,1,2011,2011,0,8,3.74,8,4127400.0
-6.12589,106.80094,Tech Corridor,10.45,0.58,Condominium,917,917,2,2.0,1,1,0,1996,2004,1,4,6.15,4,331400.0
-6.36221,106.90356,South Hills,18.2,3.22,Townhouse,1723,2177,4,2.0,2,2,0,1999,2016,1,3,3.84,5,666500.0
-6.286,106.95931,South Hills,15.26,1.33,Condominium,931,931,2,1.0,1,0,1,1994,2006,1,4,4.67,5,349400.0
-6.21304,106.70371,West Waterfront,15.76,0.22,Single Family,2091,6953,3,1.5,1,2,0,2014,2014,0,3,3.89,8,1275600.0
-6.23859,106.72516,West Waterfront,13.77,0.67,Single Family,2976,7222,3,2.0,2,2,0,2019,2019,0,3,3.39,10,2087700.0
-6.06131,107.05012,North Suburbs,27.99,5.62,Condominium,892,892,2,2.0,1,1,0,1983,1983,0,3,6.53,6,239800.0
-6.25154,106.90987,Downtown / CBD,8.57,5.05,Single Family,2078,4415,3,2.5,2,2,0,2004,2017,1,4,3.42,5,933700.0
-6.42313,106.94919,South Hills,26.42,0.1,Single Family,763,1733,4,2.0,1,1,1,1975,1987,1,2,8.7,5,258800.0
-5.96287,106.84924,North Suburbs,27.3,2.07,Condominium,954,954,1,1.0,1,2,1,2011,2011,0,3,7.69,6,323200.0
-6.38798,106.84923,South Hills,19.89,3.74,Single Family,2709,8908,4,2.0,2,2,0,2008,2008,0,1,7.11,5,942700.0
-6.00967,106.89105,North Suburbs,22.67,6.16,Townhouse,1835,2933,4,1.5,2,2,0,1989,2008,1,2,7.67,7,662400.0
-6.21611,106.78368,West Waterfront,6.92,0.17,Single Family,2347,4297,3,2.0,2,2,0,1996,1996,0,5,4.33,7,1350200.0
-6.14841,106.81489,Tech Corridor,7.52,1.65,Single Family,1860,3918,3,2.0,2,2,0,2022,2022,0,5,2.38,5,1085300.0
-6.23305,106.85706,Downtown / CBD,2.98,0.14,Single Family,998,3210,4,2.5,1,2,1,2006,2006,0,8,6.66,9,907700.0
-6.24113,106.84119,Downtown / CBD,3.62,0.76,Single Family,3000,6618,5,2.0,1,2,0,1990,1990,0,5,4.74,6,1403900.0
-6.18181,106.87317,Downtown / CBD,4.28,1.27,Single Family,1684,5736,3,2.0,2,1,0,2016,2016,0,4,4.82,8,1320600.0
-6.08827,106.82353,Tech Corridor,13.6,2.62,Single Family,2457,6056,5,2.0,2,1,0,2003,2016,1,7,4.57,8,1414800.0
-6.33472,106.9177,South Hills,16.11,2.07,Single Family,2116,5416,2,2.5,2,2,0,1993,1993,0,6,6.61,7,948500.0
-6.2117,106.84199,Downtown / CBD,0.51,5.54,Single Family,1977,4920,5,2.0,1,3,0,1986,1986,0,6,4.8,8,1053300.0
-6.39833,106.81846,South Hills,21.25,3.97,Townhouse,1273,1657,2,2.5,3,1,0,2014,2014,0,1,6.27,5,456200.0
-6.41061,106.80756,South Hills,22.8,0.19,Townhouse,2242,2859,3,2.5,3,2,0,1995,2009,1,4,7.49,6,863300.0
-6.03082,106.94681,North Suburbs,22.73,1.83,Single Family,1805,3429,4,2.0,2,2,0,1994,1994,0,4,5.37,7,654500.0
-6.20191,106.88579,North Suburbs,4.53,0.59,Townhouse,1612,1911,3,1.5,3,1,0,1989,1989,0,8,4.02,6,787200.0
-6.10769,106.87603,North Suburbs,11.72,1.44,Single Family,2008,5357,3,1.5,2,3,0,1986,1986,0,4,3.38,7,907100.0
-6.26769,106.77703,West Waterfront,10.03,4.3,Luxury Villa,5650,29087,6,4.0,2,4,1,2012,2012,0,3,2.93,6,3786700.0
-6.11696,106.83983,Tech Corridor,10.21,1.58,Single Family,1800,4865,5,2.0,2,3,0,2015,2015,0,5,3.35,7,1007500.0
-6.03049,106.96541,North Suburbs,23.85,5.09,Single Family,1669,3844,3,2.0,1,2,0,2022,2022,0,4,8.04,8,856200.0
-6.12784,106.78701,Tech Corridor,11.09,1.14,Townhouse,1757,2363,3,2.0,3,1,0,2006,2023,1,7,3.15,6,944400.0
-6.21168,106.79754,Downtown / CBD,5.34,1.63,Single Family,1621,3855,4,3.0,2,2,0,2014,2014,0,6,3.27,10,1359500.0
-6.20702,106.83674,Downtown / CBD,1.0,2.23,Single Family,2372,5084,4,2.5,2,1,0,1980,1991,1,7,6.0,6,1257300.0
-6.29736,106.69225,West Waterfront,19.66,3.29,Townhouse,1225,1763,4,2.5,3,1,0,1997,1997,0,5,6.63,5,567300.0
-6.11205,106.87815,North Suburbs,11.33,1.3,Townhouse,1779,2296,3,2.0,2,1,0,1986,1986,0,4,5.51,6,655300.0
-6.21364,106.72882,West Waterfront,12.97,2.27,Single Family,2410,7312,3,2.5,2,2,0,1977,1977,0,7,4.11,7,1200800.0
-6.22472,106.80972,Downtown / CBD,4.36,1.25,Condominium,747,747,2,1.5,1,1,1,2010,2010,0,5,2.48,4,380600.0
-6.19459,106.91317,Downtown / CBD,7.66,1.56,Single Family,2603,5163,4,2.5,1,1,0,1993,2018,1,6,4.25,6,1485600.0
-6.18657,106.77744,Tech Corridor,7.96,1.99,Single Family,1728,4202,3,2.5,1,3,0,1984,2015,1,7,5.37,5,925600.0
-6.21451,106.88185,Downtown / CBD,4.07,2.45,Townhouse,1571,2300,3,2.0,3,2,0,2004,2004,0,7,5.52,7,845300.0
-6.22702,106.74532,West Waterfront,11.31,0.13,Single Family,1794,4256,3,3.0,2,2,0,2013,2013,0,5,6.58,8,1288900.0
-6.31195,106.91275,South Hills,13.66,6.64,Townhouse,1708,2093,3,2.5,2,1,1,2010,2010,0,5,4.29,6,762100.0
-6.08939,106.96197,North Suburbs,18.51,2.34,Single Family,1622,3526,4,3.0,2,2,0,1993,1993,0,7,6.43,6,656100.0
-6.18002,106.79719,Downtown / CBD,6.25,0.29,Townhouse,1160,1507,3,1.5,2,2,0,2022,2022,0,3,4.51,7,678300.0
-6.26843,106.87111,Downtown / CBD,7.2,3.82,Townhouse,1669,2384,4,2.0,2,1,0,1979,2020,1,8,5.09,6,995700.0
-6.17899,106.82844,Tech Corridor,3.82,1.76,Condominium,1507,1507,1,1.0,1,0,1,2015,2015,0,5,5.08,8,870400.0
-6.13859,106.85099,Tech Corridor,7.82,1.63,Luxury Villa,5476,20939,4,5.0,2,4,1,1994,2003,1,7,2.65,8,3780900.0
-6.28261,106.91177,South Hills,11.0,0.2,Townhouse,1630,2435,3,2.5,2,2,0,2019,2019,0,2,5.09,8,799600.0
-6.24481,106.74836,West Waterfront,11.51,0.88,Single Family,2541,7301,4,1.5,1,2,0,1982,2001,1,5,4.97,5,1160000.0
-6.21543,106.86326,Downtown / CBD,2.09,5.79,Condominium,1054,1054,1,1.0,1,0,1,1977,1977,0,8,3.16,8,518900.0
-6.15584,106.85261,Downtown / CBD,5.93,4.66,Condominium,1013,1013,1,2.0,1,1,0,2001,2001,0,6,4.0,4,440000.0
-6.15237,106.8605,Downtown / CBD,6.48,0.82,Condominium,931,931,1,1.0,1,0,0,2002,2012,1,6,3.88,10,549900.0
-6.18751,106.81334,Tech Corridor,4.29,2.99,Townhouse,1846,2657,3,2.5,2,1,0,2003,2003,0,7,3.29,4,863600.0
-6.22751,106.71955,West Waterfront,14.14,0.77,Townhouse,2076,2872,3,2.5,2,1,1,2000,2000,0,2,6.1,7,987500.0
-6.11901,106.76475,Tech Corridor,13.41,1.42,Single Family,919,3082,4,2.0,1,3,1,1977,1977,0,6,3.21,5,467100.0
-6.16787,106.85509,Tech Corridor,4.66,2.58,Condominium,1042,1042,2,2.0,1,0,0,1994,2017,1,5,5.55,5,532600.0
-6.09655,106.78496,Tech Corridor,14.16,0.74,Condominium,1250,1250,2,1.5,1,2,0,1989,1989,0,4,7.12,7,519700.0
-6.3017,106.74604,West Waterfront,15.12,2.67,Townhouse,1718,2445,4,2.5,2,1,0,2011,2011,0,7,5.25,3,709900.0
-6.22754,106.8477,Downtown / CBD,2.09,1.07,Townhouse,1665,1953,4,2.0,2,2,0,1985,1990,1,6,4.02,4,697700.0
-6.37037,106.91904,South Hills,19.7,2.81,Single Family,1663,4904,4,2.5,1,1,1,2002,2002,0,4,6.72,6,654100.0
-6.07635,106.9343,North Suburbs,17.69,3.72,Single Family,3070,10537,2,1.5,2,1,0,1991,1991,0,7,5.5,6,1164800.0
-6.33179,106.91068,South Hills,15.45,0.18,Single Family,1052,3248,5,2.5,2,3,0,1991,1991,0,2,4.92,3,339600.0
-6.34203,106.90502,South Hills,16.19,3.85,Townhouse,1352,1551,3,2.0,2,2,0,1990,1990,0,5,6.45,6,444900.0
-6.23258,106.83423,Downtown / CBD,2.93,1.43,Townhouse,1939,2341,2,2.5,2,2,0,1976,1986,1,7,3.5,5,793500.0
-6.35097,106.99491,South Hills,22.88,8.17,Townhouse,1692,2092,3,2.0,3,2,1,2009,2009,0,4,5.3,9,747100.0
-6.14754,106.83836,Tech Corridor,6.85,1.21,Condominium,1013,1013,2,1.0,1,0,1,1992,2005,1,8,4.01,8,675000.0
-6.16683,106.79992,Tech Corridor,6.89,2.01,Townhouse,1214,1455,2,1.5,3,1,0,2011,2011,0,7,6.91,7,653500.0
-6.27543,106.7451,West Waterfront,13.38,0.35,Townhouse,1276,1687,4,2.5,3,2,1,1998,2007,1,3,4.31,4,675700.0
-6.24309,106.88652,Downtown / CBD,5.93,2.96,Townhouse,1634,1949,2,1.5,2,1,0,1990,1990,0,5,3.95,6,695300.0
-6.26397,106.90267,South Hills,8.81,4.38,Condominium,1202,1202,1,1.0,1,1,0,1991,2018,1,5,6.08,7,653300.0
-6.35108,106.69468,West Waterfront,23.02,2.1,Single Family,2420,6166,4,3.0,2,1,1,2013,2013,0,2,6.51,6,1131100.0
-6.35766,106.87502,South Hills,16.84,0.9,Single Family,2515,6531,4,2.0,1,2,0,2012,2012,0,2,4.79,5,956000.0
-6.22124,106.69676,West Waterfront,16.58,0.73,Single Family,1830,3817,4,2.0,1,3,1,2003,2003,0,2,5.95,5,797900.0
-6.2818,106.91301,South Hills,11.03,5.37,Single Family,1566,3441,4,2.0,2,2,0,2000,2017,1,4,4.9,6,835400.0
-5.9526,106.96103,North Suburbs,31.19,9.47,Single Family,2724,7792,3,1.5,1,2,0,2014,2014,0,5,7.48,9,1190000.0
-6.32466,106.69538,West Waterfront,21.06,7.75,Single Family,2304,7331,3,2.0,2,2,0,2015,2015,0,4,4.37,6,1304200.0
-6.08668,106.94883,North Suburbs,17.75,0.18,Single Family,1870,5191,3,3.0,2,3,0,2002,2002,0,5,4.79,4,783800.0
-6.1223,106.81779,Tech Corridor,10.09,0.27,Condominium,1288,1288,2,1.5,1,2,1,2004,2004,0,5,4.06,5,615700.0
-6.11733,106.85173,Tech Corridor,10.18,2.34,Townhouse,1450,1598,4,2.0,2,1,1,1982,2015,1,4,3.17,4,598600.0
-5.97774,106.90286,North Suburbs,26.42,6.3,Townhouse,1755,2246,2,2.0,3,1,0,2009,2009,0,2,3.09,9,621200.0
-6.29211,106.69639,West Waterfront,18.97,4.06,Townhouse,1993,2663,3,2.5,2,2,0,1990,1990,0,3,5.4,7,857300.0
-6.28046,106.72058,West Waterfront,16.0,0.77,Single Family,1998,5609,3,2.0,1,3,0,2018,2018,0,4,4.86,5,1214200.0
-6.10711,106.90628,North Suburbs,13.14,0.31,Condominium,822,822,2,2.0,1,1,1,1981,2015,1,8,4.84,8,583800.0
-6.21149,106.86227,Downtown / CBD,1.87,0.25,Single Family,2398,6904,3,2.5,2,3,0,1981,1981,0,8,4.75,10,1618400.0
-6.12719,106.81249,Downtown / CBD,9.78,0.74,Single Family,629,1225,3,3.0,2,2,0,1997,1997,0,6,4.88,7,435200.0
-6.07817,106.89479,North Suburbs,15.49,3.55,Condominium,1040,1040,2,1.5,1,1,0,2010,2010,0,5,7.61,5,380200.0
-6.16731,106.8547,North Suburbs,4.71,1.33,Townhouse,1466,1638,3,2.0,2,2,0,2009,2009,0,9,7.65,7,884000.0
-6.21854,106.68713,West Waterfront,17.62,1.57,Single Family,2089,5890,2,2.0,1,1,1,2010,2010,0,3,3.6,4,940300.0
-6.02893,106.89379,North Suburbs,20.67,10.49,Single Family,2421,5717,3,2.0,2,2,0,2012,2012,0,3,5.08,6,875400.0
-6.27411,106.72916,West Waterfront,14.82,8.23,Townhouse,1363,1947,3,2.0,3,2,0,1991,2012,1,3,4.7,6,738200.0
-6.07967,106.85616,North Suburbs,14.38,1.45,Single Family,2857,5732,2,1.5,1,1,0,1992,1992,0,6,3.6,6,1155600.0
-6.3517,106.92866,South Hills,18.35,1.98,Condominium,708,708,1,1.5,1,1,1,1988,1988,0,6,8.06,5,268700.0
-6.19363,106.9308,North Suburbs,9.61,0.78,Single Family,3254,5935,4,2.5,1,2,0,2022,2022,0,4,4.2,3,1372300.0
-6.38155,106.98115,South Hills,24.37,2.28,Condominium,1264,1264,3,1.0,1,2,1,2003,2011,1,1,5.12,5,412700.0
-6.34572,106.96662,South Hills,20.28,0.92,Single Family,2576,5294,2,2.5,2,1,0,2002,2002,0,3,6.05,9,1178100.0
-6.08452,106.74883,Tech Corridor,17.48,11.65,Single Family,2263,5592,4,2.0,1,3,0,1979,1979,0,6,2.83,6,634000.0
-6.1211,106.95073,North Suburbs,15.2,3.41,Single Family,2153,7475,4,2.5,2,1,0,2001,2023,1,4,6.25,8,1230600.0
-6.27321,106.75489,West Waterfront,12.35,3.74,Luxury Villa,4939,23529,5,4.0,2,2,1,1994,1994,0,5,3.32,8,3371100.0
-6.25304,106.67727,West Waterfront,19.32,2.13,Condominium,1114,1114,2,1.0,1,1,1,2003,2003,0,1,9.33,6,434400.0
-6.10209,106.78212,Tech Corridor,13.78,1.9,Townhouse,1421,1686,2,2.5,2,1,1,1980,1993,1,5,3.97,4,556800.0
-6.22288,106.87709,Downtown / CBD,3.83,0.71,Townhouse,2141,2568,4,2.0,2,1,1,1984,1984,0,5,4.32,5,913700.0
-6.32751,106.90317,South Hills,14.65,2.99,Single Family,2522,8682,4,2.0,1,2,0,2006,2006,0,7,4.85,6,1275600.0
-6.30677,106.8854,South Hills,11.74,3.47,Single Family,1896,5840,4,3.0,2,2,0,1984,1989,1,4,5.3,5,729900.0
-5.96498,106.88274,North Suburbs,27.38,6.5,Townhouse,1530,2397,3,2.0,3,2,0,1992,1992,0,2,7.52,6,443200.0
-6.201,106.84041,Downtown / CBD,1.04,0.29,Condominium,1029,1029,1,1.0,1,2,1,1995,1995,0,5,4.33,5,515300.0
-6.31883,106.92025,South Hills,14.76,2.15,Luxury Villa,4256,15217,5,4.0,2,3,1,2008,2008,0,5,6.17,10,2915400.0
-5.99233,106.98957,North Suburbs,28.86,12.02,Condominium,962,962,1,1.0,1,0,1,1986,1998,1,1,7.97,6,247500.0
-6.18856,106.78914,Downtown / CBD,6.66,4.26,Luxury Villa,3064,13062,5,3.5,2,3,1,1988,1988,0,4,4.69,7,1646700.0
-6.05788,106.8246,Tech Corridor,16.91,0.32,Condominium,981,981,1,1.0,1,0,1,2016,2016,0,3,5.31,7,462300.0
-6.19841,106.781,Downtown / CBD,7.26,5.8,Single Family,1799,6192,3,2.5,2,3,0,2019,2019,0,6,5.1,7,1113500.0
-6.03731,106.91763,North Suburbs,20.65,2.38,Luxury Villa,5493,30492,7,3.5,2,2,1,2013,2013,0,3,7.97,9,3246300.0
-6.11921,106.72911,Tech Corridor,16.31,6.33,Townhouse,1656,2411,3,2.5,3,1,0,1979,1979,0,5,3.16,6,516600.0
-6.0996,106.86604,Tech Corridor,12.33,0.7,Townhouse,1403,2128,3,1.5,2,1,0,2014,2014,0,5,4.78,8,777900.0
-6.11332,107.0035,North Suburbs,20.48,1.36,Townhouse,1412,1802,3,1.5,2,2,0,1992,1992,0,3,5.38,8,558200.0
-6.33689,106.84119,South Hills,14.23,1.99,Luxury Villa,6360,27784,5,3.5,3,2,1,2001,2001,0,6,4.08,7,3356800.0
-6.2195,106.97998,North Suburbs,14.96,7.55,Townhouse,2150,2641,2,2.5,2,1,0,2005,2005,0,6,6.98,6,842800.0
-6.11603,106.72587,Tech Corridor,16.81,2.89,Single Family,3239,7252,5,2.0,2,1,1,1977,1977,0,6,8.05,6,1241300.0
-6.40634,106.95061,South Hills,24.83,8.85,Single Family,2115,6383,4,1.5,2,1,0,1980,1986,1,2,6.16,5,497600.0
-6.12619,106.85032,North Suburbs,9.18,3.92,Condominium,753,753,2,2.0,1,1,0,1986,2023,1,3,4.12,4,312300.0
-6.25426,106.84158,Downtown / CBD,5.07,2.28,Single Family,3007,7844,3,2.5,2,2,0,1975,1975,0,6,4.61,5,1105000.0
-6.05187,107.01501,North Suburbs,25.63,4.97,Condominium,956,956,2,2.0,1,1,1,1985,1985,0,3,7.02,9,349500.0
-6.24852,106.75893,West Waterfront,10.58,0.54,Condominium,1245,1245,2,1.0,1,1,1,2020,2020,0,5,3.13,5,768100.0
-6.10734,106.91477,North Suburbs,13.63,10.52,Townhouse,1379,1615,3,2.5,2,1,0,2005,2019,1,5,4.4,5,596400.0
-6.22036,106.83633,Downtown / CBD,1.64,2.03,Single Family,1465,2661,2,2.0,2,1,0,1986,1986,0,6,2.27,7,752900.0
-6.12513,106.84999,Tech Corridor,9.3,0.26,Single Family,2194,4072,3,2.0,2,1,0,1989,1989,0,5,5.17,6,855000.0
-6.28757,106.74515,West Waterfront,14.17,1.66,Single Family,2213,5092,5,2.5,1,2,0,2016,2016,0,4,3.93,4,1092500.0
-6.33775,106.87616,South Hills,14.71,4.6,Single Family,847,2627,4,2.0,2,2,1,1992,2008,1,4,7.06,6,468400.0
-6.13263,106.84761,Tech Corridor,8.46,2.51,Single Family,1917,6567,4,3.0,1,3,0,1975,1975,0,6,3.92,4,776900.0
-6.25126,106.87554,Downtown / CBD,5.77,0.11,Condominium,1355,1355,2,1.0,1,0,0,1988,1988,0,9,5.25,7,713600.0
-6.38827,106.90968,South Hills,21.15,8.96,Single Family,2677,6569,2,2.0,1,3,0,1987,1987,0,4,7.26,7,1019700.0
-6.04708,106.97929,North Suburbs,23.29,3.41,Townhouse,1698,2694,3,2.0,3,1,0,2006,2015,1,4,6.04,7,663900.0
-6.12527,106.93088,North Suburbs,13.25,0.23,Townhouse,1629,2526,3,1.5,2,1,0,2006,2006,0,4,4.66,8,771700.0
-6.03897,106.82453,North Suburbs,19.0,7.95,Townhouse,996,1257,3,2.0,2,1,0,1996,2006,1,8,4.92,5,442000.0
-6.18964,106.84983,Downtown / CBD,2.18,0.78,Single Family,2158,4708,3,2.0,2,2,0,2003,2003,0,9,3.84,4,1249700.0
-6.08151,106.78305,Tech Corridor,15.74,0.59,Single Family,1242,3760,3,1.5,1,1,1,1983,1983,0,2,4.22,4,369300.0
-6.24267,106.84487,Downtown / CBD,3.76,1.57,Single Family,2112,6152,4,3.0,1,2,0,2021,2021,0,6,2.46,5,1382000.0
-5.93947,106.82444,North Suburbs,29.99,8.46,Townhouse,1346,1576,4,1.5,2,2,0,2008,2020,1,5,7.47,9,677700.0
-5.98514,106.87308,North Suburbs,25.01,8.72,Single Family,1453,4821,3,3.0,1,3,0,2004,2021,1,2,7.36,6,635800.0
-6.1744,106.7511,West Waterfront,11.16,0.56,Condominium,852,852,1,2.0,1,0,1,2016,2016,0,3,4.8,6,444400.0
-6.40743,106.91356,South Hills,23.3,5.46,Luxury Villa,4202,22601,4,3.5,2,4,1,2018,2018,0,3,5.06,7,2505400.0
-6.18356,106.81995,Tech Corridor,3.99,3.08,Luxury Villa,4323,23099,6,3.5,3,3,1,2001,2020,1,6,0.95,8,3489700.0
-6.21725,106.84617,Downtown / CBD,0.94,0.26,Condominium,1325,1325,1,2.0,1,0,0,2000,2010,1,8,2.61,7,870800.0
-6.26523,107.02383,South Hills,20.75,3.64,Single Family,2508,8344,4,2.5,1,3,0,1976,1976,0,4,3.54,6,839700.0
-5.94427,106.86835,North Suburbs,29.47,5.46,Single Family,1835,5068,3,2.5,2,1,0,1987,1987,0,1,7.1,7,536400.0
-6.27732,106.72527,West Waterfront,15.37,2.99,Single Family,1994,5113,3,2.0,1,3,1,2011,2011,0,6,7.34,5,1058400.0
-6.07798,106.95063,North Suburbs,18.62,1.29,Single Family,2522,7853,5,1.5,2,2,0,1994,2004,1,5,5.52,7,1217300.0
-6.17432,106.83822,Downtown / CBD,3.91,4.94,Single Family,2156,4111,4,2.0,1,1,0,2002,2002,0,5,5.85,5,1008700.0
-6.31702,106.87465,South Hills,12.44,3.15,Single Family,2570,6215,5,2.5,2,1,1,2018,2018,0,4,5.06,4,1254400.0
-6.20031,106.80733,West Waterfront,4.35,2.24,Single Family,1000,2737,3,3.0,2,2,0,2004,2016,1,6,4.27,5,728100.0
-6.07564,106.82362,North Suburbs,14.98,0.85,Single Family,2432,6299,3,3.0,1,2,1,2002,2002,0,5,6.31,5,1105500.0
-6.28846,106.8761,South Hills,9.47,1.69,Townhouse,1858,2276,2,2.5,3,1,0,2019,2019,0,7,4.46,7,1080300.0
-6.31202,106.98837,South Hills,19.56,7.46,Single Family,2270,4204,2,2.5,2,1,0,1995,1995,0,3,4.16,4,650000.0
-6.07311,106.9254,North Suburbs,17.47,0.69,Townhouse,1453,1627,3,2.5,3,2,0,2003,2003,0,5,3.99,8,706000.0
-6.0166,106.8436,North Suburbs,21.34,5.39,Luxury Villa,6115,21872,6,4.0,2,2,1,1987,1995,1,6,9.11,8,3087200.0
-6.20223,106.91254,Downtown / CBD,7.47,0.94,Single Family,1525,3769,5,2.5,1,3,1,1985,1985,0,4,6.06,7,889500.0
-6.02312,106.93843,North Suburbs,23.04,3.18,Single Family,2045,5143,3,2.5,2,1,0,1976,1976,0,6,7.34,6,609800.0
-6.19162,106.82325,Downtown / CBD,3.13,2.04,Townhouse,2016,2889,3,2.0,2,1,0,2013,2013,0,8,4.95,7,1487300.0
-6.08538,106.97667,North Suburbs,19.98,6.68,Single Family,1707,5623,3,1.5,2,1,0,2012,2012,0,3,5.0,7,811400.0
-6.33869,106.84346,South Hills,14.42,2.91,Single Family,2475,6738,4,3.0,2,3,1,1979,1979,0,2,3.67,5,765700.0
-6.19949,106.73037,West Waterfront,12.83,1.23,Townhouse,1779,2097,3,2.0,2,2,0,2022,2022,0,5,3.36,5,1039500.0
-6.29053,106.89997,South Hills,10.9,0.41,Single Family,2940,6093,4,2.0,1,2,1,1983,1983,0,6,5.42,8,1498100.0
-6.15045,106.66531,West Waterfront,21.03,1.23,Single Family,2294,6322,3,2.0,1,3,1,1992,2022,1,6,6.92,3,1215800.0
-6.24053,106.86502,Downtown / CBD,4.13,1.87,Townhouse,1315,1622,2,2.5,2,2,0,2022,2022,0,7,7.02,9,985300.0
-6.02172,106.99496,North Suburbs,26.57,3.89,Luxury Villa,3767,12743,7,4.0,2,3,0,1976,2020,1,4,7.44,10,2362300.0
-6.1513,106.81926,Tech Corridor,7.02,0.11,Single Family,2851,8203,4,1.5,1,2,1,1997,1997,0,8,4.43,7,1548300.0
-6.14783,106.81112,Tech Corridor,7.77,0.53,Single Family,1568,3363,4,1.5,2,1,0,2023,2023,0,5,5.26,4,770300.0
-6.25988,106.8365,Downtown / CBD,5.76,1.23,Single Family,2287,4302,3,1.5,2,1,1,2011,2011,0,6,4.1,7,1331300.0
-6.23396,106.6923,West Waterfront,17.24,2.8,Luxury Villa,3382,19058,5,3.5,2,2,1,1988,1988,0,4,3.85,9,2213500.0
-6.08813,106.97253,North Suburbs,19.44,5.67,Single Family,2154,4511,3,2.5,2,2,1,2009,2009,0,3,4.41,4,716500.0
-6.1061,106.74631,Tech Corridor,15.86,0.19,Townhouse,1521,2040,3,2.0,3,2,0,1987,2018,1,4,7.78,6,638100.0
-6.04997,106.91498,North Suburbs,19.24,0.54,Townhouse,1541,2105,3,1.5,2,1,0,2018,2018,0,4,6.21,2,503900.0
-6.29733,106.95255,South Hills,15.41,2.39,Single Family,1996,5436,3,2.0,1,2,0,1979,1979,0,5,4.09,6,669800.0
-6.28567,106.98424,South Hills,17.6,3.04,Condominium,878,878,2,1.0,1,0,1,2020,2020,0,4,4.8,5,368400.0
-6.19958,106.83689,Downtown / CBD,1.41,0.1,Townhouse,1247,1762,4,2.0,2,1,0,2002,2002,0,6,4.32,6,788100.0
-6.26571,106.88445,South Hills,7.65,6.05,Luxury Villa,2588,10304,5,3.5,2,4,1,2019,2019,0,6,4.34,9,2475500.0
-6.242,106.83501,Downtown / CBD,3.87,1.74,Townhouse,1569,2024,4,2.0,3,1,0,2020,2020,0,7,4.99,4,822200.0
-6.09173,106.93463,North Suburbs,16.33,15.0,Condominium,1369,1369,2,1.0,1,1,0,1996,2005,1,3,5.17,6,419600.0
-6.08865,106.84555,Tech Corridor,13.34,1.65,Townhouse,1069,1656,3,2.5,2,1,0,2003,2019,1,4,5.57,5,527200.0
-6.24729,106.76843,West Waterfront,9.57,3.02,Luxury Villa,4317,24337,5,6.0,2,2,1,1989,1989,0,5,3.88,8,3037100.0
-6.23071,106.82888,Downtown / CBD,3.06,0.24,Townhouse,1292,1443,2,2.5,2,1,1,2016,2016,0,8,2.16,6,882600.0
-6.10114,106.90529,North Suburbs,13.66,1.35,Single Family,1847,3701,2,2.0,2,1,1,1977,1977,0,3,2.89,6,658500.0
-5.98279,106.85908,North Suburbs,25.13,0.33,Single Family,1946,4809,3,1.5,2,2,0,2017,2017,0,4,5.32,8,851400.0
-6.17402,106.83135,Downtown / CBD,4.17,1.76,Condominium,822,822,2,1.5,1,1,1,2003,2012,1,6,3.27,6,455100.0
-6.4473,106.89384,South Hills,27.01,5.96,Single Family,2081,5192,4,2.0,2,2,0,2018,2018,0,2,8.19,6,784300.0
-6.24462,106.68981,West Waterfront,17.74,6.47,Single Family,1470,4288,4,2.5,1,1,1,2014,2014,0,4,5.1,9,1034000.0
-6.25172,106.87961,Downtown / CBD,6.08,1.94,Townhouse,1451,2248,3,2.5,3,2,0,2009,2009,0,5,3.27,6,759900.0
-6.22161,106.8765,Downtown / CBD,3.71,5.8,Townhouse,1071,1388,3,2.5,2,2,0,1994,1994,0,6,3.3,6,542500.0
-6.30297,106.7408,West Waterfront,15.64,1.05,Single Family,2368,7829,4,1.5,2,2,0,1988,1988,0,4,4.81,9,1407400.0
-6.21356,106.706,West Waterfront,15.51,0.67,Townhouse,1661,1904,3,2.0,2,2,0,1978,1978,0,2,3.96,7,596900.0
-6.16731,106.77985,Tech Corridor,8.63,2.21,Single Family,1672,5076,4,3.0,2,2,0,1986,1986,0,5,5.11,4,683600.0
-6.18052,106.78913,Tech Corridor,7.01,2.64,Single Family,2433,6528,3,1.5,2,1,0,1982,2016,1,4,3.66,5,1116000.0
-6.32981,106.90558,South Hills,14.99,3.35,Condominium,1047,1047,2,1.5,1,1,0,1992,1992,0,5,5.6,5,365200.0
-6.10882,106.8314,Tech Corridor,11.21,0.87,Single Family,2477,5670,4,2.5,2,1,1,1980,1980,0,4,7.26,7,893700.0
-6.16309,106.79781,Tech Corridor,7.34,5.86,Townhouse,1770,2357,3,2.0,2,2,0,1990,1990,0,5,5.78,6,673900.0
-6.24078,106.68024,West Waterfront,18.7,1.96,Single Family,3088,8837,2,2.0,1,2,0,2010,2010,0,3,6.57,6,1334300.0
-6.21109,106.75989,West Waterfront,9.52,1.15,Townhouse,1355,1920,3,2.0,2,2,0,1976,1976,0,3,3.56,6,513100.0
-6.27798,106.75613,West Waterfront,12.55,2.82,Single Family,2109,6785,3,2.5,1,2,1,1992,1992,0,5,2.87,5,1053200.0
-6.13988,106.78781,Tech Corridor,9.98,4.77,Single Family,2579,8580,3,2.5,1,2,1,1978,1978,0,5,4.14,3,848700.0
-6.12785,106.75659,Tech Corridor,13.35,1.31,Single Family,2330,7191,4,2.0,1,1,0,2001,2009,1,6,3.73,5,1130800.0
-6.32008,106.88633,South Hills,13.15,1.29,Townhouse,923,1295,3,1.5,2,1,1,2014,2014,0,4,6.69,5,414100.0
-6.20209,106.83932,Downtown / CBD,1.02,0.7,Condominium,1198,1198,3,1.5,1,1,1,1978,2009,1,6,3.4,5,674700.0
-5.98789,106.90913,North Suburbs,25.52,0.27,Townhouse,1671,2516,2,2.5,3,1,1,1998,2011,1,4,7.49,5,617700.0
-6.37753,106.80341,South Hills,19.31,3.29,Single Family,2307,5934,2,2.5,1,2,0,2005,2019,1,5,5.58,7,1227100.0
-6.23775,106.90729,Downtown / CBD,7.56,0.71,Condominium,1445,1445,2,1.5,1,1,1,2016,2016,0,6,4.42,7,838900.0
-6.23849,106.83218,Downtown / CBD,3.62,0.13,Single Family,3083,8325,4,1.5,2,1,0,2015,2015,0,8,5.28,7,2198200.0
-6.18441,106.83275,Tech Corridor,3.06,1.16,Single Family,2053,5500,4,2.5,1,2,0,1975,1991,1,4,6.6,8,1223300.0
-6.34649,106.92335,South Hills,17.55,0.47,Single Family,2096,7331,4,2.5,2,2,1,1975,1975,0,6,4.97,4,756400.0
-6.2822,106.92512,South Hills,12.01,2.14,Single Family,2692,5439,3,2.0,2,2,0,2007,2023,1,4,3.73,7,1501100.0
-6.22985,106.71419,West Waterfront,14.77,3.78,Single Family,1932,6019,3,2.0,2,1,0,2014,2014,0,5,5.48,6,1207800.0
-6.07854,106.78068,Tech Corridor,16.16,1.31,Single Family,2354,4324,3,2.0,2,2,0,1978,1978,0,5,4.74,5,708300.0
-6.16153,106.81963,Tech Corridor,5.99,1.94,Condominium,686,686,3,1.5,1,1,0,2010,2010,0,6,6.85,6,390900.0
-6.32123,106.96078,South Hills,17.87,0.26,Luxury Villa,4252,18890,5,3.5,2,2,1,2010,2010,0,3,5.02,9,2591000.0
-6.25238,106.89364,South Hills,7.2,1.54,Single Family,2252,5224,5,2.5,1,2,0,2019,2019,0,4,4.67,7,1451300.0
-6.32171,106.85714,South Hills,12.6,6.7,Single Family,2533,4607,4,2.5,1,3,0,1975,1988,1,6,7.11,7,1122500.0
-6.19989,106.82019,Downtown / CBD,2.99,6.18,Townhouse,1069,1477,4,2.0,2,2,0,2020,2020,0,3,1.1,6,527900.0
-6.24212,106.88211,Downtown / CBD,5.49,0.62,Townhouse,1233,1516,3,2.0,3,1,0,1985,1985,0,4,6.42,5,479500.0
-6.12202,106.79675,Tech Corridor,11.05,10.07,Townhouse,1256,1977,3,2.0,2,2,0,1988,1988,0,5,6.29,6,495900.0
-6.29202,106.69804,West Waterfront,18.8,2.02,Townhouse,1021,1468,3,2.5,3,1,0,2015,2015,0,5,5.02,7,568300.0
-6.20154,106.90786,Downtown / CBD,6.96,3.02,Townhouse,1607,2541,2,2.0,2,1,1,2000,2000,0,6,2.97,5,756900.0
-6.11999,106.86286,Tech Corridor,10.04,1.7,Single Family,2730,7266,3,3.0,1,2,0,2021,2021,0,3,4.93,7,1428700.0
-6.00633,106.90138,North Suburbs,23.31,8.67,Single Family,2719,7898,4,3.0,2,2,0,1990,1990,0,3,7.95,6,885800.0
-6.07141,106.84855,Tech Corridor,15.25,5.5,Luxury Villa,3945,22138,5,4.0,3,3,1,2003,2003,0,4,4.24,9,2675800.0
-6.32765,106.96881,South Hills,19.0,0.25,Townhouse,1390,1591,3,1.5,2,1,1,1992,1992,0,4,4.15,8,609000.0
-6.12916,106.8935,North Suburbs,10.32,3.69,Townhouse,1471,2032,3,1.5,3,1,0,1982,1982,0,6,4.44,6,551500.0
-6.15527,106.78846,Tech Corridor,8.69,1.19,Luxury Villa,4119,13837,4,5.0,2,4,1,1996,1996,0,1,4.27,6,1843300.0
-6.2398,106.79863,West Waterfront,6.25,2.82,Townhouse,1804,2490,2,2.5,2,1,1,1983,2015,1,5,6.63,7,1284500.0
-6.3173,106.73234,West Waterfront,17.41,0.56,Townhouse,1769,2685,4,2.5,2,2,0,2013,2013,0,4,3.71,7,1074400.0
-6.23815,106.83512,Downtown / CBD,3.46,0.64,Luxury Villa,4627,20522,5,4.0,2,4,1,2018,2018,0,6,2.8,9,4732300.0
-6.17951,106.76413,Tech Corridor,9.61,3.18,Single Family,2281,7550,4,2.5,1,3,0,1979,2015,1,6,4.15,4,1160100.0
-6.15477,106.82423,Tech Corridor,6.45,5.92,Condominium,654,654,1,1.5,1,1,0,2023,2023,0,6,3.99,5,345800.0
-6.04152,106.98744,North Suburbs,24.34,1.42,Townhouse,1760,2007,3,2.0,3,2,0,2021,2021,0,2,10.0,8,766400.0
-6.13524,106.83227,Tech Corridor,8.3,0.86,Single Family,2117,5813,4,2.0,2,3,1,2000,2000,0,8,4.73,7,1281600.0
-6.03439,106.94354,North Suburbs,22.2,3.91,Luxury Villa,4644,16338,6,4.0,3,4,1,1987,2005,1,4,7.31,8,2563800.0
-6.09835,106.72777,Tech Corridor,17.93,2.57,Townhouse,1266,1899,3,2.0,2,1,0,2000,2000,0,2,5.54,5,396200.0
-6.20117,106.82079,Downtown / CBD,2.88,0.1,Condominium,653,653,2,1.5,1,1,0,1986,1986,0,9,4.07,8,401800.0
-6.1644,106.92235,Downtown / CBD,9.84,0.1,Single Family,2006,6648,4,1.5,2,2,0,2012,2012,0,4,7.02,6,1065200.0
-6.35191,106.93167,South Hills,18.54,1.79,Condominium,934,934,2,2.0,1,2,1,1982,1988,1,5,5.34,6,351000.0
-6.33986,106.90232,South Hills,15.85,6.85,Single Family,2260,6249,3,2.5,2,1,0,2016,2016,0,5,4.04,5,999500.0
-6.25395,106.90424,South Hills,8.22,5.69,Single Family,2068,5798,4,1.5,2,1,0,2004,2004,0,7,3.58,5,959400.0
-6.1082,106.91246,North Suburbs,13.41,0.19,Single Family,1848,5933,3,3.0,2,3,0,2003,2003,0,4,5.43,7,996500.0
-6.20952,106.88513,Downtown / CBD,4.39,5.18,Townhouse,1609,2360,4,1.5,2,1,0,2007,2012,1,8,7.48,6,917200.0
-6.27786,106.90067,South Hills,9.8,1.7,Single Family,2485,5943,3,2.5,2,2,0,1976,1976,0,5,6.8,5,781400.0
-6.29406,106.81445,South Hills,10.08,1.08,Luxury Villa,4084,11401,5,4.0,3,4,1,2016,2016,0,3,3.78,7,2412200.0
-6.25129,106.79412,West Waterfront,7.41,2.48,Single Family,2960,8180,3,3.0,1,1,0,1992,2001,1,4,3.12,6,1627200.0
-6.16016,106.85593,Tech Corridor,5.52,7.37,Luxury Villa,3638,16234,5,4.0,2,3,1,1991,2014,1,5,4.13,9,2801000.0
-6.24067,106.89401,Downtown / CBD,6.43,0.33,Townhouse,1533,2290,4,2.0,3,1,0,1993,1993,0,6,5.21,5,697300.0
-6.27786,106.82731,Downtown / CBD,7.93,0.28,Condominium,1029,1029,1,2.0,1,2,0,1986,2016,1,3,2.89,8,600200.0
-6.09971,106.95484,North Suburbs,17.14,5.73,Single Family,2092,4196,3,1.5,1,3,0,2009,2009,0,6,5.0,7,982500.0
-6.11622,106.81991,Tech Corridor,10.66,0.47,Single Family,2155,4371,4,2.0,1,2,1,2021,2021,0,4,3.54,3,927400.0
-6.28718,106.81636,South Hills,9.29,1.04,Single Family,1875,6551,4,2.0,2,2,0,2005,2005,0,3,4.89,6,931900.0
-6.32424,106.71167,West Waterfront,19.63,1.94,Single Family,2644,5703,4,1.5,2,3,1,1988,1988,0,5,6.51,6,1248100.0
-6.2674,106.72851,West Waterfront,14.53,1.41,Luxury Villa,3929,10052,6,5.0,2,2,1,1990,2005,1,4,6.78,8,2422200.0
-6.31486,106.81702,South Hills,12.19,3.35,Condominium,1444,1444,3,2.0,1,2,0,2013,2013,0,6,3.19,8,801000.0
-6.19115,106.86084,Downtown / CBD,2.59,3.39,Condominium,1244,1244,2,1.5,1,0,0,2021,2021,0,7,4.12,8,780600.0
-6.0957,106.74839,Tech Corridor,16.55,0.1,Single Family,2995,6581,3,2.0,2,3,1,1986,2019,1,5,3.99,5,1490500.0
-6.12239,106.85336,North Suburbs,9.63,0.65,Condominium,1368,1368,1,2.0,1,1,0,2009,2009,0,5,4.97,7,698200.0
-6.09061,106.91455,North Suburbs,15.19,0.84,Single Family,2342,6216,4,2.0,2,2,0,1993,1993,0,7,5.71,6,1032000.0
-6.37739,106.89879,South Hills,19.62,12.88,Single Family,1547,4356,4,2.0,1,2,1,2016,2016,0,3,4.03,8,840200.0
-6.26095,106.77846,West Waterfront,9.44,1.17,Townhouse,1744,1929,3,2.5,2,2,0,1989,1989,0,6,0.98,6,830100.0
-6.1243,106.78841,Tech Corridor,11.33,0.77,Single Family,1778,3381,3,2.0,2,2,1,2004,2009,1,8,4.53,5,1010100.0
-6.23885,106.85614,Downtown / CBD,3.53,1.95,Townhouse,1238,1933,2,2.0,2,1,1,2007,2007,0,8,5.63,6,776700.0
-6.1177,106.78456,Tech Corridor,12.17,2.65,Single Family,1841,5810,4,3.0,1,1,1,2022,2022,0,4,5.46,3,854400.0
-6.3055,106.87859,South Hills,11.34,8.6,Condominium,1115,1115,2,1.0,1,0,1,1992,1992,0,4,6.7,5,403800.0
-6.21397,106.74738,West Waterfront,10.92,0.27,Condominium,1132,1132,3,1.0,1,1,1,1979,1991,1,4,4.8,5,565300.0
-6.08245,106.96077,North Suburbs,18.98,2.71,Single Family,1891,4457,4,2.0,2,2,1,2012,2012,0,4,5.05,5,852500.0
-6.2348,106.74219,West Waterfront,11.84,0.5,Townhouse,1121,1260,3,2.0,3,2,0,1977,1977,0,4,4.3,6,459500.0
-6.06465,107.03958,North Suburbs,26.83,1.27,Single Family,1919,6339,3,2.0,2,2,1,1986,2004,1,4,8.74,6,797600.0
-6.39593,106.91906,South Hills,22.31,0.93,Condominium,1220,1220,2,1.5,1,2,0,2011,2011,0,4,6.23,6,409400.0
-5.99027,106.93066,North Suburbs,26.03,2.13,Single Family,1754,4965,4,2.5,2,2,1,1978,2003,1,5,5.88,5,744500.0
-6.16227,106.84731,Downtown / CBD,5.17,0.94,Condominium,1075,1075,2,1.5,1,1,0,1978,1978,0,7,4.29,3,352900.0
-6.28152,106.87403,Downtown / CBD,8.67,5.12,Luxury Villa,3056,17802,5,4.0,2,2,1,1984,1984,0,4,4.33,7,1668900.0
-6.28659,106.91176,South Hills,11.34,1.74,Single Family,1907,3879,4,3.0,2,2,0,1989,1989,0,3,5.63,4,652900.0
-6.22341,106.832,Downtown / CBD,2.22,0.75,Single Family,1367,2548,3,3.0,2,2,1,2004,2022,1,6,4.35,6,1044400.0
-6.22215,106.72507,West Waterfront,13.46,6.94,Single Family,2027,5309,4,1.5,1,2,0,1998,2007,1,7,5.18,6,1136100.0
-6.23823,106.71785,West Waterfront,14.55,1.86,Condominium,1232,1232,2,1.5,1,2,0,1979,1979,0,5,3.41,5,455000.0
-6.08615,106.85916,North Suburbs,13.7,4.14,Luxury Villa,4704,19050,5,3.5,3,3,1,2003,2003,0,4,5.4,8,2748500.0
-6.19883,106.82629,Downtown / CBD,2.41,3.32,Townhouse,1442,1960,3,1.5,2,2,0,2022,2022,0,7,2.94,6,966900.0
-6.1797,106.69743,West Waterfront,16.76,0.7,Condominium,762,762,1,1.5,1,1,1,2001,2001,0,3,6.71,6,369400.0
-6.17666,106.81642,Tech Corridor,4.82,0.12,Single Family,2400,7868,3,2.0,2,2,0,1976,2002,1,10,5.54,5,1542500.0
-6.25147,106.87358,Downtown / CBD,5.66,2.3,Single Family,2622,9109,4,3.0,2,2,0,2007,2007,0,6,5.51,7,1521900.0
-6.17372,106.84231,Downtown / CBD,3.91,1.01,Townhouse,1741,2314,4,1.5,3,1,0,2014,2014,0,5,3.22,7,1035200.0
-6.21808,106.79808,Downtown / CBD,5.37,5.06,Single Family,2567,7576,4,2.5,2,2,1,2013,2013,0,5,5.38,5,1445500.0
-6.22116,106.85662,Downtown / CBD,1.84,7.18,Condominium,1108,1108,3,1.0,1,1,1,2006,2019,1,8,3.26,4,693100.0
-6.09804,106.80038,North Suburbs,13.28,1.09,Townhouse,2380,3112,3,2.5,3,2,0,2020,2020,0,8,5.69,6,1338400.0
-6.16148,106.82143,Tech Corridor,5.9,2.91,Condominium,1061,1061,2,1.5,1,1,1,2003,2003,0,6,2.53,8,640800.0
-6.3389,106.72585,West Waterfront,19.63,2.79,Townhouse,1294,2023,2,2.0,3,2,0,2000,2008,1,4,5.44,4,528600.0
-6.2724,106.72714,West Waterfront,14.92,1.79,Single Family,2836,7468,4,2.0,2,2,0,2007,2007,0,8,6.23,7,1701400.0
-6.19404,106.72357,Tech Corridor,13.64,3.68,Condominium,1294,1294,2,2.0,1,1,1,1986,1986,0,3,4.72,5,412200.0
-6.34244,106.9722,South Hills,20.43,6.13,Condominium,1197,1197,2,2.0,1,1,0,2012,2012,0,6,5.48,7,493500.0
-6.07042,106.88862,North Suburbs,16.09,0.22,Condominium,932,932,2,1.5,1,1,0,2018,2018,0,3,4.65,7,420800.0
-6.16577,106.80082,North Suburbs,6.89,0.51,Luxury Villa,5354,14768,4,4.0,2,4,1,1992,1992,0,6,3.43,9,3840600.0
-6.28773,106.73579,West Waterfront,15.01,9.75,Condominium,1239,1239,1,1.0,1,1,1,2008,2020,1,3,7.89,5,587800.0
-6.04808,106.87984,North Suburbs,18.24,0.1,Single Family,1827,4707,3,2.0,2,2,0,1992,1992,0,4,6.01,8,723000.0
-6.38941,106.86902,South Hills,20.22,4.67,Luxury Villa,3954,22245,4,5.0,2,4,1,1981,1981,0,3,6.41,8,1852700.0
-6.38221,106.97637,South Hills,24.11,9.69,Condominium,587,587,2,2.0,1,2,0,2019,2019,0,1,6.89,3,169700.0
-6.1184,106.98075,North Suburbs,18.05,3.09,Single Family,1845,4386,4,2.5,1,2,0,1980,1980,0,5,5.59,6,675200.0
-6.09474,106.98123,North Suburbs,19.67,5.01,Single Family,1581,4472,4,3.0,1,1,0,2000,2000,0,5,5.53,7,770000.0
-6.08669,106.81841,Tech Corridor,13.89,1.79,Townhouse,1974,2509,3,2.0,2,1,0,2014,2014,0,4,6.29,6,798200.0
-6.21504,106.85726,Downtown / CBD,1.47,0.1,Single Family,1865,5373,3,3.0,2,3,1,1994,2019,1,8,5.64,4,1444800.0
-6.30901,106.74363,West Waterfront,15.87,5.94,Condominium,1055,1055,2,1.5,1,1,1,2013,2013,0,7,6.66,5,596500.0
-6.14514,106.78579,Downtown / CBD,9.7,2.64,Single Family,1591,3643,4,1.5,1,1,0,1981,1988,1,8,5.55,4,706500.0
-6.05151,106.95797,North Suburbs,21.46,15.0,Condominium,1315,1315,2,1.0,1,1,1,2001,2001,0,4,5.52,9,487100.0
-6.19947,106.8105,Downtown / CBD,4.03,2.5,Condominium,801,801,2,1.0,1,1,0,2003,2003,0,5,4.59,7,399600.0
-6.11135,106.82846,Tech Corridor,10.98,2.65,Townhouse,1416,1941,3,1.5,3,1,0,1994,1994,0,8,2.77,8,732300.0
-6.10404,106.82531,Tech Corridor,11.84,0.78,Condominium,939,939,2,1.0,1,1,1,2000,2000,0,4,3.24,6,411800.0
-6.21627,106.83465,Downtown / CBD,1.47,1.78,Condominium,998,998,1,2.0,1,1,0,2019,2019,0,9,5.08,5,604300.0
-6.20589,106.84345,Downtown / CBD,0.4,0.64,Condominium,805,805,1,2.0,1,2,1,1991,1997,1,6,3.38,7,461100.0
-6.13313,106.87278,North Suburbs,8.92,0.6,Single Family,1285,4121,4,1.5,1,2,0,2013,2013,0,7,3.12,7,852500.0
-6.41391,106.85904,South Hills,22.82,4.2,Condominium,1504,1504,1,1.0,1,0,1,2014,2014,0,3,8.76,4,382400.0
-6.17142,106.83843,Downtown / CBD,4.23,0.13,Townhouse,1702,2550,3,2.0,2,2,0,2019,2019,0,7,5.4,6,997300.0
-5.94285,107.02617,North Suburbs,35.68,2.06,Condominium,935,935,2,2.0,1,1,0,1981,1981,0,5,7.4,6,239400.0
-6.24333,106.84674,Downtown / CBD,3.83,0.25,Condominium,898,898,1,1.0,1,0,0,1977,1993,1,6,3.11,9,444600.0
-6.26156,106.8373,Downtown / CBD,5.93,3.35,Townhouse,1356,1495,3,2.0,2,2,0,1987,2004,1,10,2.54,6,871300.0
-6.19412,106.85533,Downtown / CBD,1.96,1.31,Townhouse,1661,1959,3,2.0,3,2,0,1991,1991,0,6,3.56,9,1083700.0
-6.24706,106.82809,West Waterfront,4.67,7.77,Single Family,2313,4593,3,2.0,2,2,0,1984,2006,1,6,3.0,5,1217900.0
-6.04007,106.89236,North Suburbs,19.44,2.62,Single Family,1623,4048,3,2.0,2,1,0,2015,2015,0,4,6.5,7,794200.0
-6.05856,106.95838,North Suburbs,20.85,0.1,Condominium,1728,1728,2,1.5,1,0,0,2017,2017,0,5,5.33,5,648900.0
-6.12831,106.77258,Tech Corridor,12.06,0.95,Single Family,1900,4868,4,2.5,2,2,0,2000,2000,0,6,4.73,8,1092700.0
-6.35435,106.84772,South Hills,16.16,1.07,Single Family,1878,3830,4,2.5,2,2,0,1987,1987,0,4,2.93,6,688300.0
-6.32321,106.87563,South Hills,13.13,1.34,Single Family,2425,5631,4,2.5,1,2,0,2015,2015,0,3,4.82,7,1203300.0
-6.29681,106.74869,West Waterfront,14.53,2.96,Single Family,1352,3949,4,2.5,1,3,0,2009,2009,0,1,5.31,7,759500.0
-6.08606,106.90971,North Suburbs,15.37,0.68,Single Family,3231,8441,4,2.0,2,2,0,2003,2003,0,2,3.28,5,1039000.0
-6.25438,106.88243,Downtown / CBD,6.5,1.62,Single Family,1935,5530,2,2.0,2,3,0,2013,2013,0,10,3.67,5,1261000.0
-6.18185,106.79076,Tech Corridor,6.78,0.22,Luxury Villa,5342,17782,5,5.0,3,3,1,1985,1997,1,4,4.47,6,2904300.0
-6.2707,106.70944,West Waterfront,16.6,3.79,Single Family,1017,2126,3,1.5,1,2,1,1995,1995,0,6,4.92,5,559400.0
-6.07093,106.84982,North Suburbs,15.31,1.9,Luxury Villa,4562,13853,7,4.0,2,3,1,2007,2013,1,5,5.99,8,3049700.0
-6.21333,106.67625,West Waterfront,18.8,0.13,Townhouse,1462,2036,4,2.0,2,2,1,2017,2017,0,2,6.1,6,736400.0
-6.29722,106.96167,South Hills,16.2,1.63,Luxury Villa,3350,18402,4,3.5,2,2,1,2004,2015,1,6,6.05,9,2442200.0
-6.24511,106.88499,South Hills,5.95,0.2,Townhouse,1532,1932,3,2.0,2,1,0,1977,1983,1,4,4.66,7,651500.0
-6.07621,106.80816,Tech Corridor,15.29,1.67,Townhouse,1786,2841,4,2.5,2,1,1,2014,2014,0,1,4.72,7,753100.0
-6.12583,106.78347,Tech Corridor,11.51,1.89,Condominium,1101,1101,1,1.0,1,0,1,1990,2005,1,4,5.31,3,374100.0
-6.25646,106.74298,West Waterfront,12.56,0.85,Luxury Villa,3748,9572,4,3.5,2,4,1,1985,1985,0,6,4.68,7,2061500.0
-6.20817,106.80624,Downtown / CBD,4.37,1.57,Townhouse,1744,2558,2,2.5,3,1,1,2005,2005,0,6,5.49,6,1071500.0
-6.11836,106.80429,Tech Corridor,11.04,3.65,Condominium,1085,1085,3,2.0,1,1,0,2012,2012,0,5,4.47,5,448600.0
-6.26518,106.92297,South Hills,10.63,2.35,Single Family,2002,6823,4,1.5,1,1,0,2022,2022,0,4,6.03,7,1110000.0
-6.16052,106.86279,Tech Corridor,5.69,1.41,Single Family,2748,8476,3,2.5,2,3,0,1982,1982,0,4,6.95,6,1131300.0
-6.26818,106.71607,West Waterfront,15.82,3.29,Single Family,1957,3959,4,1.5,2,2,1,2011,2011,0,1,6.34,9,1081600.0
-6.07692,106.86287,North Suburbs,14.76,1.58,Single Family,3109,8599,3,2.0,2,1,0,2017,2017,0,6,5.55,8,1653100.0
-6.22815,106.856,Downtown / CBD,2.44,1.7,Townhouse,1784,2010,3,2.0,2,1,1,1998,1998,0,5,2.99,6,924300.0
-6.18981,106.85341,Downtown / CBD,2.28,2.76,Single Family,1069,2255,5,2.0,1,1,0,1980,1996,1,7,3.36,5,527400.0
-6.27286,106.92472,South Hills,11.3,1.18,Luxury Villa,4391,23052,5,3.5,2,2,1,2010,2010,0,4,4.54,8,3058200.0
-6.19487,106.83847,Tech Corridor,1.74,0.13,Condominium,975,975,3,1.5,1,1,0,1990,1990,0,7,4.52,5,517000.0
-6.12553,106.78181,Tech Corridor,11.64,0.1,Luxury Villa,3768,19612,5,5.0,2,3,1,1982,1982,0,5,5.04,9,2354800.0
-6.26489,107.01196,North Suburbs,19.49,3.72,Townhouse,1545,2313,3,2.0,2,2,0,1999,1999,0,6,7.18,4,530700.0
-6.09024,106.92709,North Suburbs,15.97,1.46,Condominium,716,716,2,2.0,1,0,1,2006,2006,0,3,5.36,7,310100.0
-6.14031,106.74853,Tech Corridor,13.19,7.06,Luxury Villa,6077,26656,6,4.0,2,2,1,1975,1975,0,7,6.19,10,3069100.0
-6.19768,106.79053,West Waterfront,6.24,0.54,Single Family,1756,4004,3,3.0,1,2,0,2002,2002,0,6,6.17,5,1099700.0
-6.19502,106.82304,Downtown / CBD,2.93,3.15,Condominium,915,915,2,1.0,1,1,1,2001,2001,0,6,4.58,7,538400.0
-6.37426,106.9499,South Hills,21.71,3.54,Townhouse,1253,1438,3,2.5,2,1,1,1988,1988,0,2,5.47,5,323300.0
-6.08292,106.87537,North Suburbs,14.36,1.6,Single Family,2005,6460,3,2.0,2,3,0,2005,2005,0,4,3.02,6,1005400.0
-6.37008,106.80553,South Hills,18.45,2.01,Single Family,1764,4840,3,1.5,2,2,0,2022,2022,0,6,3.54,9,1056500.0
-6.11303,106.75482,Tech Corridor,14.65,4.31,Single Family,2442,6015,5,3.0,2,2,1,1993,2001,1,3,3.5,5,974800.0
-6.22199,106.85,Downtown / CBD,1.54,0.32,Single Family,1813,3607,3,2.0,1,2,0,2013,2013,0,6,4.77,5,1089200.0
-6.15251,106.89245,Downtown / CBD,8.13,1.08,Single Family,2234,4384,5,1.5,2,2,0,2018,2018,0,2,5.52,5,956800.0
-6.26636,106.89657,South Hills,8.53,4.99,Townhouse,1537,2301,4,2.5,3,1,0,2015,2015,0,7,4.84,7,940900.0
-6.10091,106.77158,Tech Corridor,14.52,1.0,Single Family,3223,10687,2,1.5,2,3,0,2017,2017,0,4,5.71,6,1723600.0
-6.1246,106.9541,North Suburbs,15.24,0.16,Single Family,2496,7953,3,2.0,2,2,0,2009,2009,0,2,3.26,5,998000.0
-6.30723,106.87678,South Hills,11.46,0.97,Townhouse,1225,1849,3,2.0,2,2,0,2020,2020,0,2,5.74,8,693500.0
-6.16047,106.77101,Tech Corridor,9.87,2.43,Luxury Villa,4439,12656,5,6.0,2,3,1,1993,1993,0,4,4.85,8,2598800.0
-6.18745,106.88545,Downtown / CBD,5.02,1.4,Single Family,2223,5229,3,2.0,1,2,0,1988,1988,0,7,5.15,9,1387900.0
-6.27118,106.75351,West Waterfront,12.35,4.42,Condominium,1012,1012,2,1.0,1,2,0,2018,2018,0,3,6.28,7,538200.0
-6.21103,106.90302,Downtown / CBD,6.38,2.3,Single Family,1454,4219,2,2.5,2,2,0,2015,2015,0,5,3.35,5,798000.0
-6.23348,106.70763,West Waterfront,15.56,2.66,Townhouse,1104,1446,4,2.5,2,1,0,1989,1989,0,4,6.24,4,413000.0
-6.09817,106.82169,North Suburbs,12.56,2.29,Single Family,2741,7132,3,1.5,1,2,1,2017,2017,0,5,5.21,3,1167200.0
-6.39355,106.94275,South Hills,23.17,3.51,Single Family,1392,3185,3,2.0,2,3,0,2010,2010,0,4,7.18,7,651100.0
-6.42648,106.89418,South Hills,24.76,0.94,Condominium,1325,1325,2,2.0,1,1,0,1977,1998,1,2,5.58,8,482800.0
-6.3619,106.83708,South Hills,17.02,5.45,Townhouse,1425,1709,2,2.5,2,1,0,2009,2009,0,4,5.6,8,601800.0
-6.28099,106.93978,South Hills,13.17,10.76,Single Family,3106,7880,2,1.5,2,2,1,2011,2011,0,5,4.47,6,1503200.0
-6.13441,106.78876,Tech Corridor,10.39,4.57,Townhouse,2090,2303,4,1.5,2,1,1,1991,1991,0,3,2.59,5,740600.0
-6.32233,106.81534,South Hills,13.04,0.68,Luxury Villa,3317,19240,5,4.0,2,3,1,1987,1987,0,5,6.26,10,2310600.0
-6.24278,106.71849,West Waterfront,14.6,7.25,Single Family,1419,3092,4,3.0,1,2,0,2004,2016,1,4,6.01,6,807400.0
-6.19748,106.82376,Downtown / CBD,2.73,1.5,Single Family,1311,4046,3,3.0,2,2,0,1995,1995,0,5,3.19,7,782600.0
-6.1551,106.82397,Tech Corridor,6.43,4.67,Townhouse,1830,2698,4,2.0,3,2,1,1993,1993,0,6,2.34,7,973000.0
-6.25409,106.75682,West Waterfront,11.06,8.47,Condominium,786,786,1,1.0,1,0,1,2020,2020,0,5,3.93,6,491900.0
-6.17861,106.8105,Downtown / CBD,5.14,0.93,Single Family,2892,6586,5,2.0,2,2,1,1978,2000,1,9,3.88,5,1733700.0
-6.26011,106.83781,Downtown / CBD,5.76,0.18,Townhouse,1821,2598,2,2.0,3,2,0,2006,2012,1,4,3.19,5,835600.0
-6.28988,106.72032,West Waterfront,16.56,0.45,Townhouse,2245,3466,3,2.0,2,2,0,1983,1983,0,3,3.73,6,892400.0
-6.18201,106.83811,Tech Corridor,3.09,3.07,Single Family,2140,6014,4,1.5,2,3,0,1980,2016,1,3,3.67,6,1235400.0
-6.3327,106.98925,South Hills,21.06,0.1,Townhouse,1212,1882,4,2.0,2,1,0,2019,2019,0,6,6.4,6,616900.0
-6.35168,106.92682,South Hills,18.24,0.93,Single Family,2320,8045,4,3.0,2,2,0,1979,1979,0,3,6.64,5,644000.0
-6.32074,106.95153,South Hills,17.11,0.67,Single Family,1839,4558,3,2.5,2,3,1,2018,2018,0,4,5.05,6,922200.0
-6.34242,106.93556,South Hills,17.88,0.39,Condominium,1052,1052,2,1.0,1,1,0,1977,1977,0,1,4.66,5,267500.0
-6.06338,106.95746,North Suburbs,20.36,0.63,Townhouse,1840,2904,3,2.5,3,2,0,1982,1982,0,4,6.19,6,628800.0
-6.16519,106.84265,Downtown / CBD,4.85,0.1,Condominium,1433,1433,1,2.0,1,1,1,2023,2023,0,7,4.11,6,1011200.0
-6.38362,106.85799,South Hills,19.45,1.29,Townhouse,2261,2765,4,2.0,3,1,0,1993,1993,0,7,6.17,4,653600.0
-6.01816,106.87242,North Suburbs,21.37,6.38,Townhouse,1560,2198,2,2.5,2,1,0,1978,1978,0,9,5.88,5,454000.0
-6.21539,106.83514,Downtown / CBD,1.37,1.24,Single Family,2341,5393,5,2.5,2,2,0,1995,2001,1,4,3.17,9,1616700.0
-6.31507,106.90606,South Hills,13.57,1.17,Luxury Villa,4004,23497,6,4.0,2,3,1,2002,2002,0,1,5.07,10,2400500.0
-6.17295,106.7104,Tech Corridor,15.53,4.81,Townhouse,1588,1989,3,1.5,3,1,0,2022,2022,0,5,5.73,6,661200.0
-6.11759,106.75832,Tech Corridor,14.01,4.29,Townhouse,1416,1814,2,2.0,3,2,0,1987,1987,0,6,4.5,8,605300.0
-6.13587,106.78178,Tech Corridor,10.76,1.74,Single Family,1591,3737,3,2.0,1,2,0,1995,2008,1,7,3.96,7,937200.0
-6.28486,106.8371,South Hills,8.5,4.67,Single Family,1536,3052,4,3.0,2,2,0,1999,1999,0,4,3.92,6,714900.0
-6.29324,106.71801,West Waterfront,16.98,4.04,Townhouse,2149,3005,4,1.5,2,2,0,1995,1995,0,3,5.46,4,794500.0
-6.26482,106.85489,Downtown / CBD,6.3,0.73,Luxury Villa,4521,12091,4,4.0,2,3,1,2002,2002,0,3,4.28,8,2598000.0
-6.21863,106.84716,Downtown / CBD,1.1,0.1,Townhouse,1328,1754,3,2.0,2,1,0,2011,2011,0,5,4.18,5,696600.0
-6.2907,106.94269,South Hills,14.1,0.63,Single Family,1621,4971,2,3.0,1,2,1,1989,1989,0,3,5.85,7,635900.0
-6.16295,106.83784,North Suburbs,5.16,3.87,Luxury Villa,5162,18970,4,3.5,2,3,1,1981,1981,0,6,4.8,7,2889300.0
-6.22841,106.65751,West Waterfront,20.99,3.73,Luxury Villa,3734,18919,4,4.0,3,2,1,2017,2017,0,4,6.48,6,2174700.0
-6.13669,106.73254,Tech Corridor,14.88,0.49,Townhouse,2239,2792,3,2.0,3,1,0,2016,2016,0,4,3.11,8,1009500.0
-6.23598,106.71413,West Waterfront,14.9,1.9,Condominium,1146,1146,1,1.5,1,1,0,1984,2007,1,6,3.75,6,574800.0
-6.06811,106.79352,Tech Corridor,16.65,8.35,Townhouse,2205,2867,2,2.5,3,2,1,1997,2006,1,3,7.56,4,708500.0
-6.34548,106.95227,South Hills,19.24,14.7,Condominium,703,703,3,1.5,1,1,1,2021,2021,0,6,5.57,7,339400.0
-6.30869,106.76036,South Hills,14.58,1.21,Condominium,1181,1181,1,1.5,1,0,1,2003,2003,0,6,5.25,8,551600.0
-6.03468,106.90989,North Suburbs,20.6,2.5,Condominium,938,938,2,1.5,1,1,0,1997,1997,0,6,5.68,6,332300.0
-6.16539,106.89397,Downtown / CBD,7.21,0.1,Single Family,2635,7926,5,2.5,2,2,0,1979,2001,1,5,3.55,6,1534500.0
-6.05887,106.86583,Tech Corridor,16.79,0.93,Townhouse,1894,2479,4,2.0,3,2,0,1993,1993,0,4,5.3,7,730600.0
-6.17554,106.84517,Downtown / CBD,3.69,2.27,Single Family,2111,4856,4,3.0,1,2,0,1976,2002,1,3,2.93,6,1080700.0
-6.14829,106.79926,Tech Corridor,8.46,0.7,Single Family,2005,3786,3,2.5,2,1,0,2023,2023,0,4,5.66,4,969600.0
-6.01021,106.86594,North Suburbs,22.16,0.24,Luxury Villa,4054,16061,6,4.0,2,2,1,2019,2019,0,5,7.54,8,2646200.0
-6.31257,106.89125,South Hills,12.58,3.27,Single Family,2445,6741,3,2.5,2,2,0,2003,2010,1,6,5.03,6,1284400.0
-5.93839,106.84695,North Suburbs,30.02,6.95,Single Family,2749,4984,4,2.5,1,2,1,2001,2001,0,1,6.88,4,737700.0
-6.37686,106.96574,South Hills,22.93,4.1,Condominium,1177,1177,2,2.0,1,1,1,2019,2019,0,3,5.46,7,502100.0
-6.3112,106.75389,West Waterfront,15.26,2.82,Condominium,609,609,3,1.0,1,1,1,1982,1982,0,6,5.77,8,339100.0
-6.21953,106.72232,West Waterfront,13.74,1.74,Condominium,862,862,2,1.5,1,1,1,1982,2002,1,4,5.0,5,424800.0
-6.20808,106.77863,West Waterfront,7.43,5.25,Condominium,827,827,2,1.5,1,1,0,2001,2023,1,6,3.85,7,630000.0
-6.37266,106.83492,South Hills,18.23,9.08,Townhouse,1503,1731,3,2.0,2,2,0,1996,1996,0,4,4.92,5,478700.0
-6.32279,106.83946,South Hills,12.67,5.1,Townhouse,1462,2096,3,2.0,2,1,0,1994,2009,1,3,5.04,8,572000.0
-6.14654,106.82318,Downtown / CBD,7.35,1.52,Townhouse,1542,1905,3,2.5,2,2,0,2001,2001,0,6,3.36,6,712200.0
-6.28307,106.87993,South Hills,9.08,0.25,Single Family,1718,3966,4,2.0,2,2,0,2004,2004,0,5,7.19,6,866600.0
-6.24154,106.93608,South Hills,10.68,0.81,Townhouse,1634,2132,3,1.5,2,2,0,2018,2018,0,6,3.69,4,722700.0
-6.26931,106.91959,South Hills,10.61,3.6,Single Family,1763,5512,4,2.5,1,2,0,2022,2022,0,3,4.56,7,995700.0
-6.36005,106.79178,South Hills,17.82,2.18,Single Family,2190,5434,3,2.5,1,2,0,2002,2002,0,4,3.45,3,656100.0
-6.14612,106.77571,Tech Corridor,10.42,3.54,Single Family,2307,7061,3,2.0,2,3,0,2001,2013,1,4,6.74,4,1074400.0
-6.20367,106.81754,Downtown / CBD,3.17,0.55,Single Family,1935,5922,4,2.0,1,2,0,2022,2022,0,6,2.39,7,1530800.0
-6.20634,106.90995,Downtown / CBD,7.15,0.73,Single Family,1790,3935,2,3.0,2,2,0,1997,1997,0,5,5.63,6,828600.0
-6.17266,106.69254,West Waterfront,17.46,15.0,Condominium,1253,1253,1,1.5,1,0,1,2005,2005,0,6,5.76,5,527400.0
-6.07687,106.98743,North Suburbs,21.5,6.61,Single Family,2212,6122,4,2.0,1,3,0,2019,2019,0,1,5.49,7,959200.0
-6.04965,106.83017,Tech Corridor,17.75,0.79,Luxury Villa,5468,21296,7,3.5,2,2,0,2014,2014,0,5,6.28,8,2926100.0
-6.02504,106.90007,North Suburbs,21.27,5.58,Townhouse,1863,2654,3,2.0,2,1,0,1983,1983,0,3,6.34,6,529900.0
-6.09188,106.87137,North Suburbs,13.29,9.18,Townhouse,844,969,3,2.5,3,1,0,1986,1986,0,5,5.87,6,310900.0
-6.29573,106.80313,West Waterfront,10.74,1.36,Luxury Villa,3772,12507,5,5.0,2,3,1,2003,2003,0,2,2.82,10,3047600.0
-6.21783,106.84444,Downtown / CBD,1.01,0.29,Single Family,1638,3693,3,2.5,2,3,0,2007,2007,0,9,4.09,5,1141000.0
-5.97102,106.83499,North Suburbs,26.42,15.0,Condominium,845,845,2,1.0,1,1,1,1975,1975,0,6,5.55,7,239300.0
-6.19167,106.80828,Downtown / CBD,4.56,1.0,Single Family,3223,10766,3,1.5,1,1,0,2005,2005,0,6,4.04,7,1921500.0
-6.15623,106.89124,Downtown / CBD,7.73,9.05,Townhouse,1154,1804,3,2.5,2,1,0,2021,2021,0,3,3.67,4,542000.0
-6.20937,106.8283,Downtown / CBD,1.92,0.18,Single Family,1978,6832,5,2.0,1,2,0,2011,2011,0,8,3.56,6,1455000.0
-6.1438,106.7678,Tech Corridor,11.25,2.81,Townhouse,1457,1775,4,1.5,2,2,0,2006,2006,0,4,4.18,6,596700.0
-6.2015,106.84406,Downtown / CBD,0.83,0.16,Single Family,1354,3603,4,2.0,1,2,0,1975,1975,0,10,3.58,8,921600.0
-6.30442,106.98213,South Hills,18.5,8.08,Single Family,2148,5166,4,3.0,1,2,0,1984,2018,1,5,4.97,7,1020300.0
-6.18567,106.88054,Downtown / CBD,4.65,2.19,Single Family,2833,5741,4,2.0,2,1,1,2015,2015,0,9,3.37,7,1920200.0
-6.11185,106.86616,North Suburbs,11.0,1.11,Single Family,876,2202,3,2.5,2,3,1,1981,1981,0,7,2.64,7,493300.0
-6.28295,106.82753,Downtown / CBD,8.47,2.51,Single Family,2509,5568,4,2.5,2,3,0,2002,2002,0,5,5.52,5,1033400.0
-6.20842,106.8176,Downtown / CBD,3.11,1.44,Condominium,997,997,2,1.5,1,0,0,1998,1998,0,9,3.29,8,589800.0
-6.06886,106.85064,Tech Corridor,15.54,2.14,Single Family,1435,3605,3,2.5,2,3,0,1998,1998,0,3,6.04,7,683100.0
-6.15708,106.90028,North Suburbs,8.35,3.3,Luxury Villa,3686,19821,7,4.0,2,3,1,2000,2000,0,5,3.59,8,2658000.0
-6.11589,106.93398,North Suburbs,14.23,8.42,Single Family,2018,4790,4,3.0,1,2,1,1993,1993,0,7,4.68,6,863000.0
-6.10645,106.99508,North Suburbs,20.11,2.86,Condominium,875,875,2,1.5,1,0,1,1983,2004,1,6,6.32,6,351200.0
-6.1623,106.87452,Downtown / CBD,6.08,1.02,Single Family,2153,6936,3,2.0,2,2,0,2009,2009,0,4,1.35,7,1279100.0
-6.25884,106.71202,West Waterfront,15.83,0.93,Single Family,2652,6525,3,2.5,2,2,0,1997,2021,1,4,5.19,6,1622200.0
-6.09592,106.85497,Tech Corridor,12.57,2.02,Luxury Villa,4829,23816,5,4.0,3,2,1,2014,2014,0,7,6.12,8,3560600.0
-6.17709,106.79831,Downtown / CBD,6.32,0.1,Single Family,1609,3465,2,2.0,1,2,0,2023,2023,0,5,3.46,6,1049100.0
-6.08251,106.73706,Tech Corridor,18.48,0.67,Townhouse,1507,1901,2,2.5,2,1,0,2021,2021,0,6,6.2,7,729800.0
-6.17793,106.8696,Downtown / CBD,4.34,0.72,Condominium,1231,1231,1,2.0,1,1,1,2008,2017,1,3,3.88,6,675900.0
-6.07708,106.80995,Tech Corridor,15.15,0.8,Single Family,2688,6537,4,2.0,2,1,1,2022,2022,0,5,5.93,6,1497800.0
-6.31513,106.93207,South Hills,15.21,3.1,Condominium,860,860,1,2.0,1,1,1,2002,2009,1,3,5.43,9,447300.0
-6.06656,106.99955,North Suburbs,23.27,5.02,Condominium,657,657,1,1.5,1,1,0,1987,1987,0,4,7.58,6,193700.0
-6.35541,106.91087,South Hills,17.81,2.98,Condominium,651,651,2,1.0,1,0,0,2017,2017,0,1,6.7,7,251300.0
-6.12911,106.82853,Tech Corridor,9.05,6.13,Single Family,1279,3543,2,2.5,2,2,0,1978,1978,0,4,3.95,8,556100.0
-6.15487,106.8448,Downtown / CBD,5.99,0.31,Townhouse,1500,1653,3,1.5,2,1,0,1985,1985,0,5,5.14,8,742600.0
-6.21437,106.76014,Downtown / CBD,9.51,5.32,Single Family,2012,6143,3,2.5,2,1,0,2021,2021,0,8,6.33,6,1177700.0
-6.15502,106.79746,Tech Corridor,8.01,2.39,Condominium,576,576,3,1.0,1,1,1,2007,2021,1,2,3.64,6,308900.0
-6.37009,106.88556,South Hills,18.44,4.62,Single Family,1781,5345,3,2.5,1,1,0,2020,2020,0,4,5.06,4,633200.0
-6.25271,106.84318,Downtown / CBD,4.88,2.22,Condominium,824,824,2,2.0,1,1,1,1985,1985,0,4,5.16,7,439500.0
-6.11643,106.81898,Downtown / CBD,10.67,1.64,Single Family,2609,6047,3,1.5,2,2,1,1990,1990,0,5,4.52,6,1145500.0
-6.25065,106.72582,West Waterfront,14.08,2.58,Condominium,1189,1189,2,1.5,1,1,1,1989,2002,1,4,3.48,5,603300.0
-6.30249,106.70589,West Waterfront,18.67,0.1,Single Family,2401,4955,3,2.0,2,2,0,1993,1993,0,4,4.77,5,932100.0
-6.06602,106.96064,North Suburbs,20.35,0.27,Single Family,2374,5940,3,2.5,2,2,0,2021,2021,0,2,7.79,5,950600.0
-6.11179,106.78758,Tech Corridor,12.55,1.45,Single Family,1462,4790,4,1.5,2,2,1,1993,1993,0,5,5.74,5,710500.0
-6.29728,106.86123,South Hills,9.97,2.41,Single Family,2023,4832,4,2.5,2,2,0,2011,2011,0,3,5.3,4,902500.0
-6.32027,106.86288,South Hills,12.52,2.79,Townhouse,1592,2430,3,2.5,2,1,0,2000,2000,0,7,5.47,8,827200.0
-6.23335,106.84349,Downtown / CBD,2.73,0.29,Townhouse,1407,1685,4,2.5,2,2,0,1994,1994,0,6,2.97,7,840800.0
-6.2875,106.73165,West Waterfront,15.37,3.15,Townhouse,1231,1384,3,2.5,2,2,0,1988,1988,0,3,6.14,5,456500.0
-6.12705,106.86014,North Suburbs,9.22,0.23,Condominium,1013,1013,1,1.5,1,1,0,2000,2009,1,9,2.08,4,438500.0
-6.06285,106.93358,North Suburbs,18.92,0.89,Single Family,1643,3117,3,1.5,1,1,0,1987,1987,0,6,5.7,5,477300.0
-6.34531,106.66941,West Waterfront,24.74,0.55,Single Family,2139,6514,4,2.0,1,3,0,1993,2001,1,1,9.47,4,704400.0
-6.28737,106.80776,South Hills,9.68,0.75,Townhouse,1646,2479,3,2.5,2,2,0,1981,1981,0,6,8.91,10,942700.0
-6.08614,106.74603,Tech Corridor,17.54,1.39,Single Family,2479,6465,3,2.0,1,2,0,1992,2023,1,2,6.17,7,1002900.0
-6.05543,106.94393,North Suburbs,20.22,1.06,Townhouse,1385,1884,2,2.0,3,1,0,2019,2019,0,5,5.98,8,657100.0
-6.22359,106.92039,Downtown / CBD,8.46,0.1,Single Family,1793,4712,4,2.0,2,2,0,1990,1990,0,6,4.21,9,1077900.0
-6.02227,106.84906,North Suburbs,20.71,0.18,Condominium,450,450,1,1.0,1,0,0,2006,2023,1,6,5.48,7,236300.0
-6.1208,106.87933,North Suburbs,10.46,1.0,Condominium,700,700,2,2.0,1,1,1,1987,1987,0,3,2.59,9,358400.0
-6.24513,106.84117,Downtown / CBD,4.06,0.17,Single Family,2728,4951,4,2.0,2,2,0,1985,1985,0,7,2.73,7,1533700.0
-6.04833,106.96561,North Suburbs,22.24,6.66,Single Family,2034,6339,4,2.0,2,1,1,2018,2018,0,4,7.77,9,1138800.0
-6.3404,106.8894,South Hills,15.4,2.75,Townhouse,1500,2017,4,2.5,2,2,0,2002,2002,0,4,4.63,7,690100.0
-6.20305,106.8065,West Waterfront,4.39,3.65,Single Family,2171,4056,3,2.0,1,1,1,2002,2002,0,5,4.56,9,1459400.0
-6.10384,106.84653,Tech Corridor,11.65,0.11,Townhouse,1613,1853,2,2.0,2,2,0,2007,2012,1,4,4.15,8,866700.0
-6.34551,106.86971,South Hills,15.41,8.26,Single Family,2044,4365,4,2.0,2,3,1,1995,1995,0,4,4.15,5,756000.0
-6.11677,106.75371,Tech Corridor,14.44,1.73,Condominium,576,576,2,1.0,1,1,1,2014,2014,0,2,5.67,5,221300.0
-6.23878,106.78235,West Waterfront,7.77,5.07,Single Family,1644,3870,2,3.0,1,3,0,2001,2010,1,4,4.01,8,1172600.0
-6.28207,106.707,West Waterfront,17.4,3.18,Luxury Villa,5255,23536,5,4.0,2,3,1,1999,1999,0,4,2.52,7,3192000.0
-5.9832,106.96337,North Suburbs,28.25,3.36,Condominium,1159,1159,2,1.0,1,1,0,2004,2004,0,2,5.46,6,330700.0
-6.05977,106.89611,North Suburbs,17.47,0.11,Single Family,2511,5381,4,2.5,1,2,1,2000,2005,1,5,3.69,8,1194000.0
-6.22864,106.70422,West Waterfront,15.85,0.26,Townhouse,1735,2204,3,2.5,2,2,0,1985,1985,0,5,6.05,5,669400.0
-6.04348,106.89557,North Suburbs,19.17,0.52,Townhouse,1282,1729,3,2.0,3,1,0,2017,2017,0,3,5.38,6,534400.0
-6.22258,106.85089,Downtown / CBD,1.64,2.01,Single Family,1998,5985,4,2.5,2,1,1,2009,2009,0,6,3.44,6,1326400.0
-5.97088,106.98389,North Suburbs,30.55,3.42,Single Family,1499,4580,4,2.0,2,2,1,1988,2015,1,4,9.29,5,609500.0
-6.30785,106.945,South Hills,15.58,1.67,Single Family,1156,3031,4,2.5,2,2,0,2008,2008,0,6,4.51,4,529700.0
-6.14997,106.89192,North Suburbs,8.31,0.38,Townhouse,1317,1720,3,1.5,2,1,0,1985,1985,0,5,4.64,8,619400.0
-6.20334,106.85846,Downtown / CBD,1.55,0.97,Single Family,2716,5588,4,3.0,2,3,1,2004,2015,1,5,4.75,8,1994700.0
-6.33392,106.94855,South Hills,17.99,0.93,Condominium,857,857,2,1.0,1,1,0,2005,2005,0,1,6.68,5,254700.0
-6.10667,106.78115,Tech Corridor,13.4,4.68,Townhouse,1647,2309,3,2.0,3,2,1,1993,1993,0,2,7.1,7,601300.0
-6.21952,106.74634,West Waterfront,11.08,4.89,Single Family,3581,8415,2,3.0,1,3,0,1998,2008,1,6,5.02,3,1655000.0
-6.27288,106.66829,West Waterfront,20.93,2.41,Single Family,2819,5252,5,2.0,2,2,0,2015,2015,0,2,8.07,3,947900.0
-6.2663,106.82538,West Waterfront,6.77,3.05,Single Family,2147,5549,4,3.0,1,1,0,1988,2010,1,6,3.92,6,1274100.0
-5.95918,106.98711,North Suburbs,31.85,1.04,Condominium,1375,1375,3,1.0,1,2,1,1975,1975,0,1,8.88,5,294300.0
-6.2687,106.70171,West Waterfront,17.3,2.72,Single Family,1999,5249,3,2.0,1,2,1,1975,1975,0,8,6.41,7,997200.0
-6.15935,106.9507,North Suburbs,12.89,2.07,Single Family,2146,5700,3,3.0,2,2,1,1987,2004,1,6,6.48,6,1159300.0
-5.99131,106.99807,North Suburbs,29.48,2.44,Single Family,2173,5760,4,2.5,2,3,0,1980,2009,1,2,6.8,6,695900.0
-6.36184,106.89598,South Hills,17.88,1.35,Luxury Villa,2784,15730,5,5.0,3,2,1,2010,2010,0,4,6.62,7,1901400.0
-6.12572,106.78702,Tech Corridor,11.28,4.52,Townhouse,1361,1887,4,2.5,3,1,0,2002,2012,1,5,2.63,8,675000.0
-6.26394,106.72031,West Waterfront,15.19,6.52,Townhouse,1807,2638,3,2.5,3,1,1,1978,2003,1,7,7.39,6,1054500.0
-6.02109,106.91405,North Suburbs,22.18,15.0,Townhouse,1497,2091,3,2.0,2,1,0,2005,2005,0,4,4.89,5,460100.0
-6.13581,106.80639,Tech Corridor,9.2,3.36,Luxury Villa,3335,16557,5,4.0,3,3,1,2022,2022,0,5,3.09,6,2230500.0
-6.36878,106.8981,South Hills,18.69,2.5,Townhouse,1492,2085,3,2.0,2,1,0,1986,2016,1,5,4.38,5,647600.0
-6.0653,106.87847,North Suburbs,16.34,0.11,Single Family,1593,4191,4,2.5,2,2,1,1985,1985,0,7,5.69,5,656300.0
-6.30571,106.68643,West Waterfront,20.68,0.11,Single Family,2698,8931,4,2.5,2,2,1,2022,2022,0,4,7.96,7,1894300.0
-6.16647,106.99591,North Suburbs,17.33,3.31,Single Family,2960,6240,4,3.0,2,3,0,2007,2007,0,5,4.26,4,1187800.0
-6.19624,107.02227,North Suburbs,19.66,1.97,Single Family,1957,4857,4,2.0,1,2,1,1998,1998,0,3,5.82,8,1028900.0
-6.27776,106.94876,South Hills,13.77,1.2,Single Family,2169,4614,4,3.0,2,2,0,1996,2001,1,4,3.47,3,689900.0
-6.19796,106.84419,Downtown / CBD,1.21,1.02,Townhouse,1387,1863,3,2.0,3,2,0,2004,2004,0,7,5.0,7,919700.0
-6.29824,106.7064,West Waterfront,18.37,0.26,Single Family,2593,7329,4,2.0,1,1,0,1979,1979,0,2,6.47,4,809300.0
-6.15662,106.83077,Tech Corridor,6.02,4.94,Condominium,1131,1131,2,2.0,1,0,0,2023,2023,0,8,3.12,4,561400.0
-6.27656,106.69121,West Waterfront,18.72,0.99,Townhouse,1753,1991,3,2.5,3,1,1,1977,1977,0,4,4.18,5,644400.0
-6.07615,107.02257,North Suburbs,24.55,0.95,Single Family,1988,4987,4,2.0,2,2,1,1987,1998,1,5,5.86,8,905300.0
-6.03177,106.90343,North Suburbs,20.67,4.75,Condominium,909,909,1,1.0,1,1,1,2023,2023,0,5,6.37,6,408000.0
-6.13039,106.8088,Tech Corridor,9.61,0.92,Single Family,2619,8323,3,2.5,1,2,1,1998,1998,0,4,3.33,6,1357700.0
-6.29014,106.7219,West Waterfront,16.43,0.53,Townhouse,1989,3146,4,2.0,2,1,0,2021,2021,0,2,5.0,7,1080200.0
-6.16452,106.82035,Tech Corridor,5.66,1.66,Single Family,2753,5053,3,3.0,2,2,1,1985,1985,0,7,3.57,7,1445400.0
-5.9484,106.95813,North Suburbs,31.49,2.88,Townhouse,1181,1381,3,1.5,3,2,1,2016,2016,0,1,4.87,7,435700.0
-6.11507,106.80286,Tech Corridor,11.43,0.71,Single Family,2329,7784,3,1.5,2,2,0,2007,2020,1,4,4.25,6,1311800.0
-6.03725,106.93562,North Suburbs,21.5,5.04,Single Family,2892,6518,3,1.5,2,3,1,1981,1981,0,3,3.7,6,912900.0
-6.24935,106.74876,West Waterfront,11.65,0.78,Condominium,829,829,3,1.0,1,0,1,2020,2020,0,6,3.79,6,557100.0
-6.344,106.89211,South Hills,15.87,1.23,Townhouse,1816,2556,3,2.0,3,2,1,1979,2018,1,5,7.84,8,1081100.0
-6.22316,106.86086,Downtown / CBD,2.33,0.47,Single Family,1726,3156,3,1.5,1,1,0,2019,2019,0,6,6.1,4,842900.0
-6.30785,106.70428,West Waterfront,19.16,2.44,Townhouse,1381,2183,3,2.5,2,1,1,2008,2008,0,2,5.77,7,720200.0
-6.08871,106.99017,North Suburbs,20.86,0.91,Single Family,1854,4846,3,2.0,1,2,1,1982,1982,0,2,3.57,5,535100.0
-6.09172,106.81985,Tech Corridor,13.31,4.81,Townhouse,1635,2590,3,2.0,2,2,1,1976,1976,0,4,6.85,4,513100.0
-6.36316,106.88266,South Hills,17.62,1.57,Luxury Villa,3827,11724,6,4.0,2,4,0,1989,1989,0,3,6.3,7,1577300.0
-6.25404,106.70225,West Waterfront,16.69,7.71,Single Family,2273,5457,2,2.0,1,3,0,2019,2019,0,3,6.07,5,1140100.0
-6.32227,106.70153,West Waterfront,20.36,1.78,Luxury Villa,2044,6561,4,6.0,3,3,1,2007,2007,0,1,7.5,9,1228500.0
-6.14274,106.83575,Tech Corridor,7.41,1.14,Condominium,697,697,1,1.0,1,1,0,2012,2012,0,5,3.43,7,346500.0
-6.14249,106.9102,North Suburbs,10.28,10.62,Single Family,1763,5429,3,2.0,2,1,0,1976,1976,0,8,5.31,6,685500.0
-6.28889,106.86477,South Hills,9.14,2.2,Townhouse,1619,2047,3,1.5,3,1,0,1985,1985,0,3,5.85,7,653600.0
-6.11786,106.8247,Tech Corridor,10.36,5.31,Single Family,2099,6272,2,2.5,2,2,0,1982,1982,0,8,5.99,6,905200.0
-6.12556,106.70691,Tech Corridor,17.95,0.83,Single Family,2027,6337,5,2.5,1,2,0,2003,2017,1,4,5.1,6,1062900.0
-6.22473,106.89407,Downtown / CBD,5.66,0.22,Townhouse,1576,2070,3,2.0,2,2,0,1997,1997,0,8,6.47,6,790600.0
-6.2692,106.71526,West Waterfront,15.95,5.38,Single Family,2566,6353,3,3.0,2,2,0,1979,1979,0,2,5.26,5,902300.0
-6.08258,106.79983,Tech Corridor,14.9,3.78,Single Family,1739,4496,5,2.0,2,2,0,2023,2023,0,5,5.12,7,997500.0
-6.25677,106.68018,West Waterfront,19.12,0.3,Condominium,858,858,2,1.5,1,1,1,2004,2004,0,4,6.49,8,536900.0
-6.23655,106.76564,West Waterfront,9.39,3.42,Luxury Villa,3593,15302,5,3.5,2,2,1,2014,2014,0,9,3.09,8,3482900.0
-6.16596,106.98007,North Suburbs,15.67,3.93,Townhouse,1815,2515,3,1.5,2,1,0,2019,2019,0,4,2.23,6,780200.0
-6.161,106.9018,Downtown / CBD,8.19,0.45,Townhouse,1678,2448,3,2.0,2,2,0,2020,2020,0,6,6.89,6,948300.0
-6.2787,106.90148,South Hills,9.93,1.74,Townhouse,1709,2325,3,2.0,2,2,0,1984,1984,0,8,4.42,4,610500.0
-6.3252,106.71991,West Waterfront,19.02,0.44,Single Family,3201,7208,3,2.5,1,2,1,1989,1989,0,1,4.84,6,1289500.0
-6.25949,106.6664,West Waterfront,20.67,4.56,Condominium,673,673,2,1.0,1,0,0,2000,2000,0,3,5.49,6,250500.0
-6.22835,106.92299,Downtown / CBD,8.86,12.04,Single Family,1995,5872,3,2.5,2,2,1,1984,1984,0,5,4.39,5,756200.0
-6.26534,106.67127,West Waterfront,20.34,1.01,Condominium,482,482,2,2.0,1,1,1,2019,2019,0,3,7.1,6,294000.0
-6.21654,106.8247,Tech Corridor,2.47,1.37,Single Family,1830,5925,3,1.5,1,2,1,1975,2015,1,9,3.99,6,1549800.0
-6.23125,106.87344,Downtown / CBD,3.97,0.61,Single Family,1683,4258,4,2.0,2,2,0,2017,2017,0,7,4.85,9,1324700.0
-6.36307,106.72982,West Waterfront,21.41,4.44,Single Family,1271,3856,2,3.0,2,1,0,2022,2022,0,4,6.47,7,783600.0
-6.39069,106.947,South Hills,23.12,0.19,Condominium,832,832,2,1.0,1,0,0,2023,2023,0,2,6.12,6,283600.0
-6.10822,106.76337,Tech Corridor,14.42,5.06,Single Family,2575,6064,3,2.0,1,3,0,1977,1977,0,6,5.52,6,929500.0
-6.2032,106.87486,Downtown / CBD,3.31,0.72,Single Family,2232,5426,4,2.0,2,2,0,1991,2008,1,6,2.07,3,1160200.0
-6.19937,106.83108,Downtown / CBD,1.92,1.36,Condominium,1267,1267,1,2.0,1,0,1,2022,2022,0,6,2.68,6,786600.0
-6.14792,106.82688,Tech Corridor,7.07,0.1,Single Family,2101,4483,4,1.5,2,2,0,1983,1983,0,4,3.85,8,988900.0
-6.16261,106.75573,Tech Corridor,11.22,1.32,Single Family,2363,5168,5,2.0,2,2,0,2005,2012,1,6,2.89,6,1404400.0
-6.05364,106.89988,North Suburbs,18.25,0.63,Townhouse,1546,2306,4,2.0,2,1,0,1988,2011,1,4,5.82,8,647000.0
-6.2169,106.86417,Downtown / CBD,2.25,2.12,Condominium,954,954,2,2.0,1,0,1,2021,2021,0,7,2.88,5,644400.0
-6.06624,106.93497,North Suburbs,18.68,0.97,Luxury Villa,4857,19432,5,4.0,3,3,1,2010,2010,0,4,4.52,8,2529200.0
-6.25641,106.73937,West Waterfront,12.92,2.44,Condominium,1132,1132,3,1.5,1,2,1,2005,2019,1,4,4.63,5,676300.0
-6.22359,106.73794,West Waterfront,12.06,0.1,Condominium,620,620,2,1.0,1,1,0,1976,2006,1,4,1.94,6,340700.0
-6.12853,106.82487,Tech Corridor,9.2,0.45,Single Family,2036,6426,3,2.0,2,2,1,1989,2017,1,2,4.59,9,1358600.0
-6.17655,106.78613,Tech Corridor,7.51,0.1,Condominium,834,834,3,2.0,1,1,0,2006,2006,0,6,3.36,8,464400.0
-6.10817,106.75571,Tech Corridor,14.98,1.69,Single Family,957,2202,4,2.5,2,3,0,2014,2014,0,6,4.73,6,606600.0
-6.19386,106.89695,Downtown / CBD,5.94,1.51,Single Family,1978,3979,4,2.5,2,2,0,1997,1997,0,3,6.09,7,945800.0
-6.18235,106.73786,Tech Corridor,12.31,2.98,Single Family,1787,4488,5,2.0,2,2,1,2007,2007,0,4,3.84,6,820200.0
-6.22213,106.84622,Downtown / CBD,1.48,0.42,Townhouse,1500,1782,3,2.0,3,2,1,1993,2021,1,5,3.14,5,947200.0
-6.22865,106.86267,Downtown / CBD,2.91,0.1,Single Family,2226,5873,2,2.0,1,3,1,1985,1985,0,3,5.77,5,946300.0
-6.13573,106.85736,North Suburbs,8.21,0.74,Single Family,1741,5006,2,2.5,2,3,0,2011,2011,0,6,4.01,6,1058200.0
-6.3552,106.98127,South Hills,22.15,2.26,Single Family,2651,5533,3,2.0,2,2,0,2022,2022,0,4,6.07,6,1194400.0
-6.21441,106.83111,Downtown / CBD,1.72,0.35,Townhouse,1552,2159,2,2.5,3,2,1,1996,1996,0,5,4.97,6,845200.0
-6.11609,106.83756,Tech Corridor,10.33,1.01,Condominium,926,926,3,2.0,1,0,0,1980,1980,0,3,6.64,8,398300.0
-6.25529,106.6856,West Waterfront,18.49,1.75,Townhouse,1465,2310,4,2.0,3,1,1,2019,2019,0,6,4.55,8,1070600.0
-6.25169,106.69238,West Waterfront,17.66,4.09,Luxury Villa,5451,24983,7,5.0,2,3,1,2012,2012,0,5,5.56,10,4445000.0
-6.02107,107.01508,North Suburbs,28.07,8.08,Single Family,1792,5281,2,1.5,2,2,1,2008,2008,0,2,4.58,5,576400.0
-6.04126,106.87557,North Suburbs,18.89,0.59,Single Family,1850,3473,3,2.5,2,2,0,2007,2007,0,5,5.7,8,897000.0
-6.0999,106.84854,North Suburbs,12.09,0.47,Luxury Villa,4005,14713,5,3.5,2,3,1,1977,1985,1,7,4.97,9,2435300.0
-6.32397,106.88097,South Hills,13.37,14.67,Single Family,2633,6886,4,2.0,2,3,0,2018,2018,0,4,7.86,8,1335400.0
-6.25447,106.9362,South Hills,11.26,11.2,Single Family,3029,6065,4,2.5,2,2,0,2017,2017,0,5,5.04,6,1318600.0
-6.29741,106.79231,West Waterfront,11.48,5.77,Luxury Villa,5158,30645,5,3.5,2,3,1,1976,2016,1,5,5.18,9,4522400.0
-6.03841,106.99639,North Suburbs,25.26,2.07,Single Family,3193,7444,2,2.5,1,2,1,2012,2012,0,3,5.93,5,1120700.0
-6.06886,106.91097,North Suburbs,17.14,4.7,Townhouse,1664,2109,3,2.5,3,2,0,1992,1992,0,5,5.89,5,562800.0
-6.30355,106.70021,West Waterfront,19.26,0.1,Single Family,2013,4544,3,1.5,2,2,0,2004,2004,0,1,6.01,8,976100.0
-6.22267,106.80019,Downtown / CBD,5.27,3.23,Single Family,2245,4627,4,2.0,2,2,0,2006,2013,1,6,4.26,7,1504900.0
-6.28873,106.71035,West Waterfront,17.44,2.11,Townhouse,1330,1906,2,1.5,2,1,0,1975,1975,0,4,5.28,6,479800.0
-6.04013,106.92634,North Suburbs,20.76,2.71,Single Family,1972,6033,3,3.0,1,2,0,1985,1985,0,4,4.97,3,566600.0
-6.24935,106.86594,Downtown / CBD,5.04,2.07,Townhouse,1691,2057,3,2.0,2,1,0,2000,2000,0,4,3.02,8,844900.0
-6.2124,106.76706,West Waterfront,8.73,0.47,Luxury Villa,3655,18308,5,4.0,2,2,1,2007,2016,1,5,7.52,9,3387200.0
-6.39937,106.90931,South Hills,22.3,2.66,Single Family,2695,8938,4,2.0,2,2,0,2012,2012,0,2,6.35,6,1123900.0
-6.19466,106.80245,Downtown / CBD,5.04,1.47,Condominium,680,680,3,1.5,1,1,0,1988,2021,1,3,5.8,5,349700.0
-6.28976,106.91443,South Hills,11.79,0.13,Townhouse,1870,2843,3,2.5,2,1,1,2008,2021,1,4,6.18,6,1039100.0
-6.09085,106.8493,North Suburbs,13.1,0.47,Single Family,2556,4648,3,2.5,2,2,0,1991,2000,1,8,5.33,6,1265500.0
-6.26994,106.84761,Downtown / CBD,6.79,0.31,Townhouse,1483,1777,3,1.5,2,1,0,1982,1982,0,3,6.0,6,511000.0
-6.10896,106.85405,Tech Corridor,11.12,0.1,Condominium,1001,1001,2,1.0,1,1,0,2012,2012,0,6,4.6,5,412000.0
-6.14684,106.77237,Tech Corridor,10.65,2.7,Condominium,1122,1122,2,1.0,1,1,1,2020,2020,0,6,4.61,5,522400.0
-6.12362,106.71977,Tech Corridor,16.87,2.94,Townhouse,1306,1534,2,2.0,2,2,1,2008,2019,1,5,5.13,5,565000.0
-6.22035,106.85747,Downtown / CBD,1.84,1.5,Single Family,3027,8534,4,3.0,2,2,0,2000,2000,0,8,3.22,8,2258300.0
-5.94986,106.93848,North Suburbs,30.54,0.47,Condominium,1015,1015,3,1.0,1,1,1,1989,1989,0,4,6.32,9,370000.0
-6.12792,106.79831,Tech Corridor,10.4,0.34,Luxury Villa,4392,24430,7,4.0,2,3,1,1992,1992,0,7,3.68,7,2725200.0
-6.3238,106.89388,South Hills,13.84,0.26,Single Family,1753,5423,2,3.0,1,3,0,2021,2021,0,4,4.62,8,975700.0
-6.2328,106.9406,South Hills,10.88,0.82,Luxury Villa,4786,12592,4,3.5,2,3,1,1994,2018,1,3,2.8,9,3273000.0
-6.22836,106.83162,Downtown / CBD,2.67,0.93,Townhouse,1643,2347,2,1.5,2,1,0,1985,1985,0,7,4.59,8,905600.0
-6.11156,106.89855,North Suburbs,12.29,5.31,Townhouse,1976,2292,2,2.5,2,1,0,2003,2012,1,7,6.19,4,759900.0
-6.06014,106.83722,North Suburbs,16.53,5.18,Single Family,1729,4561,3,3.0,2,2,0,2013,2013,0,3,4.51,7,807800.0
-6.21147,106.8067,Downtown / CBD,4.33,4.04,Luxury Villa,2182,7486,5,4.0,3,4,1,2001,2001,0,7,3.08,6,1515400.0
-6.12369,106.84908,North Suburbs,9.46,1.37,Single Family,2672,5687,3,2.5,2,1,0,1995,1995,0,4,4.37,4,967700.0
-6.19724,106.85881,Downtown / CBD,1.95,0.1,Single Family,1621,4794,4,2.0,2,2,0,2017,2017,0,5,3.65,8,1220100.0
-6.18911,106.82784,Tech Corridor,2.94,1.01,Luxury Villa,3899,17582,5,4.0,3,4,1,2016,2016,0,8,7.32,9,3964000.0
-6.2299,106.8203,Downtown / CBD,3.66,1.09,Single Family,1714,4672,2,2.5,2,2,1,1989,1989,0,6,2.97,7,1070500.0
-6.19872,106.82191,Tech Corridor,2.86,0.92,Townhouse,1432,1593,4,2.0,2,1,0,2002,2012,1,7,4.62,5,816100.0
-6.14696,106.89828,North Suburbs,9.02,2.12,Townhouse,777,1172,4,1.5,2,2,0,1984,2023,1,4,4.95,8,507400.0
-6.09785,106.92143,North Suburbs,14.92,0.33,Townhouse,1795,2599,3,2.0,2,1,0,2015,2015,0,7,4.27,5,823800.0
-6.14531,106.72235,Tech Corridor,15.39,3.2,Condominium,965,965,3,2.0,1,1,0,2021,2021,0,1,6.65,6,421800.0
-6.26284,106.64886,West Waterfront,22.65,4.56,Condominium,932,932,3,1.0,1,0,0,2000,2012,1,3,6.92,6,347800.0
-6.11058,106.90072,North Suburbs,12.5,0.91,Single Family,2596,7795,4,3.0,2,2,1,1987,1997,1,5,5.79,9,1389200.0
-6.44011,106.90572,South Hills,26.53,2.19,Townhouse,1695,2248,3,2.5,2,2,0,2021,2021,0,1,5.76,7,632200.0
-6.21617,106.81373,Downtown / CBD,3.63,4.22,Single Family,1795,6144,3,2.5,2,2,1,2014,2014,0,4,2.79,7,1270200.0
-6.16345,106.76873,Tech Corridor,9.91,3.15,Single Family,2332,6474,2,2.0,1,2,1,1991,1991,0,5,5.01,7,1198100.0
-6.12454,106.95005,North Suburbs,14.9,2.71,Townhouse,450,579,4,2.0,3,1,1,1977,2009,1,5,5.36,8,339200.0
-6.30034,106.77525,West Waterfront,12.82,2.05,Condominium,834,834,3,1.5,1,0,0,2000,2000,0,4,4.8,7,447700.0
-6.24214,106.71931,West Waterfront,14.5,1.76,Townhouse,1053,1517,3,2.5,2,1,0,2017,2017,0,6,5.27,6,752700.0
-6.18507,106.87877,Downtown / CBD,4.53,0.36,Single Family,1506,4215,3,2.0,2,2,0,1985,1985,0,7,5.48,4,759400.0
-6.36182,106.86935,South Hills,17.19,4.49,Single Family,2661,9022,5,2.5,2,3,0,2017,2017,0,3,5.69,7,1335300.0
-6.16601,106.64264,West Waterfront,23.02,10.4,Condominium,913,913,2,1.5,1,0,1,1986,1986,0,4,6.82,6,343600.0
-6.2534,106.75159,West Waterfront,11.55,0.93,Luxury Villa,4399,11834,5,4.0,2,2,1,2021,2021,0,7,3.7,7,3409500.0
-6.24562,106.81537,West Waterfront,5.29,0.1,Luxury Villa,4826,12351,4,3.5,2,2,0,2014,2014,0,6,3.63,3,2387100.0
-6.31744,106.65367,West Waterfront,24.48,0.78,Single Family,1839,5273,3,2.0,2,2,0,2005,2005,0,4,7.67,7,1063500.0
-6.23638,106.83828,Downtown / CBD,3.17,3.04,Luxury Villa,4935,14612,6,5.0,2,2,1,2019,2019,0,5,3.97,8,4058800.0
-6.29798,106.81613,South Hills,10.43,2.14,Townhouse,1858,2426,3,2.0,2,1,0,1982,1982,0,6,7.12,4,608000.0
-6.0923,106.76935,Tech Corridor,15.45,0.76,Condominium,955,955,1,1.5,1,1,1,2003,2014,1,5,3.49,7,487100.0
-6.37184,106.89577,South Hills,18.94,2.81,Single Family,1786,5292,2,1.5,1,1,0,2022,2022,0,6,7.33,6,869900.0
-6.2155,106.81591,Downtown / CBD,3.38,0.72,Condominium,865,865,1,1.0,1,0,1,1989,1989,0,5,2.28,4,295600.0
-6.1912,106.85414,Tech Corridor,2.17,0.35,Townhouse,1838,2869,2,2.0,2,1,1,2005,2005,0,9,1.98,8,1484300.0
-6.28981,106.86343,South Hills,9.21,0.5,Single Family,1469,2795,3,2.5,1,2,1,1993,2005,1,6,4.17,8,901200.0
-6.21031,106.83979,Downtown / CBD,0.67,11.53,Townhouse,1483,2365,3,2.5,2,1,1,1990,1990,0,4,5.01,5,630700.0
-6.22841,106.78349,West Waterfront,7.23,2.69,Townhouse,1815,2592,3,2.0,2,1,0,2021,2021,0,8,2.74,7,1330700.0
-6.30966,106.72806,West Waterfront,17.19,1.97,Single Family,1719,5252,4,2.0,2,1,1,1982,1982,0,5,5.29,4,710100.0
-6.04787,107.01342,North Suburbs,25.81,1.6,Single Family,2798,9580,3,1.5,1,2,0,2002,2002,0,4,5.55,7,1084600.0
-6.3043,106.88527,South Hills,11.48,2.13,Single Family,1408,3509,3,2.0,2,2,0,2008,2008,0,4,5.59,6,704000.0
-6.21846,106.65857,West Waterfront,20.79,5.95,Townhouse,1493,2349,3,2.0,2,2,1,2009,2009,0,5,7.11,4,670500.0
-6.2792,106.70998,West Waterfront,16.96,3.99,Townhouse,1403,1791,4,2.0,2,2,0,2000,2000,0,5,5.9,8,806500.0
-6.2251,106.91171,South Hills,7.56,1.11,Single Family,1957,6083,3,2.0,2,2,1,2006,2006,0,7,4.37,5,1209200.0
-6.18126,106.87061,Downtown / CBD,4.13,5.42,Condominium,1112,1112,2,2.0,1,1,1,1983,1983,0,6,4.82,5,490600.0
-6.06188,106.87831,North Suburbs,16.71,3.48,Condominium,1402,1402,1,1.0,1,0,1,1976,1976,0,4,4.65,7,418900.0
-6.07602,106.89122,North Suburbs,15.58,5.31,Condominium,1273,1273,1,2.0,1,1,1,2000,2006,1,5,5.22,7,563400.0
-6.25601,106.68954,West Waterfront,18.1,6.97,Townhouse,1732,2387,3,2.0,3,2,0,1987,2021,1,3,6.8,6,758000.0
-6.11517,106.81985,Tech Corridor,10.78,1.7,Single Family,3266,7386,5,2.0,1,1,0,1978,2019,1,6,5.35,4,1499900.0
-6.16672,106.86476,Downtown / CBD,5.13,1.04,Townhouse,1262,1472,2,2.5,3,2,0,1975,1975,0,8,5.4,5,542700.0
-6.24733,106.67699,West Waterfront,19.2,1.88,Single Family,2885,6423,3,2.0,2,2,0,2019,2019,0,5,3.83,8,1939400.0
-6.16549,106.95964,North Suburbs,13.54,0.7,Townhouse,1826,2820,3,2.0,2,2,0,1982,1982,0,4,5.78,5,559800.0
-6.11553,106.80508,Tech Corridor,11.29,0.42,Single Family,2109,4504,3,2.5,2,1,0,2019,2019,0,5,5.26,5,1044600.0
-6.15762,106.94002,North Suburbs,11.92,3.23,Single Family,1761,4863,3,2.0,2,3,1,1986,2017,1,8,2.85,6,1140900.0
-6.23904,106.86108,Downtown / CBD,3.77,0.11,Single Family,2774,8946,4,2.5,1,2,0,2023,2023,0,4,4.47,5,1457700.0
-6.20912,106.76712,Tech Corridor,8.71,0.57,Single Family,2850,7616,4,2.0,2,2,0,2004,2011,1,6,5.56,7,1855400.0
-6.13138,106.91912,North Suburbs,11.85,12.56,Single Family,2016,4274,4,2.5,2,1,1,2005,2005,0,6,6.61,8,1129600.0
-6.08049,106.92133,North Suburbs,16.54,0.24,Single Family,1595,3520,4,2.5,1,1,1,1989,2019,1,5,3.95,7,937900.0
-6.1065,106.83761,Tech Corridor,11.39,0.7,Single Family,1336,2855,4,2.5,1,2,0,1978,1978,0,4,3.47,8,574800.0
-6.23377,106.88737,Downtown / CBD,5.4,5.59,Single Family,2369,6578,2,2.0,1,2,1,2019,2019,0,6,4.39,6,1360400.0
-6.11615,106.81182,North Suburbs,10.95,0.1,Condominium,562,562,1,2.0,1,1,1,2022,2022,0,7,3.76,6,347200.0
-6.33662,106.87681,South Hills,14.6,1.75,Single Family,2483,4480,4,2.5,2,2,0,2017,2017,0,5,3.23,6,1105200.0
-6.32628,106.79489,West Waterfront,14.2,0.74,Single Family,2267,7605,4,2.5,2,1,0,1992,2011,1,6,3.89,6,1493200.0
-6.23061,106.82725,Downtown / CBD,3.16,4.86,Condominium,1237,1237,1,1.0,1,1,1,2014,2014,0,8,3.31,5,693600.0
-6.19957,106.86099,Downtown / CBD,1.99,0.32,Townhouse,1109,1619,3,1.5,3,1,0,1991,1991,0,6,3.31,6,558600.0
-6.3316,106.99333,South Hills,21.32,0.63,Condominium,1210,1210,3,1.5,1,1,0,1995,2011,1,3,4.33,5,395800.0
-6.35273,106.85972,South Hills,16.05,1.19,Single Family,1579,5406,3,2.0,2,3,0,1980,1980,0,2,4.39,6,488300.0
-6.19808,106.75006,West Waterfront,10.67,2.98,Single Family,2392,5013,4,3.0,2,2,1,1983,1983,0,3,5.86,5,1090000.0
-6.18271,106.82622,Downtown / CBD,3.61,2.93,Single Family,2809,8434,3,2.5,2,2,0,2003,2003,0,7,1.95,5,1640300.0
-6.04455,106.89113,North Suburbs,18.92,1.06,Single Family,2984,8298,4,2.0,2,1,0,2002,2002,0,7,4.33,6,1357300.0
-6.16868,106.77465,Tech Corridor,9.05,2.53,Condominium,1100,1100,1,1.5,1,0,1,1998,2012,1,4,5.34,7,566100.0
-6.24329,106.75202,West Waterfront,11.07,1.72,Townhouse,1764,2800,3,1.5,2,1,0,1994,1994,0,4,6.63,6,812200.0
-6.26164,106.67664,West Waterfront,19.65,4.21,Condominium,1016,1016,2,1.5,1,0,0,2004,2014,1,2,6.07,8,480600.0
-6.19908,106.82731,Downtown / CBD,2.3,0.1,Townhouse,1878,2197,3,1.5,2,1,0,1993,1993,0,7,5.78,5,916100.0
-6.22141,106.84264,Downtown / CBD,1.44,3.83,Condominium,1312,1312,2,1.0,1,0,1,1987,2001,1,4,3.84,8,786500.0
-6.02702,106.9937,North Suburbs,26.03,9.98,Townhouse,1740,2127,2,2.5,2,2,1,1981,1981,0,3,8.11,7,498700.0
-6.23825,106.88199,Downtown / CBD,5.2,0.61,Single Family,3221,7797,3,2.5,2,3,0,1987,1996,1,8,5.39,7,1880000.0
-6.33274,106.87576,South Hills,14.16,8.47,Townhouse,1639,2011,3,1.5,2,2,0,2023,2023,0,4,3.22,5,682200.0
-6.22692,106.88241,Downtown / CBD,4.55,1.32,Condominium,851,851,1,2.0,1,1,1,1979,1979,0,7,4.22,7,404700.0
-6.04969,106.90822,North Suburbs,18.98,0.61,Single Family,2482,5794,4,2.0,1,3,0,2017,2017,0,5,6.01,7,1149000.0
-6.27676,106.78768,West Waterfront,9.91,0.69,Luxury Villa,3877,20391,6,5.0,2,2,1,1975,1975,0,3,5.71,10,2179100.0
-6.19313,106.7567,West Waterfront,10.02,0.15,Single Family,2270,4813,3,2.5,2,3,0,2023,2023,0,5,3.14,6,1635200.0
-6.29775,106.84828,South Hills,9.88,0.65,Townhouse,2005,2356,3,2.5,3,1,0,2019,2019,0,5,5.68,7,1083400.0
-6.1525,106.817,Downtown / CBD,7.01,11.92,Condominium,922,922,1,1.0,1,1,0,1985,2007,1,6,4.77,6,415000.0
-6.21381,106.83784,Downtown / CBD,1.03,0.47,Single Family,1877,6371,4,3.0,2,2,0,1976,1976,0,7,5.81,6,911400.0
-6.20736,106.8919,Downtown / CBD,5.14,0.15,Condominium,491,491,1,2.0,1,0,0,1988,1988,0,5,4.0,8,254100.0
-6.27971,106.74854,West Waterfront,13.34,0.22,Luxury Villa,3669,15558,7,4.0,2,3,1,1981,1981,0,7,5.32,7,2102500.0
-6.36867,106.9483,South Hills,21.09,15.0,Condominium,682,682,2,1.0,1,1,1,1993,1999,1,4,4.95,6,235600.0
-6.04944,106.81598,North Suburbs,17.99,3.35,Condominium,609,609,3,2.0,1,2,0,2021,2021,0,3,6.7,8,329500.0
-6.30642,106.65695,West Waterfront,23.58,1.78,Townhouse,1160,1772,3,2.5,2,2,0,2002,2002,0,3,5.53,7,553000.0
-6.22028,106.71158,West Waterfront,14.93,0.11,Townhouse,1006,1244,3,2.0,3,1,1,2023,2023,0,5,5.64,5,576500.0
-5.92114,106.93317,North Suburbs,33.38,0.77,Single Family,1748,5684,5,2.5,1,2,1,1976,1976,0,5,5.96,6,563200.0
-6.18441,106.85362,Downtown / CBD,2.85,1.11,Single Family,3079,7693,4,2.5,2,1,0,1980,1980,0,7,4.43,6,1403300.0
-6.32616,106.94066,South Hills,16.76,2.92,Townhouse,1892,2227,4,1.5,2,1,1,1980,1980,0,4,4.87,5,547400.0
-6.30382,106.86813,South Hills,10.84,0.65,Single Family,2089,5346,4,3.0,2,2,0,2008,2008,0,2,4.87,5,881900.0
-6.25416,106.77858,West Waterfront,8.98,15.0,Townhouse,1925,2435,3,2.0,2,2,1,1982,2005,1,6,5.37,5,1077300.0
-6.00379,107.02319,North Suburbs,30.11,4.11,Single Family,3241,7531,4,2.0,1,2,0,1989,2012,1,3,8.22,5,1096000.0
-6.01397,107.00429,North Suburbs,27.89,9.65,Luxury Villa,3848,20640,5,4.0,2,2,0,1994,1994,0,5,7.07,8,1767000.0
-6.14892,106.7807,Tech Corridor,9.8,12.14,Condominium,846,846,2,2.0,1,0,0,2014,2014,0,4,3.63,6,380500.0
-6.11436,106.85834,Tech Corridor,10.58,1.74,Single Family,1344,3870,4,2.0,2,2,0,2018,2018,0,5,4.49,6,809800.0
-6.14606,106.93749,North Suburbs,12.35,2.63,Condominium,1042,1042,1,1.0,1,1,1,2022,2022,0,4,4.4,5,433200.0
-6.28462,106.75551,West Waterfront,13.07,2.4,Condominium,789,789,2,1.5,1,1,1,2002,2021,1,4,4.13,4,386400.0
-6.194,106.84148,Downtown / CBD,1.71,0.74,Townhouse,1571,2333,4,2.0,2,1,0,2017,2017,0,6,4.08,8,1166000.0
-6.20248,106.79184,Tech Corridor,6.01,1.09,Luxury Villa,4304,10888,4,4.0,2,4,1,1992,1992,0,3,3.29,9,2787900.0
-6.29172,106.90825,South Hills,11.54,0.12,Condominium,807,807,1,2.0,1,1,0,2014,2014,0,6,3.13,6,440100.0
-6.34634,106.90313,South Hills,16.55,3.21,Townhouse,1365,1735,3,2.0,2,2,0,1990,2000,1,4,7.37,7,578300.0
-6.1375,106.79864,Tech Corridor,9.48,0.63,Condominium,483,483,2,2.0,1,1,1,1975,1975,0,5,3.83,3,161200.0
-6.37341,106.80913,South Hills,18.72,0.84,Townhouse,1500,2162,3,2.0,2,2,0,1986,2005,1,6,5.59,7,700600.0
-6.1381,106.74198,Tech Corridor,13.92,0.61,Condominium,1047,1047,2,1.5,1,1,1,2008,2017,1,5,5.18,6,538800.0
-6.13772,106.77046,Tech Corridor,11.48,5.29,Condominium,1062,1062,2,1.5,1,0,0,1992,1992,0,6,5.84,5,358500.0
-6.18263,106.82553,Downtown / CBD,3.66,2.54,Townhouse,1200,1456,3,2.0,2,1,0,1986,1986,0,5,6.21,7,536900.0
-6.04824,106.96993,North Suburbs,22.54,3.26,Condominium,1110,1110,1,2.0,1,1,1,2014,2014,0,4,7.24,8,483800.0
-6.05218,106.85436,North Suburbs,17.41,2.37,Condominium,450,450,1,2.0,1,1,1,2009,2009,0,1,6.7,6,181300.0
-6.20795,106.87788,Downtown / CBD,3.58,4.42,Luxury Villa,5105,17509,7,4.0,2,3,1,1999,1999,0,10,4.75,8,4294000.0
-6.14311,106.82743,Downtown / CBD,7.57,6.05,Townhouse,819,986,2,2.0,2,1,0,2018,2018,0,8,3.62,3,391500.0
-6.1572,106.79933,Tech Corridor,7.69,0.58,Single Family,3160,8129,3,2.5,1,2,1,2004,2004,0,4,5.0,7,1668000.0
-6.07149,106.80862,North Suburbs,15.78,1.03,Luxury Villa,3859,17878,7,3.5,3,3,1,2005,2023,1,5,4.16,7,2945100.0
-6.32568,106.96516,South Hills,18.56,2.41,Townhouse,963,1396,4,2.5,2,2,1,2021,2021,0,1,4.79,2,346500.0
-6.34001,106.78868,South Hills,15.88,2.41,Single Family,3678,7677,4,2.0,2,3,0,2010,2010,0,5,8.14,5,1640600.0
-6.27898,106.7072,West Waterfront,17.22,1.32,Single Family,2104,5409,3,2.5,2,2,0,1987,1987,0,4,6.04,4,731800.0
-6.28033,106.90844,South Hills,10.57,2.64,Luxury Villa,4505,19337,5,4.0,2,4,1,1987,1987,0,6,4.91,7,2665800.0
-6.24781,106.78223,West Waterfront,8.26,1.16,Single Family,1454,3715,3,3.0,1,3,0,2012,2012,0,6,6.3,9,1142500.0
-6.41267,106.893,South Hills,23.23,7.41,Townhouse,1597,1878,3,2.5,2,1,0,2012,2012,0,2,8.16,5,540500.0
-6.00387,106.96217,North Suburbs,26.17,6.45,Single Family,2489,6963,4,2.0,2,2,1,2004,2004,0,4,6.21,6,1065200.0
-6.13351,106.90754,Tech Corridor,10.82,0.27,Townhouse,1340,2099,3,2.0,2,2,0,1992,2004,1,3,5.7,5,514700.0
-6.00377,107.0309,North Suburbs,30.68,3.04,Single Family,1892,5920,3,2.5,2,1,0,1996,1996,0,2,8.59,6,596300.0
-6.08821,106.72781,Tech Corridor,18.71,0.65,Single Family,1575,3753,3,3.0,2,3,0,1981,1981,0,2,4.4,8,625800.0
-6.32548,106.88503,South Hills,13.67,4.27,Townhouse,2084,2875,3,2.0,2,1,0,2017,2017,0,4,6.56,4,732600.0
-6.27358,106.75867,Tech Corridor,12.03,1.7,Condominium,1099,1099,2,1.5,1,0,0,2017,2017,0,6,4.29,7,526800.0
-6.17911,106.72979,West Waterfront,13.27,1.85,Single Family,2403,8153,4,2.0,1,2,0,2014,2014,0,2,5.9,7,1389100.0
-6.18398,106.83718,Downtown / CBD,2.91,6.39,Townhouse,1629,2028,3,2.5,2,1,1,2010,2010,0,6,3.04,3,721700.0
-6.24982,106.72156,West Waterfront,14.5,1.1,Single Family,1364,2591,4,2.5,2,1,0,2019,2019,0,2,5.46,6,831000.0
-6.17934,106.7823,Tech Corridor,7.75,0.1,Single Family,3143,8749,3,2.0,2,2,0,2013,2013,0,6,4.76,7,1885800.0
-6.2304,106.87211,Downtown / CBD,3.8,5.69,Condominium,1128,1128,2,2.0,1,1,1,2003,2003,0,4,4.96,8,655800.0
-6.03528,106.95968,North Suburbs,23.05,10.06,Condominium,846,846,2,1.0,1,2,0,2019,2019,0,4,6.73,9,367600.0
-6.22045,106.72165,West Waterfront,13.82,7.26,Townhouse,1543,2412,3,2.0,2,1,0,1987,1987,0,4,2.68,6,682300.0
-6.13383,106.80693,Tech Corridor,9.36,0.67,Condominium,1123,1123,2,1.0,1,1,0,2000,2021,1,4,3.26,6,535200.0
-6.31267,106.84269,South Hills,11.53,1.51,Townhouse,1620,1791,4,2.0,2,1,0,2007,2015,1,4,4.53,6,778600.0
-6.10759,106.769,Tech Corridor,14.09,0.97,Townhouse,1512,2223,3,2.0,2,1,0,2006,2020,1,3,5.16,6,668700.0
-6.32356,106.83779,South Hills,12.77,0.11,Condominium,601,601,1,2.0,1,0,1,2006,2006,0,4,3.75,8,312700.0
-6.10216,106.80199,Tech Corridor,12.79,1.79,Townhouse,1916,2463,2,2.5,2,2,0,1985,2007,1,4,5.81,8,957000.0
-6.25054,106.92633,South Hills,10.09,2.05,Condominium,1081,1081,2,1.5,1,1,0,1995,1995,0,7,4.69,5,448300.0
-6.01505,106.81893,North Suburbs,21.71,15.0,Single Family,2699,7225,2,2.5,2,2,1,1992,1992,0,2,7.0,6,838900.0
-6.03992,106.98999,North Suburbs,24.66,1.42,Townhouse,1925,2853,3,2.0,2,1,1,2004,2004,0,1,5.57,5,591300.0
-6.23316,106.67648,West Waterfront,18.97,0.62,Condominium,1298,1298,2,2.0,1,1,1,1992,2021,1,2,6.49,5,564800.0
-6.24593,106.8743,Downtown / CBD,5.21,0.1,Townhouse,1374,1774,3,2.0,2,1,1,1989,1989,0,5,4.59,7,694900.0
-6.2188,106.70009,West Waterfront,16.19,4.15,Single Family,2164,6871,4,2.0,2,2,0,2003,2016,1,4,7.24,5,1084300.0
-6.24248,106.82914,Downtown / CBD,4.16,3.55,Condominium,803,803,3,1.5,1,1,1,1982,1982,0,4,5.36,8,457900.0
-6.15103,106.72289,Tech Corridor,15.05,9.0,Luxury Villa,4528,21689,5,3.5,3,3,1,2023,2023,0,6,4.46,10,3639100.0
-6.08693,106.77536,Tech Corridor,15.61,1.19,Luxury Villa,3505,19552,4,3.5,2,3,0,2016,2016,0,4,5.28,6,2135300.0
-6.05978,106.7253,Tech Corridor,21.26,0.28,Single Family,2154,4462,4,2.5,1,2,1,1997,2016,1,4,7.25,7,1018700.0
-6.02878,106.93504,North Suburbs,22.31,3.93,Condominium,450,450,2,1.0,1,1,1,2004,2004,0,3,5.27,5,182200.0
-6.01777,106.83971,North Suburbs,21.21,0.71,Condominium,691,691,2,1.0,1,0,1,1981,2012,1,2,7.73,7,274600.0
-6.33434,106.90888,South Hills,15.6,5.23,Townhouse,1528,2103,3,2.0,3,2,0,1989,1989,0,5,6.53,6,528400.0
-5.99982,106.8221,North Suburbs,23.34,3.14,Single Family,2264,6182,2,2.5,2,2,1,2015,2015,0,5,8.45,9,1233300.0
-6.23287,106.73475,West Waterfront,12.59,2.64,Single Family,2445,8345,5,2.5,1,2,1,2002,2022,1,3,4.06,3,1367100.0
-6.34811,106.9936,South Hills,22.56,7.83,Single Family,1911,4853,4,1.5,1,2,0,2015,2015,0,1,7.98,6,716300.0
-6.24635,106.81843,Downtown / CBD,5.14,0.92,Townhouse,2181,3049,3,1.5,3,1,0,1980,1980,0,5,5.78,7,1098900.0
-6.30514,106.75064,West Waterfront,15.02,1.61,Townhouse,1368,1600,3,2.0,3,1,0,1990,2020,1,4,6.03,7,766200.0
-6.04551,106.88985,North Suburbs,18.78,0.16,Condominium,996,996,2,2.0,1,0,0,2019,2019,0,5,5.55,5,430300.0
-6.29775,106.72554,West Waterfront,16.59,1.18,Luxury Villa,3204,18935,5,3.5,2,4,1,1975,1975,0,4,4.94,10,1898400.0
-6.31644,106.85903,South Hills,12.04,8.97,Single Family,2583,8709,4,2.0,1,2,1,1998,1998,0,4,4.53,9,1466000.0
-6.11316,106.8428,Tech Corridor,10.62,1.05,Townhouse,987,1167,3,1.5,3,1,0,2001,2001,0,5,3.76,7,498200.0
-6.19748,106.83702,Downtown / CBD,1.58,3.65,Townhouse,1777,2752,3,2.0,3,1,1,2012,2012,0,4,4.88,6,948400.0
-6.04216,106.74904,Tech Corridor,21.38,0.53,Single Family,2732,5340,3,2.0,2,2,0,2001,2015,1,2,8.67,7,1026300.0
-6.13965,106.86259,North Suburbs,7.9,4.4,Townhouse,1825,2307,3,2.0,2,2,0,2017,2017,0,5,3.79,6,947800.0
-6.09723,107.02217,North Suburbs,23.18,8.07,Condominium,676,676,2,1.5,1,1,1,2021,2021,0,4,6.58,4,208800.0
-6.319,106.71153,West Waterfront,19.26,5.05,Single Family,2744,6661,4,2.5,1,2,1,2003,2003,0,5,6.31,6,1366400.0
-6.10938,106.77326,Tech Corridor,13.65,0.66,Luxury Villa,4962,12828,5,3.5,2,2,1,1989,1989,0,6,6.24,7,2465100.0
-6.16454,106.79154,Downtown / CBD,7.76,0.73,Single Family,2573,5142,3,2.0,2,3,1,2004,2019,1,2,5.6,5,1330500.0
-6.29042,106.78127,West Waterfront,11.54,2.51,Townhouse,1143,1301,2,2.5,2,1,1,2000,2007,1,4,4.11,8,714100.0
-6.04513,106.92079,North Suburbs,19.99,5.27,Condominium,1198,1198,2,1.0,1,1,0,1982,1991,1,5,5.92,8,434900.0
-6.36907,106.84034,South Hills,17.8,1.23,Single Family,2644,6593,4,2.5,2,2,0,1989,1989,0,6,6.72,7,1141200.0
-6.17021,106.62671,West Waterfront,24.67,2.27,Townhouse,1477,2339,2,1.5,2,2,0,1991,1991,0,2,6.19,6,538100.0
-6.21971,106.86688,Downtown / CBD,2.65,0.1,Condominium,1057,1057,1,2.0,1,0,1,1989,1989,0,4,6.08,4,391500.0
-6.2776,106.86855,South Hills,8.05,1.6,Single Family,1609,3055,4,3.0,2,2,0,2001,2001,0,4,3.98,4,634900.0
-6.34786,106.93292,South Hills,18.23,2.72,Townhouse,1395,2009,3,2.5,2,1,0,2016,2016,0,4,6.48,6,553000.0
-6.24035,106.68914,West Waterfront,17.72,0.68,Single Family,2333,8151,2,1.5,2,2,0,1979,1979,0,2,5.78,6,977900.0
-6.19239,106.87818,Downtown / CBD,4.05,0.1,Townhouse,1627,1887,3,2.5,2,2,0,1989,2020,1,6,4.96,8,1144300.0
-6.08818,106.76732,Tech Corridor,15.96,1.77,Single Family,2367,5408,4,2.5,1,3,1,2000,2013,1,4,4.88,4,1040200.0
-6.23183,106.85421,Downtown / CBD,2.73,2.15,Condominium,949,949,2,2.0,1,1,0,2000,2000,0,8,4.71,7,631500.0
-6.20208,106.84478,Downtown / CBD,0.75,2.08,Condominium,878,878,2,1.0,1,0,1,1980,2008,1,8,5.28,6,538600.0
-6.27796,106.73376,West Waterfront,14.6,8.02,Single Family,2015,6112,5,2.5,1,1,1,1990,1990,0,5,5.72,7,1049800.0
-6.31881,106.98084,South Hills,19.35,0.38,Single Family,1585,3013,3,2.0,1,2,0,1983,2013,1,1,6.18,7,661400.0
-6.21211,106.68328,West Waterfront,18.02,0.89,Townhouse,905,1171,4,2.5,2,1,0,2022,2022,0,4,6.0,5,460400.0
-6.25546,106.73345,West Waterfront,13.48,0.26,Single Family,2774,6664,5,2.5,1,2,0,1997,2003,1,6,6.2,7,1728200.0
-6.17841,106.75089,West Waterfront,11.04,7.8,Single Family,1774,5217,3,2.0,1,3,0,2004,2017,1,4,7.14,5,1037100.0
-6.12434,106.84179,Tech Corridor,9.38,1.1,Single Family,3429,8547,3,2.5,1,2,0,2019,2019,0,3,4.98,5,1584900.0
-6.25117,106.85832,Downtown / CBD,4.91,0.58,Townhouse,1392,1780,3,2.0,2,2,1,1984,1984,0,4,4.98,4,556700.0
-6.11722,106.88239,Tech Corridor,10.96,3.69,Single Family,1831,3600,3,2.5,1,1,0,2007,2007,0,6,3.71,7,785100.0
-6.04465,106.93784,North Suburbs,20.9,6.06,Single Family,2334,5085,2,2.0,1,2,1,1999,1999,0,6,5.8,6,978100.0
-6.35803,106.81827,South Hills,16.84,1.79,Condominium,1232,1232,2,1.0,1,1,0,1995,1995,0,4,5.12,6,443700.0
-6.22336,106.82054,Downtown / CBD,3.22,0.67,Luxury Villa,4621,11631,5,3.5,2,2,1,1998,1998,0,6,4.96,10,3344100.0
-6.10239,106.73856,Tech Corridor,16.75,0.55,Single Family,2862,6171,3,2.0,1,2,1,1993,1993,0,3,5.36,6,931800.0
-6.2599,106.86033,Downtown / CBD,5.9,1.06,Single Family,2919,8008,5,2.5,2,2,0,2019,2019,0,4,3.16,7,1845100.0
-6.29623,106.73323,West Waterfront,15.8,2.04,Single Family,3389,8593,4,2.5,2,1,1,1999,1999,0,6,6.07,6,1861600.0
-6.35277,106.93306,South Hills,18.7,3.86,Single Family,1675,3647,4,2.5,2,2,1,2018,2018,0,6,7.07,5,794700.0
-6.00433,106.86535,North Suburbs,22.8,0.49,Luxury Villa,4028,18011,6,6.0,3,2,0,2012,2012,0,4,7.13,9,2381800.0
-5.96405,106.90725,North Suburbs,28.02,12.51,Townhouse,1128,1681,3,2.0,2,2,0,1996,1996,0,4,6.32,6,383400.0
-6.35964,106.96777,South Hills,21.55,5.72,Single Family,1984,4258,5,1.5,2,2,0,1986,1986,0,3,4.76,4,526600.0
-6.28544,106.71459,West Waterfront,16.85,0.72,Luxury Villa,3574,19079,6,4.0,3,3,1,1979,2008,1,4,6.77,5,2086100.0
-6.16967,106.98762,North Suburbs,16.35,1.2,Condominium,1284,1284,1,1.5,1,1,1,2019,2019,0,3,4.92,7,639900.0
-6.28652,106.82893,South Hills,8.82,2.3,Single Family,1470,3287,4,2.0,2,2,1,1992,1992,0,6,6.27,8,771300.0
-6.20592,106.82435,Downtown / CBD,2.38,1.32,Townhouse,2022,2396,3,2.5,2,1,0,2002,2020,1,6,3.87,6,1192200.0
-6.34902,106.86589,South Hills,15.73,1.77,Single Family,1943,6046,3,2.0,2,2,0,1995,1995,0,6,2.97,7,870000.0
-6.3527,107.02594,South Hills,25.61,1.0,Single Family,2998,6454,5,1.5,2,2,0,2023,2023,0,4,4.96,5,1137400.0
-6.26608,106.72655,West Waterfront,14.66,2.02,Townhouse,1815,2672,2,1.5,2,1,0,1977,1977,0,5,4.65,5,674200.0
-6.27455,106.91615,South Hills,10.71,3.38,Single Family,1768,4124,3,1.5,1,3,1,1981,1981,0,4,4.46,5,670900.0
-6.18982,106.81513,Downtown / CBD,3.99,3.4,Single Family,2154,5527,3,2.0,2,2,0,2013,2013,0,8,3.82,8,1614900.0
-6.17719,106.8619,Downtown / CBD,3.95,4.99,Single Family,2192,3954,5,3.0,1,3,0,1986,2016,1,7,2.45,6,1290500.0
-6.29001,106.77239,West Waterfront,12.14,0.38,Luxury Villa,3906,22704,6,6.0,2,3,1,1975,2021,1,5,6.25,7,3750100.0
-6.13424,106.96072,North Suburbs,15.22,1.82,Luxury Villa,3708,17088,6,6.0,2,3,1,2017,2017,0,6,3.64,10,3079000.0
-6.40267,106.9035,South Hills,22.46,8.16,Single Family,2332,8119,3,2.0,1,2,1,2002,2002,0,2,4.68,7,936100.0
-6.05526,106.90529,North Suburbs,18.29,15.0,Townhouse,1768,2142,3,2.0,3,1,0,1997,2017,1,4,6.11,5,615300.0
-6.11533,106.72937,Tech Corridor,16.56,0.35,Single Family,2907,5961,3,2.5,2,3,0,2004,2004,0,4,4.26,7,1352100.0
-6.07616,106.8006,Tech Corridor,15.55,3.28,Single Family,1844,6452,3,2.0,1,1,0,2012,2012,0,7,7.51,6,960200.0
-6.10241,106.84958,Tech Corridor,11.82,4.79,Condominium,1227,1227,1,2.0,1,2,1,1975,2015,1,4,6.38,6,623800.0
-6.12141,106.79831,Tech Corridor,11.03,4.81,Single Family,2224,6193,3,2.0,1,2,1,2009,2009,0,3,5.84,7,1182100.0
-6.03318,106.79798,Tech Corridor,20.2,2.19,Single Family,1238,2806,4,2.5,2,2,1,1991,1991,0,2,7.73,4,403500.0
-6.33297,106.9048,South Hills,15.27,0.74,Single Family,2679,9112,3,1.5,1,2,0,2011,2011,0,3,5.33,8,1308300.0
-6.01721,106.95343,North Suburbs,24.4,1.41,Single Family,2045,6367,3,1.5,1,2,0,2010,2010,0,3,5.02,5,702600.0
-6.23813,106.86452,Downtown / CBD,3.87,5.78,Single Family,2638,7425,3,2.0,1,2,0,2012,2012,0,5,2.87,8,1579200.0
-6.13601,106.80073,Tech Corridor,9.49,4.94,Single Family,2312,5833,3,2.0,2,1,0,2018,2018,0,6,4.1,7,1221400.0
-6.30197,106.72697,West Waterfront,16.74,4.67,Condominium,804,804,1,1.0,1,1,1,1985,1997,1,1,5.81,5,275700.0
-6.11476,106.95916,North Suburbs,16.37,2.21,Luxury Villa,2667,6752,6,4.0,2,3,1,2011,2011,0,5,5.53,8,1624900.0
-6.28833,106.87082,Downtown / CBD,9.26,2.69,Single Family,1262,3134,4,2.0,2,2,0,1980,1980,0,6,4.24,7,617600.0
-6.29199,106.73818,West Waterfront,15.08,0.33,Single Family,2437,6096,4,1.5,2,2,0,2000,2000,0,9,4.96,7,1431500.0
-6.1224,106.78174,North Suburbs,11.93,5.6,Single Family,2034,7043,3,2.5,2,2,0,2016,2016,0,5,4.79,6,1112700.0
-6.25216,106.6933,West Waterfront,17.58,0.53,Single Family,2039,4284,3,1.5,1,3,1,2018,2018,0,2,5.37,7,1144100.0
-6.09845,106.93921,North Suburbs,16.06,2.3,Condominium,1184,1184,2,2.0,1,0,0,2011,2011,0,8,6.32,7,619400.0
-6.35723,106.94044,South Hills,19.55,1.38,Single Family,2892,5626,4,2.0,2,2,0,2000,2000,0,1,7.15,7,1064700.0
-6.30418,106.75711,West Waterfront,14.44,4.41,Single Family,2300,7263,3,2.5,2,2,0,1998,2005,1,1,4.01,7,1098700.0
-5.99502,106.92386,North Suburbs,25.27,4.2,Single Family,2439,7426,5,2.5,2,3,0,2011,2011,0,3,5.59,5,909100.0
-6.24576,106.91324,South Hills,8.56,1.82,Condominium,769,769,1,1.0,1,1,1,1989,1989,0,5,4.97,4,271900.0
-6.06886,106.82764,North Suburbs,15.66,5.24,Townhouse,1882,2824,2,1.5,2,1,0,2020,2020,0,4,4.25,6,819400.0
-6.07502,106.99511,North Suburbs,22.27,0.99,Townhouse,873,1338,4,2.0,2,2,0,2011,2011,0,3,5.81,7,391200.0
-6.0295,106.94569,North Suburbs,22.79,3.12,Townhouse,1776,2219,3,2.0,2,1,0,1980,1980,0,4,6.15,5,466300.0
-6.18779,106.88505,Downtown / CBD,4.96,0.1,Townhouse,1669,2615,3,1.5,2,2,0,2003,2003,0,3,2.62,5,714300.0
-6.02821,106.84631,North Suburbs,20.05,1.5,Single Family,2841,8238,4,3.0,2,3,0,1979,2010,1,4,8.04,8,1464300.0
-6.25632,106.7326,West Waterfront,13.61,7.8,Townhouse,1606,1998,3,1.5,2,2,0,2019,2019,0,3,5.16,6,791300.0
-6.46021,106.9246,South Hills,29.25,15.0,Condominium,1339,1339,2,1.5,1,1,0,1977,1977,0,1,8.15,6,245800.0
-6.28627,106.75093,West Waterfront,13.58,3.19,Condominium,1126,1126,2,1.0,1,0,0,2005,2005,0,3,5.09,6,471600.0
-6.18641,106.8118,Downtown / CBD,4.5,0.1,Luxury Villa,3310,15007,6,4.0,3,3,1,1999,1999,0,5,4.92,6,2104200.0
-6.39928,106.91852,South Hills,22.64,2.75,Luxury Villa,4361,12940,5,3.5,2,3,1,2016,2016,0,2,7.94,7,1977400.0
-6.21826,106.83675,Downtown / CBD,1.44,0.37,Condominium,792,792,3,1.0,1,2,1,2006,2015,1,7,2.78,6,636700.0
-6.08411,106.83533,North Suburbs,13.89,0.59,Single Family,1804,4788,4,2.0,2,3,1,2015,2015,0,7,6.45,7,1247800.0
-6.27979,106.69718,West Waterfront,18.26,3.98,Townhouse,1344,1500,2,2.0,3,2,0,2014,2014,0,2,6.25,6,627600.0
-6.19032,106.80522,Downtown / CBD,4.93,0.48,Townhouse,1283,1947,3,2.0,2,2,0,2010,2010,0,6,3.08,5,709800.0
-6.10901,106.83223,Tech Corridor,11.18,2.73,Townhouse,1144,1298,2,2.5,2,1,0,1994,2002,1,9,3.43,7,625600.0
-6.24012,106.8287,South Hills,3.95,0.35,Single Family,1644,4982,3,3.0,2,2,1,1976,1997,1,6,4.1,4,876900.0
-6.31148,106.93821,South Hills,15.35,2.69,Townhouse,1576,2515,3,2.0,2,1,0,2017,2017,0,4,5.12,6,711500.0
-6.00835,107.00396,North Suburbs,28.36,0.4,Condominium,720,720,3,1.5,1,0,1,2013,2013,0,5,6.48,5,282400.0
-6.30039,106.95567,South Hills,15.89,2.67,Condominium,1169,1169,2,1.5,1,0,0,1994,1994,0,3,4.97,7,417100.0
-6.09889,106.92946,North Suburbs,15.35,0.97,Condominium,1189,1189,1,1.0,1,0,1,2008,2008,0,4,5.69,7,517100.0
-6.24409,106.71025,West Waterfront,15.53,3.35,Single Family,1786,3249,4,2.5,2,2,0,1996,1996,0,3,5.2,7,877300.0
-6.35747,106.68094,West Waterfront,24.62,4.05,Townhouse,2264,3280,4,1.5,2,1,0,1996,2007,1,1,7.7,7,981000.0
-6.23532,106.84501,Downtown / CBD,2.94,2.17,Townhouse,1563,2085,4,2.0,2,1,1,1980,1980,0,5,4.54,7,712600.0
-6.23888,106.75519,West Waterfront,10.58,1.25,Condominium,1122,1122,2,1.5,1,0,1,2007,2007,0,2,4.42,6,590600.0
-6.08893,106.78831,Tech Corridor,14.75,6.22,Condominium,1088,1088,3,1.0,1,1,1,2005,2020,1,3,3.95,4,417000.0
-6.09381,106.80493,Tech Corridor,13.54,2.3,Single Family,2777,5708,4,3.0,1,3,1,2008,2008,0,2,4.05,6,1287400.0
-6.17315,106.82142,Downtown / CBD,4.78,3.84,Luxury Villa,4398,17916,4,3.5,2,3,0,2021,2021,0,5,5.29,8,3369300.0
-6.2113,106.74271,West Waterfront,11.42,1.87,Single Family,1842,3633,4,2.0,2,2,0,1993,1993,0,6,4.94,5,904100.0
-6.12901,107.02765,North Suburbs,22.06,8.9,Townhouse,1462,2010,2,1.5,3,1,0,1989,1989,0,4,4.16,6,373600.0
-6.11976,106.90064,North Suburbs,11.62,1.31,Single Family,1979,3880,4,2.0,2,2,1,1996,2009,1,4,5.52,4,812300.0
-6.23346,106.68019,West Waterfront,18.56,3.34,Townhouse,1755,2553,3,2.5,2,1,0,1999,1999,0,4,5.29,6,793300.0
-6.21958,106.85832,Downtown / CBD,1.85,1.89,Single Family,1534,4590,3,1.5,1,3,1,2022,2022,0,5,5.96,7,1243200.0
-6.13371,106.86802,Tech Corridor,8.7,0.1,Townhouse,1542,2408,4,2.0,2,1,1,1979,1984,1,6,5.28,3,507200.0
-6.19795,106.83157,Downtown / CBD,1.97,1.46,Townhouse,2036,2496,4,2.5,2,2,0,1979,2008,1,5,6.71,9,1528700.0
-6.25599,106.6702,West Waterfront,20.16,0.7,Single Family,1810,4512,3,2.0,2,2,0,2000,2006,1,4,4.42,7,901300.0
-6.12,106.75388,Tech Corridor,14.17,1.77,Condominium,591,591,1,1.0,1,1,1,1991,2021,1,5,5.97,6,305300.0
-6.26492,106.79872,Downtown / CBD,8.12,0.28,Condominium,762,762,2,1.0,1,0,0,2001,2001,0,6,4.51,8,433400.0
-6.35408,106.94152,South Hills,19.32,0.18,Condominium,450,450,1,1.0,1,0,1,1986,1986,0,4,5.9,5,149100.0
-6.19992,106.84796,Downtown / CBD,1.02,3.22,Single Family,3454,8631,3,2.0,2,3,1,2005,2005,0,5,3.89,8,2301200.0
-6.2862,106.64529,West Waterfront,23.84,2.38,Single Family,2522,6653,2,3.0,1,2,0,1988,1988,0,5,5.12,5,975700.0
-6.08642,107.01095,North Suburbs,22.83,1.53,Townhouse,1338,1989,4,2.5,2,1,1,2019,2019,0,3,5.2,5,522900.0
-6.24573,106.86664,Downtown / CBD,4.72,5.0,Single Family,2211,4185,3,2.0,1,1,0,1996,1996,0,6,3.72,6,1101800.0
-6.14441,106.69417,West Waterfront,18.26,2.02,Single Family,2487,6070,4,3.0,2,3,1,2013,2013,0,3,5.65,4,1226600.0
-6.36227,107.02684,South Hills,26.36,15.0,Condominium,1121,1121,2,1.0,1,0,0,2016,2016,0,1,7.34,8,361500.0
-6.31058,106.74581,West Waterfront,15.82,0.17,Townhouse,1708,2362,4,1.5,3,1,0,2015,2015,0,7,7.24,5,1071900.0
-6.29671,106.74535,West Waterfront,14.8,0.11,Single Family,2163,6580,4,2.5,1,2,0,2019,2019,0,8,5.69,7,1688000.0
-6.14164,106.81888,Tech Corridor,8.02,2.26,Townhouse,1642,2103,4,1.5,2,2,1,1981,1981,0,3,4.61,6,628800.0
-6.1654,106.77176,Tech Corridor,9.51,1.83,Townhouse,1520,2218,3,2.5,2,1,1,2002,2002,0,4,4.32,7,781000.0
-6.13617,106.78444,Tech Corridor,10.54,0.83,Condominium,1174,1174,2,1.0,1,1,0,1986,1986,0,6,7.26,7,550500.0
-6.09694,106.83443,Tech Corridor,12.48,1.36,Single Family,2547,7122,5,2.0,2,2,0,2022,2022,0,4,5.8,7,1542500.0
-6.31256,106.9031,South Hills,13.17,1.94,Condominium,993,993,2,1.5,1,1,0,2023,2023,0,4,4.71,7,497000.0
-6.20238,106.82008,Downtown / CBD,2.92,2.61,Single Family,2821,9395,3,1.5,2,2,1,1985,1985,0,7,3.85,4,1317600.0
-6.34239,107.037,South Hills,25.91,3.25,Single Family,2774,7362,3,2.5,1,2,0,2004,2004,0,1,7.7,4,755300.0
-5.95763,106.97622,North Suburbs,31.42,0.76,Single Family,2347,7680,4,2.0,2,2,0,2004,2016,1,1,7.04,6,890400.0
-6.29295,106.73791,West Waterfront,15.17,9.52,Single Family,3219,6151,4,3.0,2,2,0,2006,2016,1,5,6.09,7,1753900.0
-6.17767,106.77471,Downtown / CBD,8.59,0.55,Single Family,740,2223,4,2.5,2,2,0,1993,1993,0,3,4.94,7,408900.0
-6.04206,106.80045,North Suburbs,19.17,0.57,Condominium,605,605,3,1.5,1,0,1,1988,1988,0,5,3.89,4,207100.0
-6.22414,106.878,Downtown / CBD,3.98,0.15,Single Family,1819,3879,3,2.5,2,2,1,1991,1991,0,4,3.19,5,804600.0
-6.21068,106.85486,Downtown / CBD,1.05,0.3,Condominium,1416,1416,1,1.0,1,1,0,1992,1992,0,9,3.67,7,788400.0
-6.11822,106.79121,Tech Corridor,11.73,0.27,Single Family,2949,7939,3,3.0,2,2,0,1997,1997,0,3,6.3,4,1135600.0
-6.35964,106.95453,South Hills,20.65,6.71,Single Family,2227,6077,5,1.5,2,2,0,2019,2019,0,1,6.26,7,878000.0
-6.31365,106.73876,West Waterfront,16.62,1.41,Single Family,3009,9521,3,2.0,1,2,1,1981,1981,0,4,5.17,8,1481800.0
-6.38992,106.8806,South Hills,20.48,2.74,Townhouse,2327,2653,3,1.5,2,2,0,2022,2022,0,1,5.0,4,665000.0
-6.07882,106.86775,Tech Corridor,14.64,3.1,Townhouse,2003,2774,3,2.5,2,1,1,1994,1994,0,4,5.43,6,820500.0
-6.15009,106.76852,Tech Corridor,10.76,2.99,Townhouse,1667,2302,3,2.5,2,1,1,1995,2022,1,2,3.57,6,703900.0
-6.09571,106.94508,North Suburbs,16.72,1.13,Condominium,534,534,3,2.0,1,1,1,2007,2007,0,6,4.76,6,299900.0
-6.1101,106.85519,Tech Corridor,11.01,0.1,Single Family,2185,6837,3,2.5,2,2,1,2004,2004,0,4,3.72,5,966300.0
-6.09246,106.90952,North Suburbs,14.73,3.59,Single Family,1291,3889,3,2.0,1,1,1,1991,1991,0,5,5.66,6,570100.0
-6.21002,106.66728,West Waterfront,19.79,0.79,Luxury Villa,3505,13874,4,5.0,3,2,1,2006,2013,1,2,6.7,9,2141100.0
-6.20129,106.81586,Downtown / CBD,3.41,0.98,Single Family,1803,5010,4,2.5,1,1,1,1998,2003,1,6,3.9,6,1097900.0
-6.17301,106.81028,Tech Corridor,5.58,0.47,Luxury Villa,4915,28628,4,3.5,3,4,1,2004,2004,0,7,4.55,7,3748000.0
-6.26558,106.88205,South Hills,7.49,1.88,Luxury Villa,3552,12713,4,4.0,2,2,1,2023,2023,0,8,4.57,8,3098200.0
-6.31757,106.89405,South Hills,13.22,1.77,Single Family,2318,6620,4,2.0,2,1,0,2014,2014,0,5,5.52,7,1291500.0
-6.11996,106.71673,Tech Corridor,17.37,3.88,Single Family,1770,5910,3,2.0,1,2,0,1998,2013,1,4,3.88,5,826300.0
-6.22469,106.83783,Downtown / CBD,1.96,0.4,Condominium,890,890,1,1.0,1,1,1,2016,2016,0,8,3.82,6,650700.0
-6.23986,106.85703,Downtown / CBD,3.67,0.83,Condominium,560,560,1,1.0,1,0,0,2019,2019,0,7,3.66,7,382900.0
-6.1637,106.79413,Tech Corridor,7.6,3.84,Condominium,748,748,2,2.0,1,1,1,1988,1997,1,7,4.09,6,371600.0
-6.28221,106.9224,South Hills,11.79,1.33,Townhouse,1283,1698,3,2.5,2,1,0,2015,2015,0,3,7.63,6,594000.0
-6.17114,106.93078,North Suburbs,10.34,0.84,Single Family,3166,10459,3,3.0,2,2,0,2016,2016,0,6,3.3,5,1679900.0
-6.01935,106.97365,North Suburbs,25.38,0.25,Condominium,1319,1319,2,1.5,1,1,1,1996,1996,0,2,4.88,7,407000.0
-6.08037,106.78118,Tech Corridor,15.95,0.13,Luxury Villa,4318,18736,6,4.0,2,3,1,1998,1998,0,6,6.51,7,2395200.0
-6.04026,106.88818,North Suburbs,19.3,1.96,Condominium,1321,1321,2,2.0,1,1,1,1996,1996,0,3,5.25,5,413100.0
-6.03331,106.96063,North Suburbs,23.29,2.47,Single Family,2513,7749,4,3.0,1,2,0,2009,2009,0,3,8.38,5,850400.0
-6.23636,106.8526,Downtown / CBD,3.16,7.02,Townhouse,1076,1573,3,1.5,3,1,0,2020,2020,0,6,3.98,10,862400.0
-6.18323,106.89445,Downtown / CBD,6.12,2.76,Townhouse,1361,1779,2,1.5,2,1,0,2013,2013,0,5,3.03,6,683300.0
-6.27393,106.70425,West Waterfront,17.28,3.29,Condominium,931,931,1,1.0,1,2,1,2016,2016,0,3,3.74,5,437600.0
-6.1073,106.89866,North Suburbs,12.71,5.51,Single Family,2807,7088,4,2.0,1,1,1,2011,2011,0,4,3.43,7,1300900.0
-6.04786,106.91571,North Suburbs,19.49,3.02,Luxury Villa,4077,24390,5,3.5,3,3,1,2006,2022,1,4,5.59,8,2833500.0
-6.1251,106.80035,Tech Corridor,10.56,2.09,Townhouse,1206,1617,3,2.0,3,1,1,2017,2017,0,4,4.08,4,542600.0
-6.29458,106.90087,South Hills,11.33,0.1,Single Family,2476,8179,3,2.0,2,2,1,2021,2021,0,6,5.62,4,1374600.0
-6.20238,106.82756,Downtown / CBD,2.13,2.48,Single Family,1863,5962,2,3.0,2,2,1,2022,2022,0,7,3.98,5,1589100.0
-6.15957,106.70992,West Waterfront,16.02,7.74,Single Family,2111,5280,3,2.5,2,2,0,1993,1993,0,4,4.17,9,1168800.0
-6.26963,106.71646,West Waterfront,15.85,3.88,Single Family,1852,3772,2,2.5,1,2,0,1997,1997,0,3,5.05,5,789400.0
-6.1534,106.86425,Downtown / CBD,6.49,7.08,Single Family,3119,9906,4,2.5,1,2,1,1980,1980,0,4,3.05,5,1186800.0
-6.16893,106.77118,Tech Corridor,9.37,1.86,Luxury Villa,3273,16322,6,4.0,2,3,1,1977,1977,0,4,4.28,10,2038700.0
-6.29287,106.73945,West Waterfront,15.03,2.72,Townhouse,857,967,3,2.0,2,2,0,1987,1987,0,6,7.5,3,321800.0
-6.29545,106.94065,South Hills,14.28,0.63,Townhouse,2028,2508,3,2.0,3,1,0,2013,2013,0,5,3.18,7,878400.0
-6.24593,106.74578,West Waterfront,11.82,0.5,Single Family,1057,2548,3,1.5,1,1,0,1980,1980,0,5,6.3,5,441400.0
-6.21377,106.71677,West Waterfront,14.31,1.55,Single Family,2581,8529,2,3.0,1,2,1,1995,1995,0,5,6.85,8,1632600.0
-6.35873,106.77644,South Hills,18.33,1.19,Single Family,1845,4539,3,2.5,2,1,0,2020,2020,0,3,2.65,7,884800.0
-6.11193,106.86067,North Suburbs,10.88,3.09,Townhouse,1096,1685,3,1.5,2,1,0,1995,1995,0,6,4.75,5,439300.0
-6.34972,106.87599,South Hills,16.0,2.41,Single Family,1385,3923,4,2.5,2,1,1,2001,2001,0,7,5.86,8,792700.0
-6.19637,106.72106,Tech Corridor,13.89,9.91,Luxury Villa,3794,17615,4,5.0,2,4,0,1991,1991,0,5,5.36,5,1579600.0
-6.21544,106.64655,West Waterfront,22.11,7.58,Single Family,2380,4542,2,3.0,2,2,0,2014,2014,0,3,6.82,5,1080800.0
-6.25481,106.71106,West Waterfront,15.78,8.25,Townhouse,2245,3316,3,2.5,2,2,0,1976,1976,0,6,6.74,3,639100.0
-6.18065,106.90264,Downtown / CBD,7.06,1.87,Single Family,1839,5158,4,3.0,2,2,0,1986,1986,0,7,5.93,5,758000.0
-5.90663,106.91852,North Suburbs,34.5,3.05,Luxury Villa,5500,21025,5,4.0,2,3,1,2009,2009,0,4,8.75,7,2396400.0
-6.2932,106.74118,West Waterfront,14.9,1.02,Single Family,1975,6014,3,3.0,1,2,1,2015,2015,0,5,4.32,6,1256900.0
-6.30461,106.92571,South Hills,13.86,1.92,Luxury Villa,5142,23300,6,3.5,2,3,1,1983,1988,1,6,5.56,7,2746100.0
-6.30195,106.75774,West Waterfront,14.21,1.09,Townhouse,1964,2303,2,2.0,2,1,0,1984,1984,0,4,4.37,4,696300.0
-6.27167,106.69213,West Waterfront,18.41,0.35,Luxury Villa,5245,23708,6,3.5,2,3,1,1999,1999,0,4,6.63,6,2987800.0
-6.35655,106.82612,South Hills,16.54,1.28,Luxury Villa,3835,19702,5,3.5,2,4,1,2018,2018,0,4,7.08,8,2622800.0
-6.25175,106.88901,South Hills,6.78,1.69,Condominium,1335,1335,2,1.0,1,1,0,2021,2021,0,5,4.91,5,731200.0
-6.14579,106.97497,North Suburbs,15.97,15.0,Single Family,807,2325,3,2.5,1,2,1,2011,2011,0,3,3.19,5,333500.0
-6.1863,106.8203,Tech Corridor,3.76,0.97,Luxury Villa,6308,34523,5,3.5,2,3,1,2021,2021,0,5,2.67,9,5911300.0
-6.08795,106.95997,North Suburbs,18.47,0.1,Single Family,2213,5168,4,3.0,1,1,0,2015,2015,0,6,6.14,7,1068400.0
-5.9975,106.92967,North Suburbs,25.24,6.3,Single Family,2729,6461,3,2.0,2,2,1,2013,2013,0,6,5.44,6,1221600.0
-6.28308,106.85581,South Hills,8.32,0.2,Single Family,3067,5746,3,2.0,1,3,1,2010,2010,0,8,6.46,5,1705700.0
-6.46584,106.96064,South Hills,31.26,0.34,Single Family,2475,6811,4,2.0,2,2,0,2011,2011,0,3,6.82,6,968400.0
-6.21584,106.85599,Downtown / CBD,1.39,0.66,Townhouse,1586,1755,2,2.0,2,2,0,2010,2010,0,5,2.62,6,910600.0
-6.24579,106.74195,West Waterfront,12.22,0.85,Single Family,1973,5414,3,2.0,2,2,0,2011,2011,0,5,5.53,7,1164300.0
-5.99271,106.99095,North Suburbs,28.91,7.89,Single Family,1818,4618,3,1.5,1,1,0,2023,2023,0,4,6.03,5,731000.0
-6.26268,106.69044,West Waterfront,18.23,0.39,Single Family,2416,6410,3,1.5,2,2,1,1990,1990,0,3,5.74,4,844000.0
-6.26752,106.65677,West Waterfront,21.95,4.14,Townhouse,868,1175,4,1.5,2,2,0,1989,1989,0,4,5.47,7,429800.0
-6.27964,106.71408,West Waterfront,16.58,0.59,Single Family,1574,5312,4,2.0,2,3,0,1976,1976,0,6,6.14,4,555900.0
-6.18311,106.80558,Downtown / CBD,5.28,0.61,Townhouse,1616,1885,4,2.5,3,1,0,1976,1976,0,4,6.56,6,590000.0
-6.34726,106.72643,West Waterfront,20.28,0.23,Single Family,1578,3238,3,2.0,2,2,0,2005,2011,1,4,5.92,3,629100.0
-6.12982,106.77711,Tech Corridor,11.6,0.22,Single Family,2800,5908,3,1.5,2,2,0,1988,2002,1,4,4.9,6,1104600.0
-6.19166,106.74942,Tech Corridor,10.84,1.96,Townhouse,1072,1693,3,2.5,2,2,1,1992,1992,0,4,3.92,10,662900.0
-6.26579,106.86413,South Hills,6.65,3.15,Townhouse,1862,2066,3,2.0,2,1,1,1984,1984,0,3,4.26,7,727100.0
-6.29962,106.77726,West Waterfront,12.62,0.31,Condominium,951,951,2,1.5,1,1,1,2001,2016,1,5,2.05,6,596100.0
-6.21516,106.6984,West Waterfront,16.35,0.81,Single Family,2029,5795,4,2.5,1,3,0,1975,1975,0,2,6.78,6,796200.0
-6.19076,106.83005,Tech Corridor,2.64,4.1,Townhouse,2020,2483,4,2.0,2,1,1,1994,1994,0,7,5.05,6,1072200.0
-6.14426,106.77386,Tech Corridor,10.71,7.52,Single Family,1877,4390,4,2.5,2,2,0,2019,2019,0,5,2.9,4,824900.0
-6.25842,106.72367,West Waterfront,14.61,1.78,Luxury Villa,4816,25590,7,3.5,2,3,1,1987,1999,1,4,4.04,8,2869400.0
-6.29017,106.95122,South Hills,14.8,5.16,Single Family,2183,5668,4,3.0,2,2,0,2019,2019,0,2,5.84,5,872900.0
-6.04785,106.96367,North Suburbs,22.16,3.52,Single Family,2568,6768,3,2.0,2,2,1,2020,2020,0,1,7.99,7,1124800.0
-6.02801,106.92014,North Suburbs,21.71,0.2,Luxury Villa,4063,16804,7,5.0,2,2,1,1995,1995,0,3,8.5,4,1416700.0
-6.15024,106.91565,North Suburbs,10.13,3.88,Single Family,1625,3264,3,2.5,2,1,0,1976,1976,0,5,3.0,4,484000.0
-6.18414,106.88713,Downtown / CBD,5.36,0.67,Single Family,2680,7604,3,2.0,1,3,0,1986,1986,0,6,4.41,8,1548900.0
-6.11264,106.77718,Tech Corridor,13.1,1.83,Townhouse,2156,3020,4,2.0,2,1,0,1984,1997,1,3,4.51,7,846000.0
-6.14477,106.83512,Tech Corridor,7.2,0.71,Single Family,1540,4279,3,1.5,2,2,0,1975,2006,1,3,5.47,5,771500.0
-6.05016,106.78983,Tech Corridor,18.67,2.49,Townhouse,1284,1659,3,2.0,3,1,0,1998,1998,0,3,6.51,6,460600.0
-6.15336,106.72364,Tech Corridor,14.87,0.18,Luxury Villa,5839,18421,5,5.0,2,2,1,2010,2010,0,5,4.77,9,3627300.0
-6.38733,106.83904,South Hills,19.83,0.45,Townhouse,1836,2593,2,2.5,3,2,0,2001,2001,0,4,6.09,7,727400.0
-6.27191,106.83084,South Hills,7.19,4.58,Single Family,1930,3863,3,1.5,2,2,0,1985,1985,0,5,4.66,5,773600.0
-6.12827,106.79032,Tech Corridor,10.84,1.12,Luxury Villa,5679,16596,7,5.0,2,3,1,2019,2019,0,3,6.41,9,4080100.0
-6.1605,106.84354,Tech Corridor,5.37,6.45,Single Family,958,2352,3,2.0,2,2,1,2011,2011,0,7,4.21,8,699900.0
-6.14207,106.74984,Tech Corridor,12.96,2.96,Condominium,879,879,1,1.0,1,1,0,2016,2016,0,5,3.91,5,374800.0
-6.43828,106.88184,South Hills,25.79,1.34,Luxury Villa,5256,27259,5,3.5,2,4,1,2021,2021,0,3,6.45,7,3238900.0
-6.2292,106.82643,Downtown / CBD,3.11,0.41,Condominium,1619,1619,2,1.0,1,1,1,2002,2020,1,6,3.8,7,941400.0
-6.31012,106.79796,South Hills,12.43,0.2,Single Family,1100,3445,3,2.5,2,2,0,2009,2009,0,5,6.01,5,616800.0
-6.20754,106.68684,West Waterfront,17.62,2.81,Condominium,1095,1095,2,1.0,1,1,1,1992,1992,0,3,7.28,7,441500.0
-6.14821,106.78272,Tech Corridor,9.69,4.19,Luxury Villa,2978,9724,4,5.0,3,3,0,2023,2023,0,7,4.92,10,2883000.0
-6.08708,106.80736,Tech Corridor,14.16,3.59,Single Family,2828,8015,5,2.5,2,2,0,1984,2018,1,4,3.94,8,1507200.0
-6.22884,106.83868,South Hills,2.35,0.15,Single Family,2563,6626,5,2.5,2,1,0,2012,2012,0,6,2.59,5,1505200.0
-6.33226,106.93539,South Hills,16.95,1.2,Single Family,2915,9019,4,2.0,2,2,0,1982,1982,0,7,4.28,6,1158700.0
-6.36803,106.86226,South Hills,17.77,14.87,Single Family,2035,3852,3,2.5,2,2,0,2022,2022,0,4,4.47,7,806500.0
-6.37151,106.89481,South Hills,18.87,2.28,Condominium,1193,1193,2,1.5,1,1,0,1983,1983,0,4,6.5,6,363200.0
-6.19215,106.68574,West Waterfront,17.84,0.21,Condominium,866,866,1,2.0,1,1,0,1978,1978,0,2,4.0,5,249300.0
-6.05273,106.91542,North Suburbs,18.98,5.09,Single Family,1548,2895,3,2.0,2,1,0,1989,1989,0,7,5.82,6,591400.0
-6.09805,106.75186,Tech Corridor,16.11,0.5,Townhouse,1495,1875,3,2.5,2,2,1,2013,2013,0,2,5.67,7,707400.0
-6.15323,106.79554,Downtown / CBD,8.3,2.33,Single Family,2830,7106,4,1.5,1,2,0,1982,2015,1,6,4.54,4,1364100.0
-6.18755,106.85963,Downtown / CBD,2.83,5.64,Condominium,1498,1498,3,1.0,1,1,0,2009,2009,0,4,4.32,6,687600.0
-6.08322,106.80397,Tech Corridor,14.68,1.65,Single Family,2275,7258,3,2.0,1,3,0,1976,1990,1,4,4.4,4,763300.0
-6.0656,106.74094,Tech Corridor,19.69,4.16,Single Family,2597,6876,3,2.5,2,1,0,2012,2012,0,2,4.99,4,781200.0
-6.10123,106.80775,Tech Corridor,12.66,0.4,Single Family,1868,3738,3,2.5,1,1,0,2007,2007,0,5,8.05,5,743400.0
-6.21487,106.85984,Downtown / CBD,1.72,1.44,Townhouse,1524,1819,2,1.5,3,2,0,1999,1999,0,6,4.42,6,908400.0
-6.20445,106.71065,West Waterfront,14.99,6.14,Single Family,2184,7123,4,2.5,2,1,0,2002,2002,0,5,4.83,6,1181300.0
-6.24237,106.98686,South Hills,16.12,1.96,Townhouse,1665,2643,3,2.0,3,2,0,1999,1999,0,3,4.51,8,759500.0
-6.03887,106.92836,North Suburbs,20.98,0.61,Townhouse,2024,2774,3,2.5,2,1,0,2017,2017,0,4,7.67,4,697300.0
-6.19263,106.90578,Downtown / CBD,6.92,1.27,Single Family,3262,8150,3,2.0,2,2,1,2021,2021,0,5,4.41,6,1883200.0
-6.23693,106.84682,Downtown / CBD,3.13,0.16,Single Family,2869,5968,3,2.0,1,2,1,2021,2021,0,8,3.74,8,2462000.0
-6.36391,106.90967,South Hills,18.63,3.84,Single Family,2265,7710,3,2.5,2,1,0,2000,2000,0,2,6.1,5,767900.0
-6.14087,106.91684,North Suburbs,10.93,1.45,Single Family,2082,5773,3,2.0,1,2,0,2001,2017,1,5,4.41,7,1136500.0
-6.06614,106.90375,North Suburbs,17.1,1.36,Single Family,2338,8148,4,1.5,2,1,0,1989,2010,1,6,6.97,6,1155900.0
-6.20528,106.81865,Downtown / CBD,3.02,0.1,Condominium,691,691,1,1.0,1,1,1,2021,2021,0,5,6.13,5,405400.0
-6.22216,106.86766,North Suburbs,2.86,0.28,Townhouse,1675,1895,2,2.0,2,1,0,1991,2005,1,7,3.22,8,1152000.0
-6.30388,106.84751,South Hills,10.56,0.42,Townhouse,1812,2231,3,2.0,3,1,1,2016,2016,0,6,4.89,8,1183200.0
-6.05708,106.79482,Tech Corridor,17.76,1.84,Townhouse,2422,2773,4,2.0,2,1,1,2012,2012,0,3,6.15,5,925600.0
-6.19733,106.84839,Downtown / CBD,1.31,2.17,Single Family,3141,7537,4,2.0,2,2,0,2002,2002,0,7,4.65,3,1425300.0
-6.04661,106.87085,North Suburbs,18.22,0.23,Single Family,3524,10676,3,1.5,1,3,1,1981,2000,1,2,7.26,4,1279600.0
-6.41965,106.83821,South Hills,23.42,10.48,Townhouse,1828,2095,3,2.0,2,2,0,2016,2016,0,2,5.02,7,657800.0
-6.17473,106.82481,Downtown / CBD,4.43,2.4,Condominium,1248,1248,1,1.0,1,1,1,1980,1980,0,7,4.47,4,420000.0
-6.1213,106.9799,North Suburbs,17.79,5.04,Condominium,926,926,1,2.0,1,0,1,1979,1979,0,1,5.36,8,293400.0
-6.17065,106.83265,Downtown / CBD,4.47,0.41,Condominium,626,626,3,1.0,1,1,1,2003,2003,0,3,4.83,6,339700.0
-6.22104,106.83716,Downtown / CBD,1.65,0.47,Luxury Villa,4985,12606,6,3.5,3,3,1,1996,2021,1,7,1.43,8,4332500.0
-6.09554,106.91665,North Suburbs,14.84,3.22,Townhouse,1797,2387,3,2.0,2,2,0,2011,2011,0,8,4.17,6,934700.0
-6.245,106.70988,West Waterfront,15.59,5.2,Townhouse,1697,2701,3,2.0,3,1,0,2011,2011,0,6,3.57,5,801100.0
-6.18715,106.85771,Downtown / CBD,2.75,0.24,Condominium,912,912,2,2.0,1,1,1,2016,2016,0,5,3.03,6,640300.0
-6.19003,106.851,Downtown / CBD,2.17,1.62,Luxury Villa,5935,30389,4,5.0,3,2,1,2014,2014,0,7,3.75,10,5513000.0
-6.28178,106.77293,West Waterfront,11.43,8.03,Single Family,2114,4537,5,2.5,2,2,1,2014,2014,0,5,6.33,9,1594600.0
-6.28423,106.95294,South Hills,14.56,8.88,Townhouse,1808,2249,3,2.5,2,2,0,2019,2019,0,3,5.55,7,824100.0
-6.32769,106.94313,South Hills,17.07,3.19,Townhouse,1883,2655,3,2.5,2,1,0,2019,2019,0,5,5.25,6,806300.0
-6.28439,106.7153,West Waterfront,16.72,1.7,Townhouse,1963,2269,4,2.5,2,2,0,1980,1980,0,5,7.28,6,780200.0
-6.20671,106.85136,Downtown / CBD,0.68,2.64,Single Family,2554,5964,3,2.0,1,2,0,2006,2018,1,5,3.36,3,1252100.0
-5.94299,106.91476,North Suburbs,30.49,1.12,Townhouse,2560,2980,2,2.5,2,2,0,2000,2000,0,3,9.24,7,770700.0
-6.25109,106.70892,West Waterfront,15.88,1.01,Condominium,989,989,2,1.0,1,1,0,1976,1976,0,4,4.64,7,399700.0
-6.21688,106.87141,Downtown / CBD,3.0,1.37,Single Family,2697,6614,4,2.0,1,3,0,2016,2016,0,6,3.31,7,1713800.0
-6.22748,106.78101,Downtown / CBD,7.46,0.62,Single Family,2207,5309,4,2.5,2,3,0,2014,2014,0,4,4.19,7,1433700.0
-6.16702,106.80526,Tech Corridor,6.45,3.0,Luxury Villa,5441,14047,5,3.5,2,3,1,1982,1982,0,7,4.49,7,2540200.0
-6.20738,106.79776,Downtown / CBD,5.31,0.46,Single Family,2555,6744,2,3.0,1,2,0,1978,2023,1,6,4.79,3,1382100.0
-6.01154,106.96249,North Suburbs,25.45,0.49,Single Family,1785,5397,5,1.5,2,2,1,2018,2018,0,3,6.56,6,877200.0
-6.2342,106.8621,Downtown / CBD,3.36,1.29,Condominium,975,975,2,1.5,1,1,1,2015,2015,0,6,3.16,5,558400.0
-6.36315,106.87796,South Hills,17.51,2.34,Condominium,862,862,1,2.0,1,1,0,1976,1976,0,6,5.57,5,274600.0
-6.07788,106.97081,North Suburbs,20.11,4.2,Single Family,1729,3539,4,1.5,2,3,1,1986,2023,1,5,4.83,5,818600.0
-6.04245,106.75884,Tech Corridor,20.82,0.38,Single Family,2401,8375,4,1.5,1,2,0,2007,2016,1,2,6.3,6,967300.0
-6.16556,106.87834,Downtown / CBD,6.02,2.3,Condominium,669,669,2,2.0,1,1,0,1984,1984,0,5,3.6,6,300500.0
-6.16901,106.75797,Tech Corridor,10.68,1.25,Townhouse,1683,2361,3,2.5,3,1,1,2008,2008,0,4,6.59,5,748400.0
-6.18088,106.75835,West Waterfront,10.17,4.38,Condominium,899,899,3,1.0,1,1,0,1993,1993,0,6,4.5,5,406200.0
-6.36969,106.86804,South Hills,18.03,3.75,Townhouse,1818,2089,3,2.0,3,2,1,2020,2020,0,3,6.71,5,740800.0
-5.96882,106.88986,North Suburbs,27.09,11.19,Single Family,2756,9504,2,2.5,2,2,1,2005,2005,0,3,7.53,4,812200.0
-6.2096,106.85212,Downtown / CBD,0.73,1.78,Townhouse,949,1114,2,2.5,2,2,0,2011,2011,0,7,5.37,9,755500.0
-6.32596,106.96368,South Hills,18.46,1.32,Townhouse,1824,2058,3,2.0,3,1,0,2001,2007,1,5,6.13,4,626200.0
-6.13936,106.80997,Downtown / CBD,8.66,5.43,Townhouse,1572,2138,2,1.5,2,2,0,1977,1977,0,5,3.81,7,609600.0
-6.21257,106.88403,Downtown / CBD,4.29,3.08,Townhouse,2131,2679,3,2.0,3,2,0,1984,1984,0,5,5.99,7,1026900.0
-6.11223,106.79689,Tech Corridor,12.01,4.6,Townhouse,1012,1486,2,2.5,3,1,0,2013,2013,0,6,8.11,8,573800.0
-6.09833,106.83146,North Suburbs,12.36,1.06,Single Family,1946,6200,3,3.0,2,3,1,1979,2016,1,4,5.91,5,1058000.0
-6.33187,106.91382,South Hills,15.62,2.11,Condominium,700,700,2,1.0,1,1,0,1989,2015,1,3,6.11,7,268600.0
-6.19591,106.78934,Downtown / CBD,6.41,2.05,Condominium,578,578,1,1.5,1,0,1,1998,2016,1,6,3.94,7,347900.0
-6.3099,106.7765,West Waterfront,13.59,1.58,Single Family,1796,5089,2,2.5,2,3,0,2009,2009,0,4,4.95,6,1000000.0
-6.20774,106.80887,Downtown / CBD,4.08,0.85,Townhouse,1506,1745,2,2.0,2,1,0,1980,1980,0,4,3.56,8,597000.0
-6.18445,106.68185,West Waterfront,18.38,4.16,Condominium,1071,1071,1,1.0,1,1,1,2004,2004,0,4,5.77,6,467800.0
-6.21347,106.83949,Downtown / CBD,0.85,2.16,Single Family,2037,3878,3,2.0,2,2,0,2014,2014,0,6,3.89,7,1475400.0
-6.10542,106.85142,North Suburbs,11.49,2.0,Condominium,1233,1233,2,2.0,1,2,0,2013,2013,0,6,5.58,4,529300.0
-6.08608,106.81246,Tech Corridor,14.11,0.1,Single Family,2612,7180,4,2.5,1,2,1,2015,2015,0,1,5.11,5,1113000.0
-6.20705,106.85232,Downtown / CBD,0.77,0.86,Condominium,864,864,2,1.0,1,0,0,1995,1995,0,7,1.27,5,401300.0
-6.35232,106.92376,South Hills,18.14,1.4,Single Family,1536,3239,3,2.5,2,3,0,2006,2023,1,3,5.62,6,703200.0
-6.20864,106.88117,Downtown / CBD,3.95,0.58,Townhouse,1807,2101,4,2.0,3,1,1,2000,2023,1,6,3.57,6,1179700.0
-6.07439,106.98122,North Suburbs,21.19,1.98,Townhouse,1692,2638,3,2.0,2,2,0,1987,1987,0,3,5.3,7,545800.0
-6.26308,106.744,West Waterfront,12.79,1.53,Townhouse,1269,1713,3,2.5,2,1,0,1975,1975,0,4,4.76,5,473000.0
-6.23856,106.74846,West Waterfront,11.28,2.11,Single Family,2389,5158,3,2.0,2,2,0,2007,2013,1,6,6.56,4,1156000.0
-6.31592,106.92105,South Hills,14.54,5.46,Luxury Villa,3972,18940,4,3.5,2,2,0,1995,2017,1,5,6.43,9,2618400.0
-6.43618,106.89858,South Hills,25.91,3.77,Single Family,2047,4619,3,3.0,1,2,1,2016,2016,0,1,8.04,6,730900.0
-6.30272,106.75521,West Waterfront,14.47,0.56,Townhouse,2052,2510,2,2.5,2,1,0,1990,2020,1,5,4.96,7,1082100.0
-6.15333,106.86299,Downtown / CBD,6.45,3.76,Townhouse,1733,2463,3,2.5,2,1,1,1996,1996,0,7,6.18,7,935200.0
-6.27126,106.84162,Downtown / CBD,6.95,10.38,Single Family,2034,4979,3,1.5,1,1,0,2004,2004,0,7,3.52,7,1050300.0
-6.19462,106.93615,Tech Corridor,10.17,3.18,Single Family,3185,10282,2,2.0,1,2,0,2012,2012,0,6,5.4,5,1564600.0
-6.1661,106.74536,West Waterfront,12.09,4.3,Single Family,1946,4727,4,2.5,2,2,1,1980,2011,1,4,5.38,6,1141000.0
-5.97892,106.9088,North Suburbs,26.46,11.82,Luxury Villa,3213,16224,5,6.0,2,2,1,2011,2011,0,2,6.8,9,1907100.0
-6.22233,106.89076,South Hills,5.23,0.57,Single Family,1824,4786,2,1.5,2,1,0,1995,2004,1,4,4.99,6,964700.0
-6.17648,106.81121,Tech Corridor,5.24,0.67,Luxury Villa,3675,21413,6,6.0,2,2,1,2010,2010,0,4,3.92,6,2698000.0
-6.16964,106.84591,Downtown / CBD,4.35,0.18,Single Family,2336,5415,4,3.0,1,1,1,2014,2014,0,2,2.43,6,1206400.0
-6.12817,106.88507,North Suburbs,9.97,1.61,Single Family,1840,6005,4,2.0,1,1,1,1987,1987,0,8,3.64,7,969500.0
-6.336,106.74753,West Waterfront,17.83,1.46,Townhouse,1561,2177,3,2.0,2,1,0,2000,2015,1,5,4.62,5,739100.0
-6.1349,106.86047,Downtown / CBD,8.37,2.25,Single Family,1930,6341,2,2.0,2,2,0,2013,2013,0,4,4.33,7,1119000.0
-6.18952,106.84395,Downtown / CBD,2.15,0.74,Townhouse,1735,2183,3,1.5,3,1,0,2013,2013,0,7,0.73,5,905800.0
-6.35295,106.90463,South Hills,17.29,0.1,Single Family,2631,7725,3,2.0,2,2,0,2001,2019,1,2,6.0,8,1292800.0
-6.03479,106.9413,North Suburbs,22.04,4.64,Single Family,2723,9036,3,2.0,2,1,1,1978,1978,0,4,6.66,3,668800.0
-6.09486,106.78858,Tech Corridor,14.14,0.1,Single Family,1644,4860,3,2.5,1,1,0,2023,2023,0,2,3.21,8,894300.0
-6.11102,106.89704,North Suburbs,12.26,2.69,Condominium,478,478,2,2.0,1,1,1,2003,2003,0,6,4.79,4,233100.0
-6.26171,106.75019,West Waterfront,12.11,0.47,Single Family,1992,4135,4,1.5,2,2,1,1993,2006,1,4,4.28,8,1316600.0
-6.14975,106.79839,Tech Corridor,8.39,4.26,Single Family,2692,5722,3,2.0,1,2,0,1985,1985,0,7,4.15,7,1404500.0
-6.02799,106.93266,North Suburbs,22.28,1.07,Single Family,2952,8953,5,2.0,2,1,0,1977,1977,0,1,4.82,5,691300.0
-6.135,106.83072,North Suburbs,8.36,0.85,Condominium,725,725,3,2.0,1,0,0,1984,1984,0,7,3.81,4,299600.0
-6.02962,106.83692,North Suburbs,19.91,1.08,Townhouse,1883,2773,3,2.0,3,1,0,2017,2017,0,4,5.12,6,845000.0
-6.2435,106.65485,West Waterfront,21.52,6.96,Single Family,2556,6582,4,2.0,2,2,0,1987,2009,1,1,7.56,8,1256400.0
-6.15101,106.77824,Tech Corridor,9.85,0.7,Single Family,2897,8298,4,3.0,2,3,1,2016,2016,0,4,4.14,4,1310000.0
-6.02012,106.7745,Tech Corridor,22.38,6.61,Single Family,1691,3400,2,2.0,1,3,0,1979,1979,0,1,4.87,6,446300.0
-6.19421,106.8595,Tech Corridor,2.24,3.97,Single Family,2405,7804,2,2.5,2,2,0,2013,2013,0,5,1.77,6,1535700.0
-6.20447,106.71301,West Waterfront,14.73,0.53,Single Family,1332,3389,4,2.5,2,2,1,1978,1978,0,1,2.77,6,519600.0
-6.22601,106.76637,West Waterfront,9.0,2.75,Single Family,1868,6145,3,1.5,2,2,0,1991,1991,0,4,6.14,9,1105100.0
-6.24903,106.75671,West Waterfront,10.83,1.12,Condominium,963,963,1,1.0,1,1,1,1993,2017,1,5,2.75,4,467100.0
-6.29495,106.71806,West Waterfront,17.08,1.14,Condominium,1379,1379,2,2.0,1,1,1,2012,2012,0,3,4.93,9,875300.0
-6.08674,106.88684,North Suburbs,14.3,1.82,Townhouse,1642,2009,3,2.0,2,2,0,2020,2020,0,5,7.31,7,828000.0
-6.11912,106.84642,Tech Corridor,9.95,2.18,Condominium,696,696,1,1.0,1,0,1,2019,2019,0,3,2.9,6,324800.0
-6.33049,106.97566,South Hills,19.77,2.83,Single Family,2111,5471,5,2.0,2,2,1,2011,2011,0,3,6.18,6,958000.0
-6.02063,106.86999,North Suburbs,21.06,1.66,Single Family,2600,6814,3,2.5,2,2,0,1978,1978,0,5,4.33,6,754100.0
-6.29096,106.70561,West Waterfront,18.02,0.83,Townhouse,1950,2938,2,2.5,2,2,1,1988,1997,1,2,6.5,6,866300.0
-6.29705,106.9042,South Hills,11.76,4.59,Luxury Villa,2703,14110,4,3.5,2,3,1,1993,1993,0,6,3.99,10,1859300.0
-6.12635,106.81682,Tech Corridor,9.69,3.85,Single Family,3186,10147,4,1.5,2,3,1,2023,2023,0,3,4.84,7,1948700.0
-6.25863,106.88581,Downtown / CBD,7.11,6.33,Condominium,705,705,2,1.5,1,1,1,1997,2005,1,7,4.1,5,351400.0
-6.03973,107.00122,North Suburbs,25.51,2.78,Condominium,872,872,2,1.0,1,1,0,2015,2015,0,4,6.02,7,329100.0
-6.11968,106.75141,Tech Corridor,14.39,0.28,Townhouse,1426,2070,3,2.5,2,2,0,1997,1997,0,4,5.58,6,595400.0
-6.40913,106.88797,South Hills,22.73,2.83,Single Family,2799,7417,3,2.5,1,2,0,2017,2017,0,2,6.92,7,1197500.0
-6.23275,106.83915,Downtown / CBD,2.75,3.25,Luxury Villa,5228,21039,5,4.0,3,2,1,2002,2018,1,6,3.99,8,4283800.0
-6.06485,106.79873,North Suburbs,16.8,2.0,Single Family,1476,4794,5,2.0,1,2,0,1997,2005,1,5,6.31,7,692600.0
-6.00045,106.98095,North Suburbs,27.58,7.46,Single Family,2636,8324,3,2.5,2,2,0,1997,1997,0,5,7.39,8,1081500.0
-6.16186,106.80711,Downtown / CBD,6.74,1.23,Single Family,1749,3989,3,2.0,1,2,1,2013,2013,0,7,2.55,4,1024600.0
-6.11202,106.76154,Tech Corridor,14.23,3.36,Single Family,2058,7182,4,2.0,2,2,1,1982,1982,0,7,3.46,8,1130000.0
-6.13373,106.7965,Tech Corridor,9.96,1.99,Single Family,1981,4657,4,3.0,2,2,1,1980,1980,0,5,3.43,5,864900.0
-6.31817,106.7183,West Waterfront,18.63,1.77,Single Family,2720,8769,2,2.5,1,3,0,1998,1998,0,1,7.09,5,1085200.0
-6.23449,106.77205,West Waterfront,8.65,0.27,Condominium,1234,1234,2,1.0,1,1,1,1982,1982,0,6,5.43,8,671500.0
-6.27092,106.75328,West Waterfront,12.35,11.03,Luxury Villa,4933,23336,5,4.0,2,4,1,2003,2003,0,6,4.24,7,3425500.0
-6.32924,106.69656,West Waterfront,21.27,0.34,Single Family,2271,5702,3,2.5,1,2,0,1986,1986,0,3,7.09,4,771100.0
-6.21781,106.87269,North Suburbs,3.17,1.78,Townhouse,2280,3554,4,2.5,2,2,0,1985,1985,0,4,3.42,6,1035000.0
-6.29014,106.90773,South Hills,11.36,2.6,Townhouse,2017,2703,4,2.5,2,1,0,1993,1993,0,6,4.73,6,827500.0
-6.06288,106.98434,North Suburbs,22.35,8.08,Townhouse,1605,2209,3,2.0,2,1,0,1993,1993,0,6,5.57,3,393500.0
-6.37442,106.88616,South Hills,18.93,0.85,Single Family,2235,4397,3,1.5,1,2,0,2012,2012,0,3,6.53,6,847600.0
-6.16311,106.89186,Downtown / CBD,7.22,1.18,Townhouse,1615,2103,3,2.5,2,1,1,1987,2006,1,5,4.52,8,955800.0
-6.08276,107.02197,North Suburbs,24.06,3.2,Single Family,1254,2565,4,2.5,2,2,0,1987,1987,0,2,5.88,4,360600.0
-6.25428,106.63979,West Waterfront,23.4,2.43,Townhouse,1312,1628,2,2.0,2,2,0,2020,2020,0,5,6.25,6,702600.0
-6.26701,106.69894,West Waterfront,17.51,2.23,Condominium,659,659,1,1.5,1,1,0,1998,1998,0,7,5.81,7,342400.0
-6.12092,106.78449,Tech Corridor,11.88,0.22,Townhouse,1574,2311,2,2.0,2,1,1,2014,2014,0,4,2.4,7,803300.0
-6.07992,106.85458,North Suburbs,14.34,3.32,Single Family,2191,4306,2,2.0,2,2,1,1981,1981,0,2,3.41,8,764200.0
-6.1343,106.83333,Tech Corridor,8.38,1.04,Luxury Villa,4786,16689,4,4.0,2,3,1,1988,2012,1,3,6.09,8,2974500.0
-6.21612,106.70537,West Waterfront,15.59,0.21,Townhouse,1556,2334,3,2.5,3,1,0,1980,1993,1,3,6.49,8,768800.0
-6.31403,106.91147,South Hills,13.78,4.29,Condominium,1112,1112,1,2.0,1,1,1,2013,2013,0,2,5.52,9,551000.0
-6.05242,106.94715,North Suburbs,20.7,1.08,Single Family,2340,7375,4,2.0,2,3,0,1982,1982,0,2,5.6,8,845400.0
-6.19437,106.83281,Downtown / CBD,2.14,0.6,Single Family,2188,6626,3,2.5,2,1,0,2001,2001,0,6,4.82,5,1146300.0
-6.15113,106.83322,Tech Corridor,6.55,0.54,Condominium,1216,1216,1,2.0,1,0,1,2004,2009,1,2,3.89,6,552700.0
-6.02411,106.92749,North Suburbs,22.42,1.28,Single Family,2069,6604,3,2.0,1,2,0,2003,2003,0,4,6.9,4,692700.0
-6.17679,106.77152,Tech Corridor,8.96,1.58,Townhouse,1670,2615,3,2.0,2,2,1,2007,2007,0,7,4.04,6,891900.0
-6.16284,106.84044,Tech Corridor,5.13,0.7,Condominium,779,779,2,1.0,1,1,1,2012,2012,0,8,5.12,6,486200.0
-6.30059,106.86648,South Hills,10.45,1.7,Single Family,2051,6853,3,1.5,2,2,0,2006,2006,0,5,4.79,7,1189000.0
-6.06156,107.01094,North Suburbs,24.57,0.74,Single Family,3083,8627,4,1.5,1,1,0,1987,1987,0,6,6.94,4,904900.0
-6.14849,106.83328,Downtown / CBD,6.83,3.61,Townhouse,1262,1831,3,2.0,3,1,1,2013,2013,0,7,4.08,7,845900.0
-6.25569,106.94728,South Hills,12.43,1.46,Townhouse,1939,2849,4,1.5,3,2,0,2006,2006,0,4,3.5,6,864300.0
-6.15934,106.76768,Tech Corridor,10.24,2.28,Single Family,1828,5502,4,2.5,1,3,0,1986,1986,0,4,3.56,5,774600.0
-6.21902,106.81813,Tech Corridor,3.25,1.57,Townhouse,1779,2545,2,2.0,2,1,0,1998,1998,0,7,2.08,6,877600.0
-6.20936,106.82921,Downtown / CBD,1.82,1.42,Single Family,3065,9090,4,2.0,2,2,0,2003,2003,0,5,5.2,5,1673500.0
-6.15092,106.77343,Tech Corridor,10.27,3.07,Condominium,450,450,2,1.0,1,2,1,2018,2018,0,7,5.13,3,219300.0
-6.37856,107.00341,South Hills,25.73,2.15,Single Family,2327,5987,3,2.5,2,3,0,2004,2004,0,4,6.9,5,930200.0
-6.17285,106.9456,North Suburbs,11.8,3.81,Single Family,1954,6179,3,2.0,2,2,1,2016,2016,0,7,4.71,6,1186500.0
-6.16584,106.80778,Tech Corridor,6.35,0.48,Condominium,942,942,2,2.0,1,1,0,2023,2023,0,4,4.65,5,452500.0
-6.1201,106.98022,North Suburbs,17.9,0.39,Luxury Villa,4274,16072,4,3.5,3,4,1,2001,2001,0,4,4.71,10,2448400.0
-6.24894,106.67348,West Waterfront,19.62,2.12,Condominium,925,925,3,1.5,1,1,1,1997,1997,0,3,5.71,6,415200.0
-6.28433,106.74791,West Waterfront,13.71,0.79,Luxury Villa,4282,12911,4,3.5,2,2,1,2020,2020,0,3,6.54,9,2850100.0
-6.04662,106.88516,North Suburbs,18.53,0.5,Condominium,1029,1029,3,2.0,1,0,1,2013,2013,0,4,4.79,5,413000.0
-6.17848,106.79332,Tech Corridor,6.71,0.22,Townhouse,1432,1785,3,2.0,2,2,1,2010,2010,0,4,3.74,6,849000.0
-5.99316,106.91732,North Suburbs,25.23,6.03,Luxury Villa,4527,11634,4,6.0,2,2,0,2014,2014,0,3,6.42,5,1578100.0
-6.20653,106.8392,Downtown / CBD,0.75,0.12,Condominium,1094,1094,3,1.5,1,1,0,2010,2010,0,4,4.68,5,631600.0
-6.07094,106.86777,North Suburbs,15.5,5.8,Luxury Villa,2290,11993,5,3.5,2,3,0,1986,2017,1,5,6.43,8,1689800.0
-6.02353,107.02572,North Suburbs,28.68,3.37,Condominium,450,450,1,1.5,1,1,1,1977,1977,0,3,6.22,8,138100.0
-6.40478,106.90433,South Hills,22.71,15.0,Townhouse,1950,2317,2,2.0,2,1,0,2004,2004,0,2,6.61,5,518000.0
-6.00528,106.87978,North Suburbs,22.91,1.15,Townhouse,1445,2120,3,2.5,2,1,0,1979,1979,0,4,5.86,8,555900.0
-6.15044,106.79446,Tech Corridor,8.61,6.91,Condominium,1051,1051,1,1.5,1,1,1,1997,1997,0,7,3.73,5,493400.0
-6.06855,106.75571,Tech Corridor,18.49,3.09,Townhouse,1855,2879,3,1.5,2,2,0,1994,2008,1,2,5.29,7,780700.0
-6.12223,106.84618,Tech Corridor,9.61,0.18,Townhouse,1192,1322,3,2.0,2,1,0,2003,2008,1,6,3.17,7,600600.0
-6.07151,106.88269,North Suburbs,15.79,0.64,Condominium,1216,1216,1,1.0,1,1,1,2013,2013,0,6,4.73,4,522000.0
-6.09408,106.92684,North Suburbs,15.6,0.1,Condominium,950,950,2,2.0,1,2,1,2022,2022,0,7,5.9,7,606100.0
-6.04887,106.84582,North Suburbs,17.75,7.53,Single Family,1779,5430,3,2.0,2,2,1,1992,2013,1,7,4.36,6,995300.0
-6.1295,106.84477,Tech Corridor,8.8,11.58,Single Family,710,1571,4,2.0,2,2,0,1994,1994,0,6,4.79,8,469500.0
-6.18871,106.82606,Downtown / CBD,3.11,1.14,Single Family,2361,6650,3,2.0,2,3,0,2006,2006,0,7,3.29,8,1695800.0
-6.32673,106.95169,South Hills,17.61,0.65,Single Family,1229,2428,3,2.5,2,3,1,1984,2021,1,6,3.76,5,674400.0
-6.23837,106.85282,Downtown / CBD,3.38,0.83,Townhouse,2066,3268,2,2.0,2,1,0,1988,1988,0,5,4.01,5,821900.0
-6.22657,106.78976,Tech Corridor,6.5,4.97,Single Family,2002,3916,3,2.0,1,2,0,1978,1978,0,5,4.02,5,737200.0
-6.2705,106.75511,West Waterfront,12.16,0.2,Townhouse,1032,1141,2,2.0,2,1,1,2007,2007,0,4,5.22,5,534500.0
-6.29958,106.9414,South Hills,14.65,1.1,Condominium,984,984,2,1.5,1,0,0,1977,1977,0,3,5.9,6,287100.0
-6.26055,106.89768,Downtown / CBD,8.15,0.64,Townhouse,1414,1749,4,2.0,2,1,1,2004,2004,0,6,5.62,6,725800.0
-5.96608,107.05461,North Suburbs,35.55,5.29,Condominium,1029,1029,1,1.0,1,0,1,1999,2014,1,4,7.63,5,302800.0
-6.2409,106.83451,Downtown / CBD,3.77,9.01,Single Family,1453,3102,3,2.5,1,2,1,2003,2003,0,5,3.42,9,1043300.0
-6.2284,106.8225,Downtown / CBD,3.36,0.81,Single Family,1521,4040,4,2.5,1,3,0,2001,2001,0,7,5.87,7,1129600.0
-6.24156,106.78527,West Waterfront,7.62,1.7,Single Family,1273,4259,3,3.0,1,1,0,1999,2009,1,4,5.09,4,691000.0
-6.19322,106.84514,Downtown / CBD,1.73,1.4,Townhouse,2112,2464,3,2.0,2,1,0,2016,2016,0,6,3.16,6,1388100.0
-6.24838,106.72099,West Waterfront,14.51,2.76,Condominium,944,944,1,1.0,1,1,1,1983,1983,0,4,3.25,4,359100.0
-6.09643,106.88022,Tech Corridor,13.05,1.64,Single Family,2409,7807,4,3.0,2,2,0,1979,1979,0,5,5.06,8,1036100.0
-6.40885,106.87645,South Hills,22.47,0.13,Townhouse,1811,2476,2,2.5,2,2,0,2002,2002,0,4,6.95,4,613800.0
-6.2891,106.70705,West Waterfront,17.78,2.66,Condominium,1224,1224,1,1.0,1,1,1,2018,2018,0,4,6.82,7,760000.0
-6.07142,106.86224,North Suburbs,15.36,2.94,Townhouse,1855,2682,2,2.5,2,2,1,2020,2020,0,5,5.26,5,852500.0
-6.33241,106.9312,South Hills,16.69,0.78,Townhouse,1792,2499,3,2.5,2,1,0,1984,1984,0,4,7.09,7,633000.0
-6.30696,106.74063,West Waterfront,15.95,3.54,Townhouse,1175,1824,2,2.5,2,2,1,1981,1981,0,4,5.22,4,418100.0
-6.23685,106.67403,West Waterfront,19.3,13.25,Luxury Villa,5416,26455,5,3.5,2,3,0,2011,2011,0,3,6.18,8,3506200.0
-6.3603,106.71705,West Waterfront,22.05,2.61,Single Family,1570,3439,3,2.0,2,2,1,1988,1988,0,5,6.3,4,638000.0
-5.92542,106.87384,North Suburbs,31.61,1.39,Townhouse,1862,2747,4,1.5,2,1,0,2014,2014,0,2,6.05,6,648300.0
-6.20904,106.82904,Downtown / CBD,1.84,0.88,Single Family,1032,2807,4,2.5,2,2,1,1989,1989,0,6,4.01,5,602800.0
-6.16237,106.8694,Downtown / CBD,5.79,0.86,Townhouse,1268,1787,3,1.5,2,1,0,2003,2003,0,5,4.2,6,589300.0
-6.08133,106.79879,Tech Corridor,15.07,2.0,Single Family,3224,8683,2,1.5,1,1,0,1989,1989,0,6,3.55,4,993700.0
-6.23742,106.76399,West Waterfront,9.6,0.84,Single Family,2936,6845,3,2.0,1,2,1,1991,1991,0,8,5.04,9,2149500.0
-6.29192,106.75432,West Waterfront,13.7,2.73,Single Family,1389,4055,3,2.5,2,2,0,2007,2007,0,3,3.53,7,855800.0
-6.29908,106.84706,South Hills,10.02,5.02,Luxury Villa,4937,12728,4,4.0,3,3,1,2007,2007,0,1,5.39,9,2580200.0
-6.27606,106.76603,West Waterfront,11.57,7.72,Single Family,1286,3597,3,2.5,2,2,1,1977,1977,0,3,5.73,4,527900.0
-6.22657,106.86649,Downtown / CBD,3.04,0.1,Townhouse,1103,1370,3,2.0,2,2,0,2014,2014,0,6,4.18,5,627400.0
-6.37389,106.83466,South Hills,18.37,0.1,Single Family,1915,4708,3,2.5,2,2,1,2006,2006,0,2,4.52,6,783400.0
-6.23973,106.86133,South Hills,3.85,10.07,Condominium,998,998,2,2.0,1,2,0,1994,1994,0,7,3.16,5,436100.0
-6.15205,106.79812,Tech Corridor,8.21,1.1,Single Family,2218,6092,4,1.5,1,1,1,1989,2002,1,7,3.91,5,1214300.0
-6.09563,106.75584,Tech Corridor,16.03,0.46,Single Family,2202,7585,2,2.0,1,2,1,1981,1997,1,5,4.69,6,1046300.0
-6.10092,106.78429,Tech Corridor,13.77,4.6,Single Family,2413,6360,4,2.0,1,1,1,1987,1987,0,2,5.42,5,754800.0
-6.18768,106.82243,Tech Corridor,3.48,3.51,Townhouse,1770,2596,3,2.0,3,2,0,2011,2011,0,7,3.29,5,957800.0
-6.11038,106.93897,North Suburbs,15.06,0.83,Townhouse,1575,1816,4,2.5,2,2,0,1985,1992,1,6,5.83,8,770000.0
-6.13553,106.82965,Tech Corridor,8.32,8.62,Luxury Villa,3661,9698,7,5.0,3,4,1,2010,2010,0,5,4.33,8,2137400.0
-6.27115,106.76116,West Waterfront,11.65,2.14,Townhouse,1240,1405,4,2.0,2,1,0,2015,2015,0,4,5.95,8,803000.0
-6.18727,106.82811,Downtown / CBD,3.08,0.24,Single Family,2837,5178,4,2.0,1,2,0,2020,2020,0,6,1.8,6,1924700.0
-6.24292,106.89327,South Hills,6.51,6.09,Townhouse,1222,1645,3,2.5,2,1,1,1996,1996,0,5,5.14,3,495200.0
-6.04385,106.90543,North Suburbs,19.48,3.23,Townhouse,1369,1543,2,1.5,2,1,1,1994,2014,1,4,5.2,6,533500.0
-6.33117,106.91629,South Hills,15.69,7.04,Townhouse,1398,1703,3,2.0,2,1,0,1993,1993,0,2,5.15,7,492100.0
-6.26875,106.91151,South Hills,9.89,1.37,Single Family,2281,7741,3,1.5,1,2,1,1985,1985,0,4,5.29,6,1040100.0
-6.1555,106.92286,North Suburbs,10.42,4.02,Single Family,1762,6065,4,2.5,2,2,0,1995,2003,1,6,5.2,5,934600.0
-6.03135,106.81598,North Suburbs,19.97,15.0,Luxury Villa,2887,9066,4,4.0,2,3,1,2002,2002,0,4,4.67,10,1583300.0
-6.28003,106.86516,South Hills,8.2,2.62,Single Family,1216,2579,2,3.0,2,2,0,2010,2010,0,10,3.41,5,719000.0
-6.07611,106.96952,North Suburbs,20.15,2.41,Townhouse,1708,2049,3,2.5,2,1,0,2020,2020,0,4,3.21,5,651700.0
-6.30584,106.92206,South Hills,13.71,2.65,Condominium,1173,1173,1,1.0,1,1,0,1993,2000,1,5,8.19,7,499400.0
-6.06831,106.74427,Tech Corridor,19.23,5.17,Single Family,1770,5973,2,2.0,2,2,1,2006,2023,1,1,7.38,6,724100.0
-6.11019,106.83604,Tech Corridor,11.0,8.28,Single Family,1126,2947,4,2.0,1,1,0,1986,1986,0,5,5.77,7,551100.0
-6.11704,106.80484,Tech Corridor,11.14,1.87,Luxury Villa,4232,19370,7,4.0,2,3,1,2001,2001,0,8,2.75,6,3114900.0
-6.2261,106.7289,West Waterfront,13.09,1.98,Single Family,2670,7130,3,1.5,2,2,1,1996,1996,0,3,2.85,5,1174000.0
-5.99249,106.90204,North Suburbs,24.81,7.42,Condominium,918,918,2,1.5,1,1,1,2005,2005,0,2,8.1,5,282200.0
-6.15283,106.82496,Downtown / CBD,6.62,0.5,Single Family,2613,8430,4,2.0,2,2,0,1976,1976,0,4,2.23,5,975100.0
-6.30028,106.94789,South Hills,15.23,0.14,Single Family,2229,4286,3,3.0,1,2,0,2020,2020,0,4,4.99,7,1233200.0
-6.12406,106.85343,Tech Corridor,9.45,2.44,Townhouse,728,823,2,2.5,2,1,0,2000,2000,0,4,5.47,7,387000.0
-6.20492,106.94139,Downtown / CBD,10.64,1.43,Single Family,2309,7992,4,2.0,2,2,1,1983,1983,0,5,5.07,5,971300.0
-6.25389,106.85917,Downtown / CBD,5.23,8.18,Townhouse,2124,3352,3,2.5,2,2,1,2013,2013,0,7,4.47,5,1035500.0
-6.07949,106.86507,Tech Corridor,14.51,1.06,Condominium,1142,1142,2,2.0,1,0,0,1989,1989,0,2,4.63,6,368800.0
-6.28237,106.71897,West Waterfront,16.26,0.5,Condominium,1034,1034,2,1.5,1,0,1,2013,2013,0,5,4.4,6,520200.0
-6.14036,106.72588,Tech Corridor,15.31,1.03,Townhouse,1755,2031,3,1.5,3,2,0,1995,2009,1,3,4.62,8,782300.0
-6.3431,106.75625,West Waterfront,17.91,11.23,Single Family,3043,8767,4,1.5,2,1,0,2014,2014,0,3,4.61,5,1218200.0
-6.25449,106.73958,West Waterfront,12.81,8.89,Single Family,1950,3606,2,2.0,2,3,1,1999,2006,1,4,5.51,6,1102500.0
-6.22919,106.74309,West Waterfront,11.6,6.24,Condominium,1268,1268,2,2.0,1,1,0,2002,2002,0,5,6.59,6,533600.0
-6.29344,106.77029,West Waterfront,12.58,4.14,Condominium,614,614,1,1.5,1,1,1,2007,2017,1,9,5.39,6,434500.0
-6.20917,106.89152,Downtown / CBD,5.1,2.07,Single Family,2912,7718,3,2.0,2,2,0,1989,1989,0,7,3.48,5,1405300.0
-6.28423,106.94343,South Hills,13.71,5.35,Single Family,2332,6020,4,3.0,2,3,0,2011,2011,0,4,6.15,8,1233000.0
-6.28157,106.87357,South Hills,8.65,1.73,Condominium,1360,1360,2,1.5,1,0,1,2010,2010,0,6,4.45,3,485200.0
-6.35604,106.94782,South Hills,19.9,1.54,Single Family,1671,3758,3,2.0,1,2,0,1989,2021,1,2,5.77,7,734000.0
-6.15234,106.87318,Downtown / CBD,6.97,0.17,Single Family,2805,5924,3,2.0,2,3,0,1995,1995,0,6,1.7,8,1622400.0
-6.1119,106.80065,Tech Corridor,11.86,1.59,Single Family,2633,6175,3,1.5,2,2,0,2012,2012,0,6,6.09,6,1323600.0
-6.27807,106.91578,South Hills,10.95,1.1,Single Family,2704,7093,3,3.0,1,3,0,2007,2007,0,7,3.59,7,1517200.0
-6.24197,106.68569,West Waterfront,18.13,2.04,Single Family,1907,4221,4,3.0,2,2,0,1984,1984,0,3,5.74,6,751200.0
-5.96852,106.85385,North Suburbs,26.69,0.67,Single Family,1321,3244,3,2.0,1,2,0,1981,2006,1,6,6.09,4,473100.0
-6.20569,106.773,Tech Corridor,8.07,0.94,Luxury Villa,3142,14581,5,3.5,2,3,1,2002,2002,0,7,5.99,9,2479500.0
-6.24795,106.73145,West Waterfront,13.39,2.21,Luxury Villa,3893,11471,5,3.5,2,2,0,1983,2013,1,4,2.38,9,2975700.0
-6.21095,106.74161,West Waterfront,11.55,2.73,Single Family,2759,6347,4,2.0,1,2,0,2021,2021,0,5,3.12,7,1798700.0
-6.12983,106.88681,Downtown / CBD,9.89,0.89,Single Family,2224,7026,3,2.5,1,1,0,2010,2010,0,4,5.58,6,1093600.0
-6.20582,106.81487,Downtown / CBD,3.43,1.8,Townhouse,1418,1945,3,1.5,2,1,0,2020,2020,0,4,3.4,7,892500.0
-5.98891,106.87413,North Suburbs,24.61,4.81,Condominium,1079,1079,2,1.5,1,1,0,1999,2009,1,4,5.56,5,339000.0
-6.2092,106.85758,Downtown / CBD,1.33,1.43,Single Family,1761,4982,3,2.5,2,2,0,2000,2000,0,6,3.56,6,1072900.0
-6.37077,106.88267,South Hills,18.44,0.57,Condominium,1346,1346,2,2.0,1,1,1,1988,1988,0,1,6.02,7,416900.0
-6.15078,106.79381,Tech Corridor,8.63,3.38,Townhouse,1650,2322,3,2.5,2,1,1,1976,1976,0,5,6.05,7,674400.0
-6.19327,106.81778,Downtown / CBD,3.54,0.61,Single Family,2522,6217,3,3.0,2,2,0,1982,1982,0,6,4.3,7,1216500.0
-6.09621,106.78987,Tech Corridor,13.94,1.76,Luxury Villa,3621,11378,7,5.0,2,3,1,1996,2007,1,4,5.98,8,2188500.0
-6.10506,106.96196,North Suburbs,17.3,4.25,Single Family,2552,5004,2,2.0,2,2,0,2011,2011,0,4,5.07,7,1186500.0
-6.0355,106.79553,North Suburbs,20.02,5.8,Luxury Villa,3549,21242,4,4.0,2,4,0,2017,2017,0,5,6.01,8,2511200.0
-6.35344,106.88668,South Hills,16.69,3.31,Townhouse,1802,2866,3,1.5,2,2,0,2018,2018,0,6,5.91,7,982800.0
-6.19048,106.8684,Downtown / CBD,3.25,0.39,Single Family,2795,5657,3,2.0,2,3,1,1988,1988,0,8,2.47,4,1312400.0
-6.07459,106.93692,North Suburbs,18.02,0.93,Condominium,927,927,1,1.5,1,0,1,1978,1985,1,2,3.74,6,282300.0
-6.34355,106.90585,South Hills,16.38,4.89,Townhouse,2102,2347,4,1.5,2,2,1,2000,2000,0,2,6.64,8,886600.0
-6.18841,106.91192,Downtown / CBD,7.7,0.12,Condominium,749,749,1,2.0,1,1,0,1998,2012,1,6,2.34,5,368300.0
-6.19466,106.8381,Downtown / CBD,1.78,1.96,Condominium,947,947,2,1.0,1,1,0,1994,2011,1,4,1.99,6,486300.0
-6.30717,106.84865,South Hills,10.92,3.71,Townhouse,1898,2743,2,2.0,2,1,1,2000,2006,1,6,3.43,6,955700.0
-6.2267,106.72157,West Waterfront,13.91,3.45,Condominium,1059,1059,2,1.0,1,0,1,1982,1999,1,4,5.79,7,443500.0
-6.20519,106.83592,Downtown / CBD,1.15,2.74,Condominium,770,770,2,1.5,1,1,0,1987,2009,1,9,2.29,4,444900.0
-6.23549,106.86837,Downtown / CBD,3.89,0.93,Condominium,675,675,3,1.0,1,1,0,1982,1982,0,8,3.05,5,285100.0
-6.18373,106.84477,Downtown / CBD,2.78,1.58,Condominium,1230,1230,2,1.5,1,1,0,1985,2002,1,9,2.47,7,882700.0
-6.3193,106.89087,South Hills,13.25,0.98,Single Family,2559,8443,4,3.0,1,2,0,2001,2018,1,6,5.74,7,1399900.0
-6.24507,106.96753,South Hills,14.12,6.98,Single Family,2597,8190,3,3.0,2,3,0,1992,1992,0,1,4.32,10,1146700.0
-6.40507,106.838,South Hills,21.8,0.17,Single Family,1596,5435,5,2.0,1,2,0,1980,1996,1,3,6.01,5,589000.0
-6.24256,106.84326,Downtown / CBD,3.76,0.43,Townhouse,2003,2561,4,2.0,3,1,0,2022,2022,0,4,4.83,6,1078100.0
-6.22159,106.94584,South Hills,11.22,0.86,Townhouse,1806,2098,4,2.5,2,1,1,2022,2022,0,6,5.16,7,1141400.0
-6.1129,106.87907,Tech Corridor,11.27,4.89,Single Family,2953,9574,4,2.5,2,1,1,1981,1981,0,5,5.49,10,1615300.0
-6.05579,106.88936,North Suburbs,17.66,5.24,Townhouse,1431,1948,3,2.0,3,2,0,1990,1990,0,5,4.56,7,559300.0
-6.12235,106.74217,Tech Corridor,14.96,2.11,Condominium,582,582,3,1.5,1,0,1,2005,2005,0,4,7.06,3,228600.0
-6.28335,106.76045,West Waterfront,12.56,1.68,Single Family,1798,5338,3,2.5,2,2,0,1975,2016,1,5,3.02,4,952500.0
-6.00332,106.88611,North Suburbs,23.25,6.14,Condominium,1204,1204,2,1.0,1,1,1,2019,2019,0,3,4.43,8,471400.0
-6.07287,106.85515,North Suburbs,15.13,5.03,Condominium,625,625,2,1.0,1,1,1,1975,1975,0,2,6.25,7,199300.0
-6.11679,106.76315,Tech Corridor,13.71,2.61,Luxury Villa,4768,23345,4,4.0,3,4,1,1998,1998,0,3,3.59,10,3073300.0
-6.13892,106.72976,Tech Corridor,15.02,3.83,Condominium,520,520,1,1.0,1,1,1,1977,1977,0,5,3.25,7,178300.0
-6.12245,107.00846,North Suburbs,20.46,7.84,Single Family,1959,6287,4,1.5,1,1,0,1987,1987,0,6,7.56,4,539700.0
-6.17276,106.86771,Downtown / CBD,4.69,0.57,Townhouse,1376,1951,4,2.0,3,2,0,2001,2008,1,4,5.51,7,756700.0
-6.04767,106.95785,North Suburbs,21.8,14.43,Single Family,1606,5380,2,2.5,2,2,1,1998,1998,0,5,7.07,6,626400.0
-6.17124,106.63008,West Waterfront,24.28,0.23,Townhouse,1525,1690,2,1.5,3,1,0,1991,2000,1,2,6.5,6,599300.0
-6.29154,106.8575,South Hills,9.28,0.54,Single Family,2013,4238,2,2.0,1,2,0,1990,2005,1,7,4.59,4,893600.0
-6.0951,106.7455,Tech Corridor,16.82,8.11,Single Family,2626,8420,5,2.0,1,3,0,1988,1988,0,2,6.83,8,953700.0
-6.30731,106.87471,South Hills,11.4,4.63,Single Family,2049,4220,4,2.0,2,2,0,2014,2014,0,6,4.99,5,1030700.0
-6.12256,106.79002,Tech Corridor,11.39,3.53,Single Family,1266,3388,4,2.0,2,2,1,2014,2014,0,4,4.99,6,662300.0
-6.29077,106.73468,West Waterfront,15.31,2.17,Single Family,1247,2521,2,2.5,2,1,0,1995,1995,0,3,3.74,6,513700.0
-6.13427,106.92774,North Suburbs,12.31,2.35,Luxury Villa,3581,17853,5,4.0,3,3,1,2006,2006,0,4,5.94,8,2416000.0
-6.17468,106.74764,Tech Corridor,11.51,0.47,Single Family,751,1721,4,2.5,2,2,0,2019,2019,0,7,5.46,6,515400.0
-6.26132,106.70741,West Waterfront,16.41,4.75,Condominium,970,970,2,1.0,1,1,1,2014,2014,0,3,6.75,7,502100.0
-6.33355,106.90091,South Hills,15.15,2.6,Single Family,2490,4745,4,2.0,2,2,0,1981,1981,0,3,5.27,6,798500.0
-6.25757,106.75888,West Waterfront,11.04,1.36,Townhouse,2125,2456,3,1.5,3,2,1,1994,2017,1,7,4.39,8,1621400.0
-6.14849,106.80649,Tech Corridor,7.98,0.54,Condominium,724,724,2,1.0,1,0,0,2023,2023,0,5,3.16,6,372300.0
-6.10263,106.83247,Tech Corridor,11.87,0.11,Luxury Villa,5436,15164,5,5.0,2,3,1,1985,2015,1,3,3.81,5,2588500.0
-6.24523,106.78634,Downtown / CBD,7.72,2.53,Single Family,2467,4445,3,2.0,2,2,0,2007,2017,1,6,4.59,4,1116300.0
-6.11184,106.70743,Tech Corridor,18.74,0.1,Single Family,2694,4938,5,1.5,2,2,1,2023,2023,0,4,5.4,8,1531400.0
-6.09087,106.9293,North Suburbs,16.05,4.51,Luxury Villa,3156,17597,6,4.0,3,3,1,2008,2021,1,2,5.26,9,2215400.0
-6.33653,106.79021,West Waterfront,15.45,1.85,Townhouse,1665,2527,3,2.5,3,1,0,1991,1991,0,5,4.39,5,645900.0
-6.18917,106.92412,North Suburbs,8.98,1.23,Single Family,1211,2880,2,2.5,2,1,0,2008,2023,1,6,5.16,6,719200.0
-6.34622,106.94644,South Hills,18.92,2.65,Condominium,995,995,1,1.0,1,2,0,2005,2021,1,3,4.57,7,418300.0
-6.13777,106.81507,Tech Corridor,8.58,0.33,Single Family,2538,5808,3,2.0,2,1,0,2001,2001,0,5,3.44,8,1220500.0
-6.21369,106.75613,Tech Corridor,9.95,0.1,Townhouse,2129,3081,4,2.0,2,1,0,1982,1982,0,5,6.63,9,954100.0
-6.23251,106.849,Downtown / CBD,2.66,3.38,Townhouse,1632,1938,3,2.0,2,1,1,2006,2006,0,6,4.74,6,904300.0
-6.13653,106.79531,Tech Corridor,9.77,7.87,Luxury Villa,3165,9233,7,4.0,2,4,1,2016,2016,0,6,3.79,8,2171900.0
-6.3353,106.87148,South Hills,14.33,0.1,Single Family,1679,3259,3,2.5,2,2,0,1984,1984,0,4,5.85,5,570200.0
-6.13365,106.78429,Tech Corridor,10.77,1.27,Townhouse,1621,2022,3,2.0,3,1,0,1977,2005,1,8,3.4,5,757400.0
-6.19008,106.80931,Downtown / CBD,4.53,1.02,Single Family,1909,5147,4,2.5,2,3,1,1997,1997,0,6,3.88,5,1113600.0
-6.21573,106.88122,Downtown / CBD,4.03,0.58,Single Family,2545,7344,3,2.0,1,1,0,2022,2022,0,6,4.78,7,1710500.0
-6.2044,106.89356,Downtown / CBD,5.35,0.27,Single Family,2658,8320,4,2.0,1,3,0,1982,2005,1,7,5.02,5,1509300.0
-6.09437,106.92015,North Suburbs,15.16,0.68,Single Family,1814,5989,3,2.0,2,2,1,2023,2023,0,5,5.75,5,1007500.0
-6.2012,106.86545,Tech Corridor,2.36,8.72,Single Family,2094,5697,4,3.0,2,2,0,1986,1986,0,6,5.36,6,1071500.0
-6.17435,106.77048,Tech Corridor,9.17,2.73,Condominium,999,999,3,1.5,1,0,0,1991,2019,1,4,4.78,7,574100.0
-6.31638,106.7694,West Waterfront,14.63,8.3,Condominium,954,954,2,1.5,1,1,0,2009,2009,0,6,7.37,6,498700.0
-6.30133,106.67748,West Waterfront,21.3,3.09,Single Family,2086,5386,3,3.0,2,1,1,2019,2019,0,3,5.84,5,1045800.0
-6.21094,106.77348,West Waterfront,8.01,7.51,Townhouse,1042,1309,3,2.5,2,1,0,2000,2005,1,5,3.68,6,631500.0
-6.28781,106.71289,West Waterfront,17.14,2.1,Townhouse,1035,1287,2,2.0,3,1,0,1992,2019,1,5,5.57,3,397000.0
-6.09977,106.86456,Tech Corridor,12.28,0.93,Single Family,3197,8058,4,3.0,1,3,0,2015,2015,0,4,3.83,4,1392500.0
-6.04913,106.89371,North Suburbs,18.51,0.1,Single Family,2757,5190,4,2.5,2,2,0,1978,1978,0,6,7.13,9,1102800.0
-6.39032,106.92039,South Hills,21.79,1.81,Condominium,888,888,1,1.5,1,0,0,1976,1976,0,4,4.82,4,179600.0
-6.0973,106.8469,Tech Corridor,12.38,0.44,Single Family,2463,4567,4,2.0,1,2,0,2016,2016,0,4,2.57,7,1246700.0
-6.30744,106.74151,West Waterfront,15.92,4.69,Condominium,685,685,3,2.0,1,0,1,2022,2022,0,5,7.65,6,399000.0
-6.08052,106.80096,Tech Corridor,15.08,7.61,Condominium,730,730,1,2.0,1,2,1,2014,2014,0,2,6.07,8,380800.0
-6.1905,106.87805,Tech Corridor,4.14,0.26,Condominium,859,859,2,1.0,1,0,0,1980,1980,0,5,3.37,9,465600.0
-6.17036,106.6563,West Waterfront,21.44,0.25,Condominium,956,956,2,1.5,1,0,1,1977,1977,0,3,4.53,4,304600.0
-6.11337,106.79962,Tech Corridor,11.76,2.98,Single Family,3423,7717,3,1.5,2,2,1,1997,1997,0,7,3.39,4,1345900.0
-6.18002,106.79675,Tech Corridor,6.29,5.54,Single Family,1440,4669,3,1.5,2,3,1,1992,1992,0,8,4.38,10,1018900.0
-6.07235,106.80669,Tech Corridor,15.75,2.43,Single Family,2000,6392,2,1.5,2,2,0,2017,2017,0,4,6.49,6,846300.0
-6.23564,106.87245,Downtown / CBD,4.21,3.17,Single Family,2064,5804,3,2.0,2,2,0,1998,1998,0,7,1.84,5,1067000.0
-6.41158,106.84977,South Hills,22.51,0.61,Condominium,475,475,3,1.0,1,1,1,2017,2017,0,1,6.71,5,185200.0
-6.25632,106.82241,Downtown / CBD,5.87,3.32,Townhouse,1704,1969,3,2.5,2,2,0,1995,1995,0,6,4.97,7,777900.0
-6.25717,106.76474,West Waterfront,10.46,1.07,Single Family,2475,8166,2,2.5,1,2,0,2004,2004,0,4,4.45,7,1475600.0
-6.27586,106.72164,West Waterfront,15.64,5.0,Townhouse,1065,1188,3,1.5,3,2,0,1985,1985,0,3,4.93,5,401100.0
-6.07691,106.85313,Tech Corridor,14.66,0.49,Condominium,681,681,1,1.5,1,0,0,1987,1998,1,4,4.49,7,273500.0
-6.25609,106.72442,West Waterfront,14.44,0.51,Single Family,1791,4022,4,2.5,1,2,0,2003,2008,1,7,6.5,8,1179200.0
-6.13292,106.81726,Tech Corridor,8.99,1.82,Condominium,990,990,2,1.5,1,1,0,2020,2020,0,4,6.86,9,563600.0
-6.41397,106.98764,South Hills,27.7,0.25,Townhouse,1850,2370,3,2.5,3,1,1,1979,2018,1,1,4.84,4,520900.0
-6.37406,106.86335,South Hills,18.45,9.82,Luxury Villa,3897,10271,5,4.0,2,4,1,1983,1983,0,3,5.35,7,1423200.0
-6.24899,106.74552,West Waterfront,11.97,6.82,Single Family,2614,6900,3,1.5,1,3,0,1987,1987,0,5,3.74,6,1193500.0
-6.12485,106.79624,Tech Corridor,10.81,0.24,Townhouse,1150,1836,3,2.0,2,1,0,2003,2003,0,6,5.92,5,521800.0
-6.2005,106.82298,Downtown / CBD,2.67,4.94,Single Family,3090,9181,4,3.0,2,1,1,1978,1978,0,6,4.45,5,1302000.0
-6.17156,106.79857,Tech Corridor,6.66,0.27,Condominium,1075,1075,2,2.0,1,1,1,1993,1993,0,4,4.64,6,495400.0
-6.26018,106.68518,West Waterfront,18.7,7.89,Townhouse,1627,1945,2,2.0,2,1,0,2015,2015,0,6,4.98,8,941500.0
-6.17499,106.81976,Tech Corridor,4.72,1.33,Townhouse,1302,2052,3,2.5,2,2,0,2021,2021,0,7,4.45,6,973700.0
-6.28224,106.72374,West Waterfront,15.79,0.1,Luxury Villa,4078,22175,7,3.5,2,2,1,1998,2007,1,1,4.43,7,2614700.0
-6.2159,106.85397,Downtown / CBD,1.22,0.33,Single Family,2618,4938,3,3.0,2,3,1,1977,1987,1,8,1.93,5,1599700.0
-6.07499,106.9962,North Suburbs,22.36,1.21,Condominium,600,600,2,2.0,1,2,0,2023,2023,0,3,5.72,9,308700.0
-6.10013,106.9346,North Suburbs,15.59,0.74,Condominium,842,842,3,1.5,1,0,1,1987,2014,1,5,4.74,8,538400.0
-6.21963,106.8632,Downtown / CBD,2.29,0.6,Single Family,1955,4671,2,2.0,2,2,0,1978,1978,0,6,3.56,6,850100.0
-6.38406,106.98125,South Hills,24.6,0.9,Townhouse,1763,2622,2,1.5,2,1,0,1998,2015,1,5,7.61,10,826600.0
-6.33423,106.89265,South Hills,14.87,0.47,Condominium,1061,1061,2,2.0,1,0,0,2003,2003,0,3,4.01,4,331500.0
-6.36585,106.93936,South Hills,20.3,4.81,Luxury Villa,4202,22168,5,4.0,3,3,0,2002,2016,1,1,4.13,7,1844700.0
-6.15575,106.80897,Tech Corridor,7.16,12.96,Townhouse,2072,2710,4,2.0,3,2,0,1976,1976,0,2,4.01,7,696100.0
-6.13163,106.80562,Tech Corridor,9.65,1.02,Townhouse,1863,2145,4,2.5,2,2,1,2023,2023,0,4,5.13,3,796500.0
-6.01434,106.93742,North Suburbs,23.87,1.48,Luxury Villa,3178,12795,4,5.0,2,4,1,2014,2014,0,3,5.66,9,1694800.0
-6.2802,106.93866,South Hills,13.02,0.52,Single Family,1741,3453,3,2.5,1,2,0,2001,2018,1,2,6.35,6,915100.0
-6.21047,106.7987,Downtown / CBD,5.21,6.5,Single Family,2177,7197,4,2.0,2,1,0,1976,2020,1,7,5.56,5,1360500.0
-6.0614,106.8911,North Suburbs,17.12,15.0,Single Family,3043,6274,4,2.0,2,2,0,2015,2015,0,7,2.68,8,1455800.0
-6.02027,106.95006,North Suburbs,23.92,3.82,Townhouse,1732,2538,3,1.5,3,1,0,2014,2014,0,4,7.69,9,783300.0
-6.20173,106.79715,Downtown / CBD,5.44,2.9,Single Family,1899,4314,3,2.0,2,2,1,2018,2018,0,7,3.93,6,1158400.0
-6.43025,106.9772,South Hills,28.59,1.17,Single Family,2707,7250,4,2.0,1,2,1,1979,1979,0,3,7.24,4,680800.0
-6.26072,106.7636,West Waterfront,10.77,0.97,Condominium,1027,1027,2,1.5,1,0,0,2020,2020,0,5,3.62,2,378800.0
-6.16881,106.76082,Tech Corridor,10.4,0.52,Condominium,831,831,2,2.0,1,1,0,2013,2013,0,6,4.47,7,497900.0
-6.19108,106.83138,Downtown / CBD,2.52,3.28,Single Family,3405,7992,2,2.0,1,3,0,2010,2010,0,6,5.32,5,2006400.0
-6.13912,106.98995,North Suburbs,17.79,0.41,Single Family,2481,7987,3,2.5,1,2,1,1998,2021,1,2,5.73,6,1343400.0
-6.06919,106.80587,Tech Corridor,16.11,0.88,Single Family,2236,7753,4,2.0,2,2,0,1977,1977,0,4,2.71,6,837300.0
-6.24049,106.85086,South Hills,3.57,0.88,Luxury Villa,3756,15606,6,3.5,2,3,1,2003,2003,0,5,3.02,9,3221100.0
-6.18211,106.82403,Downtown / CBD,3.81,0.44,Single Family,1859,3954,3,2.5,2,2,0,2000,2018,1,8,3.39,7,1395100.0
-6.02948,107.01922,North Suburbs,27.71,11.36,Single Family,1224,4116,4,2.5,1,3,0,2019,2019,0,4,7.75,5,553700.0
-6.13938,106.82891,Tech Corridor,7.93,0.36,Luxury Villa,3612,15617,4,3.5,2,3,1,1993,1993,0,5,3.68,8,2558700.0
-6.19335,106.80352,Downtown / CBD,4.98,2.55,Single Family,2997,6138,4,2.0,2,2,0,2012,2012,0,3,5.05,5,1463800.0
-6.18331,106.87075,Downtown / CBD,3.97,1.17,Single Family,1368,2539,4,2.0,1,1,0,1983,1983,0,5,4.44,8,633900.0
-6.08255,106.75632,Tech Corridor,17.16,1.0,Single Family,2483,8340,4,2.5,1,2,0,1979,1979,0,3,3.41,6,823000.0
-6.22533,106.93405,South Hills,9.99,3.12,Luxury Villa,5414,30933,7,3.5,2,3,1,1976,1991,1,7,6.64,5,2799600.0
-6.19744,106.83187,Tech Corridor,1.98,3.07,Townhouse,1256,1583,3,2.0,2,1,0,2003,2003,0,7,0.5,7,748400.0
-6.12283,106.6711,Tech Corridor,21.59,6.66,Townhouse,1889,2562,3,1.5,2,2,0,1982,1982,0,4,5.79,6,479300.0
-6.20255,106.86961,Downtown / CBD,2.75,1.89,Single Family,1121,3020,4,2.5,1,2,0,2013,2013,0,7,3.96,7,848800.0
-6.29728,106.65878,West Waterfront,22.94,2.82,Single Family,3067,9845,3,2.0,1,3,1,1982,1982,0,5,4.22,6,1207600.0
-6.1993,106.81877,Tech Corridor,3.16,0.44,Townhouse,1070,1340,3,2.0,3,1,1,1999,2007,1,4,2.25,8,696500.0
-6.2136,106.86837,Downtown / CBD,2.58,1.07,Condominium,513,513,1,1.0,1,1,0,1985,1985,0,4,4.67,6,218300.0
-6.26823,106.76299,West Waterfront,11.3,0.35,Townhouse,1658,1921,2,2.0,2,1,1,1985,2015,1,3,2.33,5,839500.0
-6.2718,106.85751,South Hills,7.12,4.74,Condominium,969,969,1,1.0,1,1,0,1996,1996,0,4,4.31,7,420400.0
-6.06757,107.02923,North Suburbs,25.71,3.34,Luxury Villa,4701,26018,5,3.5,2,2,1,2021,2021,0,6,5.96,9,3087700.0
-6.32425,106.94513,South Hills,16.92,2.4,Single Family,1954,5834,4,2.0,1,2,0,2015,2015,0,3,6.78,7,953700.0
-6.07853,106.98124,North Suburbs,20.88,10.52,Townhouse,1654,2578,3,1.5,3,1,0,2012,2012,0,6,5.47,6,623500.0
-6.20795,106.78513,Tech Corridor,6.71,2.81,Single Family,2424,8317,3,2.0,1,2,0,2022,2022,0,6,5.83,4,1248700.0
-6.18556,106.84393,Downtown / CBD,2.59,1.58,Townhouse,1474,1918,3,1.5,3,1,0,1999,1999,0,3,6.25,7,683000.0
-6.08299,106.8795,Tech Corridor,14.46,1.89,Townhouse,1385,2020,3,2.0,3,2,1,2001,2001,0,4,5.5,6,612500.0
-5.98921,106.82339,Tech Corridor,24.5,1.77,Single Family,1809,5371,3,2.5,1,1,0,1996,1996,0,4,8.83,5,601900.0
-6.287,106.68632,West Waterfront,19.7,2.59,Single Family,1570,5322,4,2.0,2,2,0,2015,2015,0,2,6.98,5,698900.0
-6.06508,106.76945,Tech Corridor,18.05,0.51,Townhouse,2423,3663,3,2.5,3,2,1,1992,1992,0,1,4.19,5,694200.0
-6.20849,106.75658,West Waterfront,9.88,1.53,Condominium,1243,1243,2,1.5,1,1,0,1995,1995,0,4,3.77,5,550800.0
-6.22911,106.86042,Downtown / CBD,2.79,0.56,Townhouse,1634,2317,3,2.0,2,2,1,2010,2010,0,6,4.57,7,1135100.0
-6.0377,106.94296,North Suburbs,21.85,4.07,Single Family,2760,9273,4,1.5,1,2,1,1978,2012,1,3,7.81,7,1268700.0
-6.36201,106.69786,West Waterfront,23.63,0.39,Townhouse,1952,2567,2,1.5,3,1,0,1988,1988,0,1,4.54,6,632000.0
-6.24875,106.77192,West Waterfront,9.3,0.5,Single Family,2374,7433,3,3.0,2,2,0,2018,2018,0,5,5.8,7,1859900.0
-6.2701,106.92885,South Hills,11.48,1.38,Townhouse,1934,2289,2,2.0,2,1,0,2003,2003,0,6,3.97,6,821500.0
-6.37974,106.9188,South Hills,20.64,0.66,Luxury Villa,3922,20864,5,5.0,2,3,1,2019,2019,0,4,5.26,7,2655200.0
-6.31073,106.87302,South Hills,11.72,5.52,Luxury Villa,4048,13988,5,5.0,2,3,1,2019,2019,0,1,1.62,8,2352500.0
-6.21138,106.81364,Tech Corridor,3.56,0.23,Condominium,848,848,1,1.0,1,0,1,2004,2004,0,8,3.29,7,538100.0
-6.11607,106.78182,Tech Corridor,12.49,1.18,Single Family,1528,3296,3,2.5,2,2,1,1992,2003,1,5,5.23,7,753500.0
-6.16555,106.83189,Downtown / CBD,5.04,1.59,Single Family,1758,3261,5,3.0,1,2,0,1976,1985,1,2,3.84,6,669900.0
-6.19465,106.82844,Tech Corridor,2.47,0.1,Single Family,1445,4154,4,2.5,1,2,0,1997,2008,1,6,3.4,7,1074200.0
-6.09431,106.74484,Tech Corridor,16.93,0.2,Townhouse,1422,1984,3,2.0,2,2,0,1987,1987,0,2,5.35,9,570900.0
-6.30728,106.68526,West Waterfront,20.89,8.0,Townhouse,2142,3074,3,2.0,2,1,0,2001,2001,0,1,4.2,4,594100.0
-6.22685,106.83788,Downtown / CBD,2.18,0.7,Condominium,778,778,2,1.0,1,1,0,1979,2013,1,6,4.41,6,503100.0
-6.21432,106.87818,Downtown / CBD,3.67,7.1,Townhouse,1299,1981,2,1.5,2,1,0,2003,2018,1,3,4.2,6,688700.0
-6.29164,106.74184,West Waterfront,14.74,0.71,Condominium,728,728,2,2.0,1,1,1,2005,2015,1,5,5.36,8,536300.0
-6.29796,106.64666,West Waterfront,24.2,3.45,Luxury Villa,5411,26220,6,4.0,2,2,1,1978,2023,1,7,8.27,9,4478700.0
-6.0984,106.90128,North Suburbs,13.72,0.27,Townhouse,1739,1929,3,1.5,2,1,0,2003,2003,0,7,3.6,5,690900.0
-6.10804,106.76103,Tech Corridor,14.6,7.62,Townhouse,1666,2217,3,2.0,2,2,0,2022,2022,0,6,4.64,8,938300.0
-6.22558,106.8427,South Hills,1.89,0.5,Townhouse,1790,2756,3,2.0,3,2,1,2008,2008,0,3,5.54,9,1163900.0
-6.15994,106.83814,Downtown / CBD,5.49,0.17,Single Family,2248,4383,4,2.5,2,3,0,2010,2010,0,6,7.12,4,1270000.0
-6.25206,106.9053,South Hills,8.18,8.79,Condominium,771,771,1,2.0,1,2,1,2023,2023,0,5,4.91,6,473800.0
-6.20132,106.86474,Downtown / CBD,2.28,0.23,Single Family,1602,3292,2,3.0,1,2,1,2010,2010,0,5,4.07,4,861300.0
-6.20198,106.68448,West Waterfront,17.9,10.22,Townhouse,1873,2363,4,2.0,2,1,0,1990,2021,1,3,5.21,5,886600.0
-6.26376,106.73943,West Waterfront,13.27,4.79,Single Family,2228,6751,4,2.0,2,2,1,2000,2009,1,4,4.03,6,1276600.0
-6.27352,106.63354,West Waterfront,24.61,0.91,Luxury Villa,4689,17968,5,3.5,2,3,1,2021,2021,0,1,7.49,6,2310300.0
-6.33583,106.74251,West Waterfront,18.16,2.36,Single Family,1694,5065,3,2.5,2,1,1,2009,2009,0,5,6.07,5,926500.0
-6.30729,106.96358,South Hills,17.06,0.23,Single Family,2135,6049,4,3.0,2,1,0,1976,1976,0,3,3.02,7,697700.0
-6.27977,106.72202,West Waterfront,15.82,0.11,Single Family,2858,7482,3,3.0,2,2,1,1980,2014,1,5,6.16,7,1919900.0
-6.11145,106.77764,Tech Corridor,13.18,2.55,Single Family,2152,6025,5,2.5,1,3,1,1982,1982,0,4,6.77,8,986800.0
-6.17045,106.85669,Downtown / CBD,4.43,4.85,Condominium,762,762,1,1.5,1,0,1,2008,2023,1,4,3.83,6,432900.0
-6.06417,106.93271,North Suburbs,18.74,9.45,Townhouse,1694,2524,4,2.5,2,1,0,2000,2000,0,4,4.78,7,576100.0
-6.05312,106.85036,North Suburbs,17.29,1.31,Townhouse,2229,2801,4,1.5,2,1,1,2017,2017,0,5,4.82,6,1129100.0
-6.2837,106.90387,South Hills,10.53,0.59,Single Family,1729,4769,4,2.0,1,1,0,1979,2008,1,5,2.99,4,739200.0
-6.23472,106.87426,Downtown / CBD,4.29,1.77,Townhouse,1992,2554,4,2.0,2,2,0,1988,1996,1,7,4.77,7,1179300.0
-6.02812,106.92325,North Suburbs,21.83,12.08,Single Family,2053,4551,3,2.0,2,2,0,2020,2020,0,1,7.21,6,780000.0
-6.19433,106.79848,Downtown / CBD,5.47,1.79,Condominium,999,999,2,1.0,1,1,1,1983,2022,1,7,7.63,7,704500.0
-6.14516,106.72711,Tech Corridor,14.93,4.59,Single Family,2584,6942,5,2.0,1,2,0,2020,2020,0,5,3.85,6,1340900.0
-6.31814,106.95271,South Hills,16.99,2.04,Single Family,919,3044,4,2.5,1,1,0,2012,2012,0,3,8.45,6,442200.0
-6.19095,106.86149,Downtown / CBD,2.65,0.1,Single Family,1827,4859,4,2.5,1,2,0,1998,1998,0,3,3.19,8,1060900.0
-5.96876,106.93547,North Suburbs,28.45,11.84,Single Family,1893,4520,3,2.5,2,1,1,1983,2010,1,2,6.26,5,595000.0
-6.13391,106.80372,Tech Corridor,9.53,2.02,Townhouse,1724,2209,4,2.5,2,1,0,2003,2003,0,6,3.29,5,804200.0
-6.1303,106.82076,Tech Corridor,9.14,1.46,Single Family,3310,11509,3,2.0,1,2,1,1995,2002,1,6,5.05,4,1506800.0
-6.34984,106.80601,South Hills,16.26,0.65,Single Family,1916,3956,4,2.5,2,3,0,2019,2019,0,5,5.33,7,1044500.0
-6.16071,106.76591,Tech Corridor,10.33,1.24,Luxury Villa,6687,19522,4,5.0,2,3,1,1993,2012,1,8,4.74,6,4349300.0
-6.18171,106.82468,Tech Corridor,3.8,0.1,Townhouse,1601,2014,3,2.5,2,1,0,2020,2020,0,10,4.6,6,1254500.0
-6.33594,106.89878,South Hills,15.3,4.32,Single Family,2179,5900,4,2.0,2,2,1,2000,2000,0,2,4.5,8,1113100.0
-6.27397,106.74683,West Waterfront,13.13,12.53,Single Family,2867,7380,5,2.0,2,3,0,2016,2016,0,5,6.07,7,1971100.0
-6.15601,106.75878,Tech Corridor,11.28,1.15,Luxury Villa,2651,13912,5,4.0,2,4,0,2012,2012,0,3,5.18,7,1766600.0
-6.3093,106.93735,South Hills,15.11,5.8,Single Family,3507,9821,2,2.0,2,3,0,1988,1988,0,5,5.78,4,1095200.0
-6.25316,106.84042,Downtown / CBD,4.96,1.38,Single Family,2380,6438,3,2.5,1,2,1,2000,2000,0,7,4.44,5,1417400.0
-6.28418,106.85828,South Hills,8.48,1.04,Luxury Villa,6807,30821,5,3.5,2,2,0,1994,1994,0,6,5.36,6,3409000.0
-6.15914,106.80641,Tech Corridor,7.02,2.33,Single Family,2693,7229,2,2.0,2,1,0,2022,2022,0,4,4.51,5,1212900.0
-6.22352,106.69472,West Waterfront,16.83,1.03,Townhouse,1307,1580,3,2.0,2,1,1,2020,2020,0,4,6.01,6,761400.0
-6.14083,106.67079,Tech Corridor,20.82,6.49,Single Family,1384,3290,4,1.5,2,2,0,2022,2022,0,4,7.8,5,558700.0
-6.11659,106.80186,Tech Corridor,11.33,4.75,Single Family,2821,5714,4,2.0,1,2,1,1984,2015,1,7,4.57,3,1227300.0
-6.08807,106.98386,North Suburbs,20.37,1.51,Single Family,1912,6313,3,2.0,2,1,0,1997,2007,1,3,2.86,6,762900.0
-6.17047,106.91055,Downtown / CBD,8.37,4.66,Condominium,1058,1058,3,1.0,1,1,1,2003,2009,1,2,5.43,8,495000.0
-6.23091,106.69988,West Waterfront,16.36,1.81,Condominium,1065,1065,1,1.5,1,1,1,2006,2006,0,4,6.26,7,554100.0
-6.14246,106.83053,Tech Corridor,7.55,2.71,Townhouse,1131,1643,3,2.5,2,2,1,1989,1989,0,6,4.42,8,662000.0
-6.08149,106.79548,Tech Corridor,15.19,1.13,Single Family,1604,4211,3,2.5,2,1,0,1985,1985,0,6,4.91,5,584700.0
-6.22428,106.84378,Downtown / CBD,1.73,0.89,Townhouse,1333,2132,3,2.0,2,1,0,1987,1987,0,5,3.25,5,519800.0
-6.12149,106.79188,Tech Corridor,11.38,0.14,Condominium,996,996,2,2.0,1,0,1,1990,2002,1,5,6.21,7,467600.0
-6.43646,106.95559,South Hills,28.07,1.28,Single Family,2634,5794,4,2.0,1,2,0,1993,2019,1,3,7.58,4,841700.0
-6.25187,106.93083,South Hills,10.6,4.37,Luxury Villa,4197,13366,5,5.0,3,3,1,2001,2021,1,5,5.41,7,2890800.0
-6.35134,106.76116,South Hills,18.39,1.46,Condominium,982,982,2,2.0,1,0,1,1985,1998,1,5,6.3,7,424400.0
-6.29184,106.99224,South Hills,18.71,7.82,Single Family,2744,8700,5,2.0,2,2,0,1992,1999,1,3,5.12,6,994300.0
-6.17079,106.89578,Downtown / CBD,6.99,3.36,Condominium,960,960,1,2.0,1,1,0,1985,1985,0,8,3.73,9,522000.0
-6.19099,106.77797,West Waterfront,7.76,1.97,Single Family,1656,3595,2,2.0,2,2,0,1988,2007,1,5,4.69,7,1070300.0
-6.09032,106.75945,Tech Corridor,16.26,0.1,Townhouse,1773,2530,4,1.5,2,1,0,1975,1975,0,4,3.71,8,644100.0
-6.13834,106.78767,Tech Corridor,10.13,0.19,Single Family,2130,6180,2,2.0,2,1,0,2006,2006,0,6,5.39,6,984100.0
-6.24113,106.72727,West Waterfront,13.62,2.51,Townhouse,1829,2561,4,2.5,3,2,0,1980,1994,1,4,3.73,6,873900.0
-6.21043,106.87517,Downtown / CBD,3.29,0.68,Townhouse,2665,3147,3,1.5,2,1,1,2022,2022,0,6,4.21,5,1613200.0
-6.32094,106.80164,South Hills,13.37,6.59,Single Family,1810,5892,3,2.0,2,2,0,2000,2013,1,6,6.22,6,919000.0
-6.10439,106.80207,Tech Corridor,12.56,1.5,Condominium,1112,1112,2,2.0,1,1,1,1991,1991,0,9,4.12,6,542700.0
-6.13966,106.75972,Tech Corridor,12.24,2.8,Condominium,604,604,1,2.0,1,1,1,2010,2010,0,7,8.17,6,316700.0
-6.11275,106.97908,North Suburbs,18.25,0.1,Single Family,1976,6605,4,2.5,1,1,0,1997,1997,0,7,6.7,5,888600.0
-6.04595,106.80774,Tech Corridor,18.56,1.66,Condominium,1078,1078,2,1.0,1,0,1,1982,1982,0,2,7.19,6,316400.0
-6.38056,106.93744,South Hills,21.62,0.56,Luxury Villa,3581,9380,7,4.0,2,3,1,2013,2013,0,4,5.13,9,1920100.0
-6.08089,106.82024,Tech Corridor,14.47,0.78,Townhouse,1287,1935,2,1.5,2,1,0,2009,2009,0,3,6.18,6,502600.0
-6.23888,106.97613,South Hills,14.87,2.02,Single Family,2501,8305,3,2.0,2,2,1,2004,2015,1,2,3.8,8,1472200.0
-6.1118,107.00893,North Suburbs,21.09,0.43,Single Family,2857,5441,4,2.5,1,2,1,1988,1988,0,4,5.69,6,1083500.0
-6.11328,106.80158,Tech Corridor,11.67,4.4,Condominium,482,482,3,1.0,1,0,1,1988,1988,0,4,5.32,7,231800.0
-6.01651,106.91861,North Suburbs,22.83,1.67,Condominium,1340,1340,2,1.0,1,0,0,1995,1995,0,5,6.01,5,400100.0
-6.20699,106.8717,Downtown / CBD,2.9,3.16,Condominium,998,998,1,2.0,1,2,1,1980,1980,0,6,3.68,8,546300.0
-6.03262,106.95605,North Suburbs,23.08,0.46,Condominium,888,888,1,1.5,1,0,0,2017,2017,0,3,7.55,8,345800.0
-6.23953,106.81798,Downtown / CBD,4.59,2.53,Single Family,918,2286,3,2.0,2,1,0,1985,1996,1,4,3.74,6,522700.0
-6.08503,106.81022,Tech Corridor,14.29,0.1,Townhouse,2048,3013,3,2.5,2,2,0,2016,2016,0,6,8.38,7,1164000.0
-6.07801,106.83949,Tech Corridor,14.53,0.42,Luxury Villa,4057,16437,4,4.0,2,3,1,2015,2015,0,3,4.65,9,2684800.0
-6.16451,106.82826,Tech Corridor,5.28,1.04,Single Family,3030,8397,3,2.5,2,2,0,2004,2004,0,4,4.58,6,1535500.0
-6.01263,106.9769,North Suburbs,26.2,1.22,Single Family,1653,4556,4,2.0,2,3,0,1987,2015,1,5,6.36,6,683300.0
-6.23398,106.84483,Downtown / CBD,2.8,1.74,Condominium,1358,1358,3,2.0,1,1,0,2017,2017,0,9,5.82,9,1088700.0
-6.1358,106.72388,Tech Corridor,15.76,0.1,Townhouse,1816,2639,4,2.5,3,1,0,2016,2016,0,1,4.96,4,557600.0
-6.21809,106.90377,Downtown / CBD,6.54,3.85,Townhouse,1164,1675,3,1.5,2,2,0,2022,2022,0,4,2.38,7,671700.0
-6.43913,106.99901,South Hills,30.72,0.2,Townhouse,1278,2027,3,2.5,3,1,0,1988,1988,0,5,7.46,7,442000.0
-6.11601,106.80964,Tech Corridor,11.05,0.3,Condominium,720,720,3,2.0,1,1,1,1983,2001,1,5,3.29,6,337800.0
-6.21236,107.04237,South Hills,21.85,3.37,Condominium,1244,1244,2,2.0,1,1,1,2005,2005,0,3,6.4,6,474400.0
-6.02401,107.00205,North Suburbs,26.88,3.1,Townhouse,1930,2930,2,2.5,3,1,0,2019,2019,0,2,3.81,8,808100.0
-6.2127,106.83999,Downtown / CBD,0.76,1.44,Condominium,928,928,1,1.0,1,1,1,1992,2017,1,7,2.27,8,719700.0
-6.21034,106.68642,West Waterfront,17.67,0.83,Condominium,971,971,1,1.5,1,1,1,2012,2012,0,4,4.99,8,581300.0
-6.22454,106.81849,Downtown / CBD,3.48,2.04,Single Family,1446,4209,5,3.0,1,3,1,2013,2013,0,9,1.4,5,1113500.0
-6.11339,107.05377,North Suburbs,25.42,0.86,Condominium,1197,1197,3,1.0,1,1,1,1993,1993,0,4,4.73,6,352500.0
-6.1952,106.8208,North Suburbs,3.14,0.99,Single Family,2354,5198,4,2.5,1,1,0,1985,1992,1,7,5.11,5,1067400.0
-6.38113,106.97554,South Hills,23.96,3.09,Single Family,2437,7000,3,2.5,1,2,0,2010,2010,0,3,6.01,6,1018500.0
-6.26251,106.7722,West Waterfront,10.1,3.24,Condominium,747,747,1,2.0,1,1,1,1979,2010,1,6,3.27,6,496500.0
-6.27073,106.71113,West Waterfront,16.43,13.11,Townhouse,1786,2444,3,2.0,3,1,1,2008,2008,0,5,7.08,6,935600.0
-6.21335,106.79051,Downtown / CBD,6.14,1.21,Condominium,1077,1077,1,1.0,1,1,0,2020,2020,0,7,3.86,3,459100.0
-6.12771,106.78769,Tech Corridor,11.06,3.77,Single Family,2176,6105,3,2.5,2,3,1,1986,1986,0,4,3.44,6,915000.0
-6.30135,106.89083,South Hills,11.43,5.1,Single Family,1863,4627,3,2.5,1,3,0,2012,2012,0,6,5.3,8,1181400.0
-6.36581,106.8949,South Hills,18.27,2.95,Condominium,1034,1034,2,2.0,1,2,0,1995,1995,0,7,6.4,7,464700.0
-6.43911,106.92716,South Hills,27.12,5.87,Townhouse,739,846,3,1.5,2,1,0,2020,2020,0,5,5.62,6,311900.0
-6.31984,106.80481,South Hills,13.13,6.95,Single Family,1376,3702,3,2.5,2,2,0,2000,2000,0,7,5.44,8,733800.0
-6.08451,107.00856,North Suburbs,22.75,7.56,Townhouse,1484,1948,4,2.0,3,1,0,1986,2012,1,2,5.8,6,464800.0
-6.23972,106.80538,West Waterfront,5.63,0.77,Single Family,2007,4299,3,3.0,1,2,1,1991,1991,0,4,6.7,10,1335500.0
-6.31777,106.90714,South Hills,13.89,6.36,Townhouse,1028,1434,3,2.0,2,1,1,1995,1995,0,5,4.51,7,403100.0
-6.20112,106.81399,Downtown / CBD,3.61,6.18,Luxury Villa,4311,13859,5,5.0,3,3,1,1996,1996,0,9,3.67,7,3358300.0
-6.23805,106.74222,West Waterfront,11.93,1.15,Condominium,905,905,1,1.0,1,1,1,2015,2015,0,5,4.09,5,482800.0
-6.23356,106.8272,Downtown / CBD,3.42,2.0,Single Family,1780,4491,3,2.5,1,3,0,1990,1990,0,7,3.67,5,963700.0
-6.33281,106.92312,South Hills,16.23,0.58,Condominium,588,588,3,1.5,1,1,0,1994,2011,1,4,4.37,8,328300.0
-6.25591,106.90823,South Hills,8.7,0.38,Townhouse,1044,1535,3,2.5,2,1,0,2001,2001,0,3,5.09,8,504400.0
-6.0903,106.81134,North Suburbs,13.69,2.7,Townhouse,1373,1518,3,2.5,3,1,1,1994,1994,0,7,6.32,4,486500.0
-6.23771,106.75503,West Waterfront,10.55,3.03,Condominium,953,953,2,1.5,1,0,1,2007,2014,1,4,4.11,5,487300.0
-6.09917,106.85516,Tech Corridor,12.21,0.14,Single Family,1362,4114,4,2.0,2,2,1,1996,1996,0,4,2.85,6,660100.0
-6.42346,106.88264,South Hills,24.18,2.13,Townhouse,1898,2310,3,2.0,2,1,1,2012,2012,0,4,6.64,7,807200.0
-6.13793,106.78434,Tech Corridor,10.4,0.17,Townhouse,1132,1442,4,2.0,2,2,0,1995,1995,0,5,3.17,6,571800.0
-6.23248,106.72735,West Waterfront,13.39,3.53,Single Family,1900,6291,2,2.0,1,2,1,2013,2013,0,5,4.14,6,1159000.0
-6.28055,106.68133,West Waterfront,19.9,0.84,Single Family,2157,7353,4,2.5,2,2,0,2019,2019,0,3,8.37,5,1274400.0
-6.17186,106.66395,West Waterfront,20.58,4.69,Single Family,1488,2838,3,1.5,1,1,0,2000,2000,0,5,8.22,4,567700.0
-6.31545,106.72944,West Waterfront,17.5,3.06,Single Family,2242,5819,5,2.0,2,2,0,2021,2021,0,2,3.01,7,1184500.0
-6.08454,106.92223,North Suburbs,16.2,6.14,Condominium,935,935,2,1.5,1,0,0,2011,2011,0,6,4.61,6,379300.0
-6.08591,106.75266,Tech Corridor,17.1,0.1,Townhouse,1525,2384,2,2.5,3,1,0,1979,1979,0,4,5.19,5,449400.0
-6.23507,106.87632,Downtown / CBD,4.49,0.19,Townhouse,2233,3338,2,2.0,2,1,0,2009,2009,0,6,4.47,8,1321400.0
-6.2985,106.65837,West Waterfront,23.04,1.58,Condominium,783,783,2,1.0,1,1,1,2007,2007,0,3,7.3,5,348600.0
-5.98999,107.02739,North Suburbs,31.58,9.84,Single Family,2182,5445,3,3.0,2,2,0,2016,2016,0,5,10.0,6,817300.0
-6.3376,106.94124,South Hills,17.81,0.16,Townhouse,1319,1903,3,2.0,2,2,0,1979,2000,1,5,5.19,7,619600.0
-6.12663,106.88087,North Suburbs,9.93,1.38,Luxury Villa,1639,9279,4,5.0,2,2,1,1985,1985,0,5,3.65,7,970700.0
-6.29623,106.8527,South Hills,9.74,2.51,Townhouse,1133,1624,3,2.0,2,1,1,1980,1980,0,4,3.88,5,378400.0
-6.23168,106.71899,West Waterfront,14.28,2.68,Luxury Villa,5252,19207,4,5.0,2,4,1,2005,2015,1,4,4.94,4,3081200.0
-6.25669,106.9279,South Hills,10.57,0.55,Single Family,2508,8131,4,2.0,2,1,1,2019,2019,0,5,2.37,7,1545000.0
-6.21363,106.76858,West Waterfront,8.57,3.84,Luxury Villa,4971,14850,4,3.5,2,3,1,2017,2017,0,7,1.73,6,3697700.0
-6.19604,106.74884,West Waterfront,10.83,2.93,Single Family,2887,5718,4,2.0,2,3,1,1984,1984,0,5,7.26,6,1463600.0
-6.43319,106.84254,South Hills,24.91,0.39,Condominium,1011,1011,3,2.0,1,1,1,1978,1997,1,1,6.04,6,314500.0
-6.17548,106.83888,Tech Corridor,3.77,0.3,Luxury Villa,4917,18088,6,4.0,2,3,0,1983,2019,1,6,2.87,6,3236300.0
-6.32174,106.9555,South Hills,17.49,12.16,Townhouse,1587,2518,4,2.0,2,1,0,2006,2021,1,5,6.67,7,704400.0
-6.23,106.65226,West Waterfront,21.59,0.69,Townhouse,2308,3497,3,1.5,2,1,1,1995,2011,1,4,5.01,3,837400.0
-6.31082,106.71836,West Waterfront,18.1,0.55,Townhouse,1720,2196,3,2.5,2,1,0,2018,2018,0,1,4.57,5,736400.0
-6.1544,107.01548,North Suburbs,19.8,5.11,Single Family,2234,6430,3,2.0,2,2,0,1998,2013,1,4,6.88,10,1361500.0
-6.30017,106.74955,West Waterfront,14.71,1.15,Townhouse,2176,3046,2,2.0,2,1,0,1996,1996,0,5,3.77,6,1011100.0
-6.20561,106.84491,Downtown / CBD,0.36,4.12,Luxury Villa,4572,23929,4,5.0,2,3,1,2005,2005,0,7,3.97,7,3731000.0
-6.03624,106.80539,North Suburbs,19.67,0.69,Single Family,2546,4870,3,2.0,2,1,0,2006,2018,1,1,5.76,6,904700.0
-6.27796,106.96982,South Hills,15.78,1.84,Single Family,2109,4020,3,2.5,1,1,0,1977,2016,1,3,6.59,6,1002000.0
-5.92598,106.98317,North Suburbs,34.91,4.33,Townhouse,2291,3494,3,2.0,2,1,1,1985,2009,1,3,7.33,7,851800.0
-6.23462,106.6673,West Waterfront,20.0,0.75,Condominium,518,518,2,1.5,1,1,0,1986,1996,1,3,4.8,4,186200.0
-6.07351,106.88309,North Suburbs,15.58,1.07,Condominium,715,715,2,2.0,1,1,1,1997,1997,0,6,6.89,5,324600.0
-6.07545,106.80319,Tech Corridor,15.53,6.26,Single Family,1387,3365,5,1.5,2,2,1,2004,2020,1,4,5.66,7,761600.0
-6.22178,106.8215,Downtown / CBD,3.04,0.46,Single Family,1193,3416,3,2.5,1,2,0,2016,2016,0,9,5.26,6,931000.0
-6.29557,106.82717,South Hills,9.85,2.75,Single Family,3481,7070,3,2.0,2,2,0,1989,1989,0,5,4.42,4,1143200.0
-6.08763,106.76706,Tech Corridor,16.03,3.61,Single Family,1792,4459,4,3.0,1,1,1,2009,2009,0,5,3.86,4,787100.0
-6.32498,106.89798,South Hills,14.15,2.25,Condominium,738,738,2,1.0,1,0,1,1979,1979,0,4,5.44,5,177600.0
-6.34275,106.87168,South Hills,15.15,1.53,Condominium,949,949,3,1.0,1,0,1,2010,2010,0,2,6.24,5,387000.0
-6.40378,106.87348,South Hills,21.86,5.94,Condominium,1206,1206,1,1.5,1,1,1,2022,2022,0,1,6.48,5,389500.0
-6.09759,106.83315,Tech Corridor,12.42,15.0,Townhouse,1302,1694,4,2.5,2,2,1,1998,1998,0,5,5.89,7,641400.0
-6.13732,106.77534,Tech Corridor,11.12,0.38,Single Family,2559,6397,4,2.0,2,3,0,2022,2022,0,7,4.43,7,1718500.0
-6.21884,106.80888,Downtown / CBD,4.23,1.37,Single Family,3180,9750,3,2.0,2,2,1,1987,1987,0,8,4.62,6,1811900.0
-6.14826,106.75505,Tech Corridor,12.09,0.46,Single Family,2283,4950,3,3.0,2,3,0,1992,1992,0,2,7.07,5,795900.0
-6.09095,106.88543,North Suburbs,13.81,3.94,Single Family,2156,5752,3,2.0,2,2,0,2021,2021,0,5,6.59,7,1262300.0
-6.15983,106.84226,Downtown / CBD,5.45,0.67,Townhouse,1692,2375,3,2.5,2,1,0,1985,1985,0,8,5.49,4,712900.0
-6.27124,106.88875,South Hills,8.42,1.08,Luxury Villa,4102,12097,4,3.5,2,3,1,1989,2005,1,6,3.45,8,2587400.0
-6.11145,106.78929,Tech Corridor,12.48,2.89,Townhouse,1617,2418,2,2.5,2,2,1,2003,2003,0,3,4.31,6,637100.0
-6.24469,106.79341,Downtown / CBD,7.03,2.19,Single Family,1933,3546,4,2.0,1,2,0,2000,2000,0,5,3.23,6,893900.0
-6.33602,106.92342,South Hills,16.55,0.54,Single Family,2836,5294,3,2.5,1,1,0,1990,1990,0,3,5.31,7,1067300.0
-6.26792,106.85864,South Hills,6.72,8.35,Single Family,2345,6869,4,2.5,1,2,1,2013,2013,0,6,3.17,8,1516600.0
-6.36556,106.96182,South Hills,21.66,1.0,Condominium,535,535,2,1.5,1,1,1,1991,1991,0,2,6.31,6,216500.0
-6.1536,107.06546,North Suburbs,25.16,7.16,Single Family,2337,5225,3,2.0,2,1,0,2006,2006,0,3,6.95,7,791700.0
-6.1425,106.92213,North Suburbs,11.24,1.04,Single Family,2226,5051,3,2.5,2,3,0,1985,2015,1,10,3.11,6,1427000.0
-6.30252,106.9864,South Hills,18.77,0.26,Condominium,721,721,1,2.0,1,1,0,1982,1982,0,5,6.74,6,269000.0
-6.26141,106.88388,South Hills,7.22,1.47,Townhouse,1831,2736,3,2.5,3,1,0,2019,2019,0,5,6.11,8,1069000.0
-6.36385,106.92306,South Hills,19.24,2.38,Single Family,2273,7263,4,1.5,1,2,1,1999,2011,1,4,3.86,7,1068700.0
-6.21653,106.79192,West Waterfront,6.02,0.2,Condominium,1087,1087,2,2.0,1,1,1,1984,1984,0,6,5.21,7,643500.0
-5.99752,106.89896,North Suburbs,24.19,2.94,Single Family,2037,4825,5,1.5,2,2,0,2022,2022,0,4,6.45,6,972200.0
-6.06557,106.84305,Tech Corridor,15.9,4.24,Single Family,1702,5002,3,2.0,1,2,0,2023,2023,0,4,6.29,7,1005200.0
-6.23287,106.84141,Downtown / CBD,2.71,7.96,Single Family,1602,3945,3,1.5,1,3,0,1985,1985,0,8,4.23,4,669300.0
-6.18378,106.88208,South Hills,4.91,4.34,Single Family,2548,5951,3,3.0,2,2,0,1985,1985,0,9,4.19,5,1156700.0
-6.17391,106.81283,Downtown / CBD,5.31,1.49,Townhouse,1283,1739,4,1.5,2,2,1,2011,2011,0,4,4.45,6,724500.0
-6.20734,106.84825,Downtown / CBD,0.34,0.45,Condominium,932,932,1,2.0,1,1,0,1979,1979,0,7,3.38,8,479000.0
-6.34962,106.93424,South Hills,18.47,4.67,Condominium,1100,1100,1,1.0,1,0,0,1978,1996,1,4,5.16,6,339800.0
-6.28814,106.68232,West Waterfront,20.15,1.84,Single Family,1992,3642,3,2.0,2,2,0,2014,2014,0,4,4.52,6,991400.0
-6.30612,106.90082,South Hills,12.42,0.69,Single Family,1898,4895,2,3.0,2,1,0,2015,2015,0,5,4.52,8,1136900.0
-6.22043,106.79573,Downtown / CBD,5.68,0.13,Townhouse,1177,1760,3,2.0,2,1,0,1976,1976,0,7,4.6,9,629100.0
-6.04419,106.8637,North Suburbs,18.38,3.86,Condominium,891,891,1,1.0,1,2,1,1982,1982,0,6,8.24,5,276600.0
-6.18944,106.80978,Downtown / CBD,4.52,0.87,Single Family,2143,6731,3,2.5,2,2,0,2002,2002,0,7,2.86,1,764600.0
-6.35327,106.89323,South Hills,16.88,0.23,Single Family,2628,5745,3,2.5,2,2,0,1994,1994,0,3,4.42,7,1036100.0
-6.10943,106.92424,North Suburbs,14.07,0.97,Luxury Villa,5605,31427,7,4.0,2,3,1,1980,2017,1,7,4.51,7,4312600.0
-6.12814,106.77069,Tech Corridor,12.22,0.94,Single Family,2648,7116,3,2.5,1,2,0,2019,2019,0,3,5.47,6,1371400.0
-6.33023,106.95171,South Hills,17.9,0.49,Single Family,1528,4714,3,1.5,1,3,0,2007,2007,0,1,4.69,8,667300.0
-6.08771,106.77735,Tech Corridor,15.43,2.95,Townhouse,1911,2859,3,2.0,2,2,0,2002,2017,1,6,6.36,5,874200.0
-6.20177,106.85645,Downtown / CBD,1.43,2.01,Single Family,2653,8165,4,2.0,1,2,0,2019,2019,0,5,5.38,6,1796500.0
-6.19912,106.80123,Downtown / CBD,5.04,3.4,Luxury Villa,3736,19816,5,3.5,2,3,1,1988,2014,1,6,2.2,7,2811400.0
-6.18439,106.86352,Downtown / CBD,3.36,3.12,Condominium,1057,1057,1,1.0,1,0,0,2013,2013,0,7,4.98,4,490000.0
-6.18991,106.85525,Downtown / CBD,2.35,2.86,Single Family,2784,5488,5,2.5,2,2,0,1978,1978,0,7,4.64,4,1193400.0
-6.20052,106.81185,Tech Corridor,3.86,0.25,Condominium,1159,1159,2,1.5,1,0,1,2007,2007,0,4,3.82,5,558100.0
-6.11104,106.82295,Tech Corridor,11.14,1.24,Single Family,1807,4484,4,2.0,2,1,0,1991,1991,0,4,3.88,5,792300.0
-6.27252,106.91032,Downtown / CBD,10.08,7.69,Single Family,2700,9285,2,1.5,1,1,0,2003,2003,0,2,6.52,6,1065200.0
-6.18263,106.83385,Downtown / CBD,3.18,9.4,Single Family,2598,8160,4,2.0,1,2,0,1979,2013,1,4,3.25,6,1476100.0
-6.26778,106.73166,West Waterfront,14.24,1.05,Single Family,2229,4496,2,2.0,2,2,0,1983,1983,0,5,4.21,6,1002200.0
-6.2733,106.71107,West Waterfront,16.56,1.47,Single Family,2856,5720,4,1.5,1,2,0,1989,1989,0,3,7.14,7,1324400.0
-6.20514,106.86786,Downtown / CBD,2.5,0.24,Townhouse,1204,1487,3,1.5,2,2,0,1995,2018,1,8,4.29,6,792400.0
-6.12878,106.7719,Tech Corridor,12.08,2.86,Single Family,2463,6995,4,1.5,1,3,0,1985,1998,1,6,3.45,6,1192700.0
-6.13617,106.85537,Tech Corridor,8.13,3.04,Townhouse,1013,1178,3,1.5,3,1,0,1981,1993,1,7,3.98,7,497500.0
-6.24782,106.87403,South Hills,5.36,3.23,Single Family,2019,4370,3,2.0,2,2,1,2003,2003,0,8,5.21,7,1295300.0
-6.36146,106.94287,South Hills,20.09,1.02,Condominium,727,727,3,1.0,1,1,1,1978,1978,0,1,5.85,7,228200.0
-6.29453,106.87487,South Hills,10.06,0.56,Condominium,651,651,1,1.5,1,1,0,1997,2018,1,5,3.82,4,276700.0
-6.1726,106.86243,Downtown / CBD,4.43,2.84,Single Family,2711,7113,5,2.0,2,2,1,2000,2000,0,6,4.05,7,1524400.0
-6.0756,107.00618,North Suburbs,23.16,2.0,Townhouse,1447,2186,2,2.5,3,1,0,2007,2023,1,1,6.24,3,400200.0
-6.17652,106.91015,North Suburbs,8.01,5.47,Single Family,2696,5233,3,3.0,2,1,1,1977,1977,0,7,5.13,6,1099900.0
-6.06074,106.76236,Tech Corridor,18.85,6.83,Single Family,2980,8688,3,2.5,1,2,0,2020,2020,0,5,6.98,6,1402600.0
-5.98646,106.95001,North Suburbs,27.27,0.1,Single Family,1311,2364,3,2.0,2,1,0,1990,1990,0,3,5.89,6,404100.0
-6.10094,106.89303,North Suburbs,13.08,1.29,Condominium,1023,1023,2,1.5,1,0,0,1976,1976,0,3,4.84,8,338500.0
-6.31731,106.71469,West Waterfront,18.87,0.4,Luxury Villa,3514,9014,5,4.0,2,4,1,2007,2007,0,3,6.75,10,2629800.0
-6.23307,106.93336,South Hills,10.11,2.05,Single Family,2402,5775,5,1.5,2,1,0,2006,2006,0,4,5.33,5,966600.0
-6.11607,106.77461,Tech Corridor,12.96,1.14,Condominium,1186,1186,3,1.0,1,2,1,1987,1987,0,4,6.01,7,560400.0
-6.1432,106.78457,Tech Corridor,9.95,0.9,Single Family,1950,5687,3,2.0,2,2,0,2005,2005,0,4,4.4,7,1036700.0
-6.24455,106.92102,South Hills,9.26,6.85,Single Family,3163,9232,2,2.5,2,2,0,1979,1988,1,3,3.82,8,1281000.0
-6.36719,106.93604,South Hills,20.25,0.5,Condominium,929,929,3,1.5,1,0,1,2014,2014,0,5,6.69,6,434900.0
-6.2176,106.71243,West Waterfront,14.81,3.62,Luxury Villa,4891,21899,4,4.0,2,3,1,2007,2018,1,4,5.79,5,2840700.0
-6.10911,106.92053,North Suburbs,13.84,0.8,Condominium,933,933,3,2.0,1,1,0,2001,2009,1,6,4.71,8,526300.0
-6.20107,106.82689,Downtown / CBD,2.25,0.5,Single Family,2435,5947,2,2.0,2,1,0,1991,2009,1,6,2.39,4,1088900.0
-6.25711,106.78042,West Waterfront,9.0,1.08,Condominium,798,798,1,1.0,1,1,0,2022,2022,0,8,4.58,6,560200.0
-6.30464,106.88563,South Hills,11.53,2.18,Luxury Villa,5159,17508,6,4.0,2,4,1,1975,1975,0,5,6.12,9,2436200.0
-6.3005,106.72107,West Waterfront,17.17,1.06,Condominium,1242,1242,3,1.0,1,0,1,1977,1977,0,5,5.22,3,349900.0
-6.19886,106.86191,Downtown / CBD,2.12,1.94,Single Family,3279,9788,4,2.0,1,2,0,1989,2015,1,6,6.14,5,1920800.0
-6.20619,106.7989,Downtown / CBD,5.19,4.94,Single Family,2345,5309,3,2.0,1,3,0,2009,2009,0,7,4.89,4,1053900.0
-6.20999,106.83603,Downtown / CBD,1.07,1.01,Single Family,2236,4633,2,2.0,1,1,1,2017,2017,0,5,3.39,6,1477200.0
-6.20587,106.8323,Downtown / CBD,1.51,0.1,Single Family,2531,7637,3,2.0,2,1,1,1981,1981,0,7,4.36,5,1360600.0
-6.27635,106.79381,West Waterfront,9.45,0.2,Single Family,2613,5675,3,3.0,2,2,0,1999,1999,0,4,5.08,6,1275500.0
-6.17638,106.80187,Downtown / CBD,6.04,0.67,Townhouse,1045,1229,2,2.0,2,1,0,1983,1983,0,5,4.26,6,457800.0
-6.2216,106.90137,South Hills,6.35,0.1,Single Family,2927,9843,3,2.5,2,2,1,2021,2021,0,4,2.48,8,2196300.0
-6.2459,106.92481,South Hills,9.71,1.39,Single Family,2022,6356,3,2.0,1,2,0,2022,2022,0,5,4.93,6,1219500.0
-6.00451,107.02743,North Suburbs,30.36,2.64,Townhouse,1597,2082,4,2.5,3,1,0,2006,2021,1,4,6.99,6,603100.0
-6.01175,106.88425,North Suburbs,22.29,0.95,Single Family,1206,4024,3,3.0,1,1,1,2013,2013,0,6,4.99,5,641000.0
-6.25574,106.76834,West Waterfront,10.03,1.42,Luxury Villa,3185,8257,5,5.0,2,2,1,2020,2020,0,6,5.22,8,2703300.0
-6.12686,106.82699,Tech Corridor,9.33,7.47,Single Family,3224,10710,3,1.5,1,2,0,1991,2014,1,5,3.02,5,1614100.0
-6.06317,106.73097,Tech Corridor,20.57,4.1,Townhouse,1298,1923,4,2.5,2,1,0,2017,2017,0,3,4.77,4,460500.0
-6.23608,106.88121,Downtown / CBD,4.98,2.69,Townhouse,1537,1703,2,2.5,2,2,0,2002,2002,0,4,4.61,8,725300.0
-6.18718,106.82025,Tech Corridor,3.7,1.75,Townhouse,1068,1558,4,2.5,2,1,0,2002,2017,1,5,2.79,4,537700.0
-6.31285,106.85057,South Hills,11.56,2.23,Single Family,2279,7246,3,2.0,2,2,0,1996,1996,0,7,3.99,3,870300.0
-6.18429,106.97799,North Suburbs,14.94,2.41,Single Family,2747,7525,3,1.5,2,2,1,2021,2021,0,6,4.29,7,1538700.0
-6.21803,106.89758,Downtown / CBD,5.86,2.02,Condominium,1535,1535,2,2.0,1,1,0,2017,2017,0,6,4.98,8,1068500.0
-6.19119,106.8946,Downtown / CBD,5.78,0.63,Townhouse,2081,3053,3,2.0,2,1,0,1991,1991,0,6,3.53,5,920600.0
-6.39839,106.89135,South Hills,21.65,0.6,Single Family,1370,3179,3,2.5,1,2,0,2020,2020,0,7,6.09,5,707900.0
-6.16618,106.87075,Tech Corridor,5.49,1.5,Single Family,2299,4329,4,2.5,2,1,1,1998,1998,0,4,3.7,8,1283100.0
-6.07294,106.81272,Tech Corridor,15.52,0.1,Single Family,1933,3857,3,2.0,1,2,1,2000,2000,0,6,5.55,7,984800.0
-6.18682,106.85734,North Suburbs,2.77,1.24,Condominium,1203,1203,2,2.0,1,0,0,1998,1998,0,3,2.33,5,457900.0
-6.12295,106.9202,North Suburbs,12.62,1.99,Single Family,2106,6956,3,2.0,1,3,0,1995,1995,0,5,4.36,5,882700.0
-6.2715,106.742,West Waterfront,13.44,6.55,Single Family,2267,5576,4,1.5,2,2,0,1982,1982,0,3,5.12,5,857800.0
-6.16429,106.86191,Tech Corridor,5.26,0.4,Townhouse,1755,2687,2,2.0,2,2,1,1978,1978,0,6,3.38,7,793200.0
-6.0971,106.95665,North Suburbs,17.48,1.9,Townhouse,1179,1568,3,2.5,2,1,0,1978,1978,0,7,5.77,6,425600.0
-5.98855,107.05579,North Suburbs,33.79,1.67,Luxury Villa,2749,8740,5,6.0,2,3,1,2022,2022,0,1,6.96,8,1378000.0
-6.13276,106.96426,North Suburbs,15.64,5.0,Single Family,2887,7031,2,2.5,2,2,0,2016,2016,0,2,6.32,5,1137200.0
-6.3106,106.87728,South Hills,11.83,2.17,Single Family,1964,4858,2,2.5,2,2,0,1993,1993,0,3,6.33,6,815800.0
-6.27082,106.85103,Downtown / CBD,6.91,2.09,Single Family,2724,5272,4,2.0,2,2,0,2019,2019,0,6,5.14,4,1390300.0
-6.31382,106.88871,South Hills,12.6,0.14,Condominium,565,565,2,1.0,1,1,0,1976,1976,0,4,4.7,5,200100.0
-6.27844,106.64484,West Waterfront,23.59,6.48,Single Family,2219,4449,2,2.0,2,3,0,2003,2003,0,1,5.35,4,727400.0
-6.2545,106.81802,Downtown / CBD,5.92,0.89,Townhouse,1958,2725,3,2.0,3,1,0,1985,1985,0,8,2.91,6,919600.0
-6.2917,106.74197,West Waterfront,14.73,4.85,Luxury Villa,4561,26568,7,5.0,2,2,1,2010,2010,0,3,6.19,5,2522600.0
-6.37083,106.87868,South Hills,18.36,2.7,Single Family,1939,6551,3,2.0,1,3,0,2015,2015,0,2,5.36,8,947500.0
-6.24982,106.74428,West Waterfront,12.13,3.82,Luxury Villa,4322,15291,7,5.0,2,3,1,2008,2016,1,8,3.28,8,3949100.0
-6.07945,106.77781,Tech Corridor,16.21,1.82,Single Family,1662,3839,5,2.0,1,2,0,2002,2014,1,4,5.42,5,676800.0
-6.10512,106.97538,North Suburbs,18.44,0.57,Single Family,1377,4801,3,2.0,2,2,1,1993,1993,0,5,7.19,6,632900.0
-6.4024,106.89149,South Hills,22.08,1.12,Single Family,2177,4274,3,2.0,2,3,0,1988,1995,1,1,4.75,7,728200.0
-6.10939,106.80292,Tech Corridor,12.01,3.58,Townhouse,1281,1719,2,2.5,2,2,0,2021,2021,0,8,3.57,7,733500.0
-6.12818,106.81046,Tech Corridor,9.76,4.77,Townhouse,888,1298,3,1.5,2,1,0,1975,2016,1,6,4.3,5,459700.0
-6.27992,106.72438,West Waterfront,15.6,0.36,Townhouse,1420,1594,3,2.0,3,1,1,1998,2018,1,4,7.49,7,823900.0
-6.3178,106.94005,South Hills,16.01,2.21,Single Family,2426,4939,4,2.5,1,2,0,2010,2010,0,4,4.58,4,906000.0
-6.25205,106.67922,West Waterfront,19.08,1.43,Single Family,3268,10754,4,2.0,2,2,0,2010,2010,0,4,5.41,7,1773900.0
-6.37778,106.90647,South Hills,19.94,0.12,Townhouse,1644,2222,3,2.0,3,1,1,2019,2019,0,3,6.87,7,699400.0
-6.10008,106.91607,North Suburbs,14.38,2.46,Townhouse,1943,2763,3,2.0,2,2,0,2019,2019,0,7,5.36,3,806900.0
-6.23898,106.84753,Downtown / CBD,3.36,0.77,Condominium,1186,1186,1,2.0,1,1,0,1990,1998,1,5,5.89,7,621600.0
-6.10392,106.89921,North Suburbs,13.07,4.02,Townhouse,1781,2841,3,2.5,2,1,0,1977,2004,1,7,5.83,6,826300.0
-6.01086,106.92504,North Suburbs,23.67,2.7,Single Family,2429,7682,3,1.5,2,2,1,1979,1979,0,3,5.98,6,731900.0
-6.29095,106.79507,South Hills,10.71,3.9,Condominium,450,450,3,1.5,1,0,1,1985,1985,0,8,5.63,6,238700.0
-6.00706,106.91029,North Suburbs,23.52,6.79,Condominium,1579,1579,2,1.5,1,1,1,1981,2019,1,6,5.13,8,711500.0
-6.07187,106.88622,North Suburbs,15.85,2.91,Single Family,1325,3160,5,2.5,1,2,0,2022,2022,0,6,7.39,5,688800.0
-6.13224,106.84294,Tech Corridor,8.5,0.37,Single Family,3237,7446,3,2.0,1,3,1,1977,1977,0,2,5.17,5,1185700.0
-6.14476,106.78873,Tech Corridor,9.51,1.01,Townhouse,1550,1888,3,2.0,2,1,1,2012,2012,0,5,4.33,8,920700.0
-6.15713,106.7544,Tech Corridor,11.64,8.17,Single Family,2102,5625,2,2.5,2,2,0,1979,2011,1,2,6.63,2,576800.0
-6.27361,106.73151,West Waterfront,14.56,1.63,Condominium,610,610,3,1.5,1,2,0,1978,1978,0,6,4.41,4,251900.0
-6.09792,106.98949,North Suburbs,20.16,0.61,Townhouse,1518,1799,2,2.5,2,2,0,1984,2007,1,3,5.71,6,578600.0
-5.94873,106.91662,North Suburbs,29.92,4.71,Luxury Villa,4410,12178,6,3.5,2,2,1,2000,2007,1,1,8.44,8,1655100.0
-6.16347,106.84632,Tech Corridor,5.03,3.47,Condominium,1241,1241,2,1.5,1,1,1,1987,1987,0,7,4.97,7,661900.0
-6.10113,106.80418,Tech Corridor,12.81,0.85,Single Family,1305,3126,5,2.0,2,1,1,1979,1979,0,3,5.42,5,521800.0
-6.00242,106.84089,North Suburbs,22.91,1.52,Townhouse,2530,3417,3,2.0,3,1,0,2004,2015,1,5,5.24,6,936000.0
-6.33992,106.77857,South Hills,16.35,6.86,Single Family,1943,6466,4,2.0,2,3,0,1976,1976,0,4,7.33,4,574500.0
-6.10337,106.92469,North Suburbs,14.63,2.05,Townhouse,1683,2045,2,2.0,2,2,0,1975,1975,0,6,4.45,4,482100.0
-6.14788,106.77537,Tech Corridor,10.32,6.07,Condominium,673,673,1,1.5,1,0,0,1985,2004,1,5,4.16,4,242600.0
-6.01663,107.0311,North Suburbs,29.65,3.29,Single Family,2532,8749,3,1.5,1,2,1,2013,2013,0,5,8.17,5,943600.0
-6.27694,106.66674,West Waterfront,21.25,1.49,Single Family,1907,6053,4,2.0,2,2,0,1987,1987,0,6,5.59,6,883400.0
-6.14698,106.86175,Downtown / CBD,7.09,2.41,Townhouse,649,1035,4,2.0,2,2,0,1989,1989,0,7,3.88,7,372200.0
-6.10085,106.85525,North Suburbs,12.03,1.73,Single Family,2855,6091,4,3.0,1,2,0,2003,2009,1,7,5.11,6,1466900.0
-6.16142,106.87246,Downtown / CBD,6.04,0.23,Condominium,840,840,2,2.0,1,1,1,2021,2021,0,6,4.57,5,495800.0
-6.25224,106.83164,Downtown / CBD,5.06,0.2,Single Family,2411,7049,4,1.5,2,2,0,2013,2013,0,3,4.2,6,1416000.0
-6.09582,106.77931,Tech Corridor,14.54,0.1,Townhouse,1522,2398,3,2.0,2,2,1,1980,1980,0,3,4.06,5,471800.0
-6.21047,106.86765,Downtown / CBD,2.45,0.98,Single Family,2692,9157,4,2.0,1,3,0,2022,2022,0,6,4.88,6,1831100.0
-6.15435,106.79092,Tech Corridor,8.57,0.32,Condominium,1416,1416,2,1.0,1,1,0,1986,2001,1,4,3.94,6,583800.0
-6.18073,106.87555,Downtown / CBD,4.56,0.35,Single Family,2608,5082,3,2.0,1,2,0,2010,2010,0,5,5.15,4,1165200.0
-6.12573,106.78225,Tech Corridor,11.6,1.04,Single Family,3133,6115,5,2.5,2,2,0,1984,1984,0,6,5.21,6,1350100.0
-6.32047,106.8382,West Waterfront,12.42,4.12,Single Family,2110,4897,3,3.0,1,3,0,2013,2013,0,5,6.44,5,1294000.0
-6.00858,106.89618,North Suburbs,22.92,2.11,Single Family,1411,3728,5,3.0,1,3,0,1996,2002,1,4,7.57,8,659300.0
-6.33823,106.94279,South Hills,17.97,1.87,Single Family,2170,5675,4,2.0,2,2,0,1976,1976,0,3,5.18,6,664000.0
-6.22956,106.76362,West Waterfront,9.39,1.55,Single Family,2625,7751,3,2.0,2,1,1,1982,1982,0,7,4.2,7,1454500.0
-6.19062,106.7979,West Waterfront,5.67,0.37,Condominium,1175,1175,1,2.0,1,0,1,2013,2013,0,4,3.16,5,629200.0
-6.36843,106.93195,South Hills,20.14,2.88,Condominium,1154,1154,3,1.0,1,0,1,1987,1987,0,4,6.76,6,387100.0
-6.31358,106.94943,South Hills,16.37,1.19,Townhouse,732,921,3,1.5,2,1,0,2000,2015,1,5,5.73,6,375300.0
-6.29,106.6879,West Waterfront,19.69,6.03,Condominium,1280,1280,2,1.5,1,1,1,2010,2010,0,2,6.16,8,656900.0
-6.20764,106.84734,Tech Corridor,0.23,1.62,Single Family,2580,5975,4,1.5,1,3,0,1984,2019,1,6,6.51,6,1867000.0
-6.15933,106.67708,West Waterfront,19.5,0.1,Townhouse,1080,1204,2,1.5,2,1,0,2001,2020,1,3,5.77,7,592300.0
-6.23229,106.69229,West Waterfront,17.22,3.08,Single Family,2308,5385,3,2.5,1,2,0,2018,2018,0,5,6.52,6,1223300.0
-6.4049,106.75548,South Hills,23.96,9.43,Single Family,2321,6589,5,2.5,2,1,0,2002,2002,0,5,1.62,7,987600.0
-6.2036,106.79781,Downtown / CBD,5.34,1.92,Condominium,794,794,2,1.0,1,1,1,1978,1978,0,6,4.7,8,353300.0
-6.11816,106.80045,Tech Corridor,11.24,4.21,Single Family,2208,7148,5,2.0,2,1,0,2018,2018,0,5,5.67,6,1168800.0
-6.27908,106.73694,West Waterfront,14.36,2.62,Townhouse,1731,2095,4,1.5,3,2,0,1990,1990,0,3,6.61,4,600300.0
-6.05826,106.76953,Tech Corridor,18.72,1.32,Luxury Villa,4091,11451,6,3.5,2,3,1,2018,2018,0,2,4.78,8,2015100.0
-6.28892,106.86862,South Hills,9.25,1.35,Condominium,918,918,3,2.0,1,1,1,1992,1992,0,2,5.84,6,399200.0
-6.11311,106.80594,Tech Corridor,11.5,0.68,Single Family,2829,8296,3,2.5,2,2,0,2011,2011,0,4,4.0,7,1444700.0
-6.33708,106.91659,South Hills,16.27,1.61,Luxury Villa,5985,22638,5,6.0,2,4,1,1995,1995,0,7,5.27,7,3658100.0
-5.99468,106.87604,North Suburbs,24.01,1.58,Single Family,2272,4921,3,2.5,2,2,0,2011,2011,0,3,6.88,6,849600.0
-6.43657,106.88329,South Hills,25.63,11.96,Condominium,896,896,2,2.0,1,1,1,1986,1986,0,3,5.28,8,319600.0
-6.22105,106.8234,West Waterfront,2.81,2.7,Single Family,1428,3904,4,3.0,2,2,0,2010,2010,0,6,4.43,5,885100.0
-6.40058,106.87779,South Hills,21.59,2.77,Townhouse,701,893,3,2.5,2,1,0,2008,2008,0,4,7.39,7,290700.0
-6.29189,106.96681,South Hills,16.31,4.19,Condominium,1113,1113,2,1.0,1,2,1,1977,1977,0,6,5.67,6,438500.0
-6.08778,106.76361,Tech Corridor,16.23,0.82,Luxury Villa,3849,12303,4,3.5,2,2,1,2006,2006,0,2,6.52,9,1977400.0
-6.12948,106.75673,Tech Corridor,13.22,4.7,Single Family,1939,6362,3,3.0,2,2,0,2006,2006,0,5,6.57,6,943000.0
-6.20283,106.91518,Downtown / CBD,7.75,0.21,Townhouse,1460,2057,2,2.5,3,1,1,2000,2000,0,4,5.57,5,650800.0
-6.29067,106.93835,South Hills,13.73,4.42,Condominium,881,881,2,1.0,1,0,0,1982,1982,0,6,5.58,9,349700.0
-6.24879,106.78592,South Hills,7.97,3.96,Condominium,1150,1150,2,2.0,1,0,0,1980,1980,0,5,5.46,6,440400.0
-6.24504,106.69437,West Waterfront,17.26,0.56,Townhouse,1417,1826,3,2.0,2,1,0,2011,2011,0,1,7.48,2,454000.0
-6.09646,106.71423,Tech Corridor,19.19,0.1,Single Family,3375,11574,4,2.0,2,2,0,1981,1981,0,5,8.55,7,1238000.0
-6.44762,106.92481,South Hills,27.93,0.36,Townhouse,1869,2542,2,2.5,2,1,1,1993,2023,1,1,7.55,6,682000.0
-6.18821,106.86461,Downtown / CBD,3.11,0.76,Luxury Villa,4454,23889,5,3.5,2,2,1,1977,1977,0,7,4.03,8,2720600.0
-6.3204,106.96429,South Hills,18.08,2.3,Condominium,1057,1057,2,1.0,1,0,1,1987,1987,0,1,7.08,4,279600.0
-6.07898,106.72806,Tech Corridor,19.44,6.84,Luxury Villa,2283,9386,5,5.0,3,3,1,2021,2021,0,1,6.63,10,1372200.0
-6.21537,106.8049,Downtown / CBD,4.58,1.75,Single Family,2050,5715,3,2.0,1,2,1,2015,2015,0,5,4.36,7,1548200.0
-6.12758,106.80755,Tech Corridor,9.96,2.41,Townhouse,1980,2723,3,2.0,3,2,0,2003,2023,1,4,2.92,6,1004900.0
-6.23745,106.84286,North Suburbs,3.19,0.62,Single Family,1944,5686,3,3.0,1,3,0,1991,2015,1,3,2.98,5,1093500.0
-6.41412,106.8465,South Hills,22.79,1.07,Single Family,2189,5597,3,2.0,2,3,1,1983,1983,0,4,5.93,9,998700.0
-6.10224,106.69947,Tech Corridor,20.08,1.5,Condominium,702,702,3,2.0,1,1,1,2018,2018,0,2,5.19,4,261100.0
-6.29786,106.92901,South Hills,13.54,7.56,Townhouse,1478,1918,3,1.5,2,2,1,2007,2007,0,4,4.11,6,560900.0
-6.17342,106.89145,Downtown / CBD,6.43,0.2,Condominium,1301,1301,1,1.5,1,1,1,1978,2009,1,8,5.59,3,521800.0
-6.2948,106.72811,West Waterfront,16.16,2.65,Condominium,1052,1052,2,1.0,1,1,1,2008,2022,1,6,5.45,5,627200.0
-6.09706,106.78046,Tech Corridor,14.36,4.52,Single Family,2882,9408,2,3.0,1,2,0,1979,1995,1,5,5.15,6,1329300.0
-6.23003,106.85817,Downtown / CBD,2.74,4.23,Condominium,1007,1007,2,1.0,1,1,0,2015,2015,0,7,2.42,6,627700.0
-6.22959,106.84263,Downtown / CBD,2.33,4.34,Single Family,1860,3952,3,3.0,2,1,0,2002,2019,1,6,2.52,6,1239200.0
-6.27642,106.79013,South Hills,9.71,0.43,Single Family,1936,4354,3,2.0,1,2,0,1984,1984,0,5,6.67,7,967100.0
-6.19855,106.88465,Downtown / CBD,4.48,0.1,Townhouse,1673,2111,2,2.5,2,2,0,1979,2007,1,8,2.76,8,1243900.0
-6.02574,106.98581,North Suburbs,25.59,1.8,Single Family,2711,5607,3,2.0,2,2,1,2016,2016,0,3,4.52,7,1099900.0
-6.27857,106.71413,West Waterfront,16.52,1.22,Single Family,2698,9114,4,2.5,1,2,0,1994,1994,0,6,5.07,5,1130700.0
-6.33777,106.92474,South Hills,16.8,4.69,Townhouse,1075,1500,3,2.0,2,1,0,1982,2017,1,5,7.23,5,448200.0
-6.2804,106.85012,South Hills,7.96,4.68,Luxury Villa,3916,23358,6,4.0,2,3,1,1988,1988,0,7,4.66,6,2599200.0
-6.24608,106.78638,West Waterfront,7.77,0.36,Condominium,1301,1301,1,1.0,1,1,0,2005,2005,0,4,2.19,7,720300.0
-6.07315,106.748,North Suburbs,18.55,3.27,Condominium,1249,1249,3,1.0,1,1,0,1991,1991,0,5,7.33,4,361900.0
-6.16062,106.77854,Tech Corridor,9.17,2.93,Townhouse,1448,1989,3,2.0,3,1,0,1980,1993,1,7,5.4,6,645800.0
-6.11994,106.81352,West Waterfront,10.49,3.63,Single Family,1768,5857,3,2.0,2,2,0,1995,2017,1,4,7.07,4,882400.0
-6.19255,106.81429,Tech Corridor,3.92,2.35,Luxury Villa,4988,28921,5,4.0,2,3,1,1982,2012,1,8,5.21,6,3799000.0
-6.43602,106.94908,South Hills,27.71,1.39,Single Family,2479,8447,4,1.5,2,3,0,2006,2012,1,5,7.28,7,1159900.0
-6.2192,106.83507,Tech Corridor,1.64,0.13,Townhouse,1458,1748,3,2.5,2,1,0,1988,1988,0,8,2.58,6,810000.0
-6.22515,106.78042,Downtown / CBD,7.46,0.63,Single Family,2129,5611,2,1.5,1,2,1,2015,2015,0,3,3.98,7,1140200.0
-6.3267,106.87446,South Hills,13.47,2.2,Single Family,2639,6124,3,2.0,1,3,1,2003,2003,0,7,6.26,7,1563100.0
-6.30349,106.84165,South Hills,10.52,0.84,Single Family,2574,6862,4,2.0,2,2,1,1987,1987,0,3,4.09,4,875100.0
-6.09322,106.89809,Downtown / CBD,14.09,9.79,Luxury Villa,3093,13176,6,3.5,3,4,1,1977,1993,1,3,5.93,7,1496700.0
-6.19341,106.78388,West Waterfront,7.06,3.9,Single Family,2443,8115,4,2.5,2,2,0,2007,2014,1,5,3.57,7,1849800.0
-6.15994,106.75387,Tech Corridor,11.54,1.67,Townhouse,1592,2253,4,2.5,2,1,1,2001,2001,0,2,3.74,6,710100.0
-6.24058,106.84624,Downtown / CBD,3.53,0.21,Single Family,2542,5834,4,2.5,2,2,1,1981,1981,0,10,3.99,7,1480100.0
-6.26828,106.66124,West Waterfront,21.5,5.65,Luxury Villa,4499,21374,4,3.5,2,3,0,2004,2022,1,4,6.43,8,3057800.0
-6.31206,106.95494,South Hills,16.69,3.19,Condominium,646,646,1,1.5,1,0,0,2022,2022,0,4,4.89,8,338300.0
-6.16555,106.82697,Tech Corridor,5.23,1.11,Single Family,1727,4834,3,2.5,2,1,0,1993,2008,1,8,5.95,8,1244600.0
-6.19171,106.87728,Downtown / CBD,4.0,3.04,Single Family,1691,4720,2,2.0,1,2,1,1991,1991,0,8,5.21,7,1106600.0
-6.15557,106.80208,Tech Corridor,7.63,3.44,Condominium,1328,1328,1,2.0,1,1,0,1987,2001,1,6,5.23,7,644700.0
-6.23291,106.73548,West Waterfront,12.51,9.38,Townhouse,1573,2332,2,1.5,2,1,0,2023,2023,0,4,5.68,7,904200.0
-6.1316,106.85575,Downtown / CBD,8.64,1.74,Luxury Villa,3233,15808,5,4.0,2,3,1,2008,2016,1,6,2.72,7,2404900.0
-6.32666,106.92243,South Hills,15.62,3.62,Townhouse,1490,2277,4,2.0,2,1,0,2008,2008,0,6,7.47,6,680800.0
-6.01037,106.87295,North Suburbs,22.23,9.68,Condominium,1008,1008,1,2.0,1,1,1,1992,2003,1,8,7.54,4,366600.0
-6.10623,106.85913,Tech Corridor,11.48,0.27,Single Family,2708,7621,3,1.5,1,3,0,1993,1993,0,7,6.13,5,1198700.0
-6.13642,106.78972,Tech Corridor,10.15,1.32,Townhouse,1302,2078,3,2.5,3,2,0,2001,2001,0,3,4.81,4,466400.0
-6.27905,106.92137,South Hills,11.47,7.71,Single Family,1909,6081,3,2.5,1,3,1,2018,2018,0,4,4.23,8,1284900.0
-6.32904,106.85349,South Hills,13.38,0.72,Single Family,2178,7432,3,1.5,2,2,0,2006,2006,0,5,6.93,7,1082000.0
-6.33531,106.96324,South Hills,19.18,0.73,Townhouse,1659,2625,2,1.5,2,1,0,2007,2007,0,5,6.4,7,672400.0
-6.24254,106.86229,Downtown / CBD,4.18,0.47,Single Family,2379,6235,3,2.5,2,2,0,2005,2005,0,6,6.61,8,1611200.0
-6.16896,106.74262,Tech Corridor,12.26,2.38,Single Family,2595,6725,4,3.0,2,2,0,2018,2018,0,4,4.28,8,1400700.0
-6.13808,106.94482,North Suburbs,13.52,12.42,Single Family,2114,4670,4,1.5,2,1,0,1988,1988,0,8,4.27,6,914900.0
-6.27964,106.88887,South Hills,9.21,1.98,Single Family,2033,4841,4,2.5,1,1,0,1997,1997,0,6,7.25,6,1037100.0
-6.39102,106.92825,South Hills,22.21,4.14,Single Family,1864,5244,4,2.0,2,1,0,1995,2005,1,5,6.26,8,867100.0
-6.09183,106.83718,North Suburbs,13.02,2.86,Single Family,2736,8000,3,2.5,2,2,0,2010,2010,0,7,5.6,6,1344500.0
-6.30708,106.76456,West Waterfront,14.14,5.69,Condominium,898,898,1,1.5,1,1,1,2008,2008,0,1,7.16,7,492200.0
-6.24073,106.77265,West Waterfront,8.84,6.99,Single Family,1126,3580,5,1.5,2,2,0,2016,2016,0,5,5.82,6,836600.0
-6.17355,106.95686,North Suburbs,12.95,2.06,Townhouse,1211,1620,3,2.5,3,1,0,1993,2010,1,2,4.67,5,490100.0
-6.12011,106.8999,North Suburbs,11.54,1.32,Townhouse,1875,2965,3,2.0,2,1,0,2018,2018,0,7,4.11,7,1130600.0
-6.25184,106.7445,West Waterfront,12.2,0.59,Townhouse,1651,2363,2,2.0,2,1,0,2004,2004,0,5,4.82,4,771400.0
-6.06349,106.9319,North Suburbs,18.76,3.95,Townhouse,1338,1726,2,2.5,2,2,0,1981,2004,1,2,5.69,7,516000.0
-6.24622,106.71433,West Waterfront,15.15,10.49,Single Family,2638,6980,3,2.0,1,2,1,1979,2023,1,3,4.25,7,1525600.0
-6.11222,106.97574,North Suburbs,17.99,2.67,Condominium,1003,1003,2,1.5,1,1,1,2002,2002,0,3,5.98,7,433000.0
-6.12839,106.86853,North Suburbs,9.28,0.44,Single Family,2178,7048,5,1.5,1,2,0,2012,2012,0,4,4.99,8,1201000.0
-6.2443,106.85482,Downtown / CBD,4.07,0.44,Condominium,651,651,2,1.5,1,1,1,2022,2022,0,6,0.93,6,461000.0
-6.24333,106.7364,West Waterfront,12.71,5.75,Luxury Villa,4884,23484,5,3.5,2,4,1,2014,2014,0,4,8.02,7,3350700.0
-6.27078,106.8565,South Hills,6.99,2.15,Condominium,557,557,3,1.0,1,0,1,1977,2011,1,9,4.74,4,297400.0
-6.18427,106.73921,Tech Corridor,12.12,0.77,Townhouse,1523,1981,2,2.0,3,1,0,1998,1998,0,6,3.56,5,595800.0
-6.15309,106.79833,Tech Corridor,8.11,0.77,Luxury Villa,4225,14384,4,3.5,2,3,1,1981,2003,1,7,4.71,9,3021200.0
-6.41937,107.00858,South Hills,29.56,5.04,Luxury Villa,4709,23620,5,4.0,2,3,1,1993,2004,1,1,6.93,9,2367500.0
-6.10381,106.82532,Tech Corridor,11.87,0.83,Single Family,1746,3387,4,1.5,2,2,0,2023,2023,0,1,6.36,5,788700.0
-6.17702,106.91788,North Suburbs,8.76,4.08,Single Family,563,1547,3,2.0,2,2,0,1999,1999,0,6,4.54,5,297800.0
-6.13102,106.7566,Tech Corridor,13.12,2.14,Single Family,2128,6777,2,2.5,2,1,1,1978,1978,0,6,5.41,5,762900.0
-6.03574,106.96401,North Suburbs,23.28,0.97,Condominium,1004,1004,1,1.0,1,1,1,1978,2001,1,4,7.37,6,350200.0
-6.43684,106.90506,South Hills,26.16,1.5,Townhouse,2516,3487,4,2.5,3,2,0,2009,2009,0,2,6.11,8,883000.0
-6.21908,106.90825,Downtown / CBD,7.05,0.32,Single Family,1781,4423,4,2.5,1,1,0,1991,1991,0,6,5.94,6,950300.0
-6.23623,106.72903,West Waterfront,13.29,0.12,Single Family,1689,3380,3,2.0,2,2,0,1994,1994,0,8,6.88,8,1270200.0
-6.3756,106.90793,South Hills,19.77,0.93,Luxury Villa,4384,17955,5,6.0,2,3,1,2019,2019,0,1,6.69,7,2386700.0
-6.1033,106.73849,Tech Corridor,16.69,3.65,Single Family,2021,5931,4,2.5,1,2,0,2022,2022,0,4,6.03,9,1168100.0
-6.29087,106.9483,South Hills,14.59,0.1,Single Family,2643,8142,2,3.0,2,2,0,2022,2022,0,7,6.04,6,1413400.0
-6.00475,106.82538,North Suburbs,22.76,2.32,Single Family,1328,3132,4,2.0,2,1,0,2010,2010,0,5,4.33,8,586700.0
-5.9994,106.85677,North Suburbs,23.28,8.02,Single Family,2839,8773,4,2.5,1,3,0,1992,1992,0,3,7.0,6,969100.0
-6.07078,106.82003,North Suburbs,15.58,1.2,Single Family,2095,6499,3,2.5,2,2,0,2007,2007,0,4,5.26,7,1095200.0
-6.31349,106.76556,West Waterfront,14.63,5.73,Condominium,1002,1002,3,2.0,1,1,1,2018,2018,0,4,3.21,5,544200.0
-6.03202,106.89451,North Suburbs,20.36,3.01,Single Family,1889,5031,5,2.5,2,1,0,2013,2013,0,4,5.48,6,744000.0
-6.24095,106.65685,West Waterfront,21.25,0.1,Condominium,1328,1328,3,2.0,1,1,1,1987,1987,0,1,4.01,6,472200.0
-6.07222,106.93685,North Suburbs,18.23,2.6,Luxury Villa,2990,10205,5,4.0,2,4,1,2011,2011,0,6,3.9,8,1952400.0
-6.1693,106.821,Tech Corridor,5.17,1.87,Condominium,1024,1024,2,1.5,1,0,1,1998,1998,0,6,4.77,7,581600.0
-6.22108,106.74454,West Waterfront,11.3,3.75,Luxury Villa,3299,12038,5,4.0,2,3,1,1976,1999,1,5,4.39,10,2682500.0
-6.1939,106.88758,Downtown / CBD,4.94,1.04,Single Family,1764,5598,5,1.5,2,2,1,2014,2014,0,5,3.93,4,1022000.0
-6.10309,106.73072,Tech Corridor,17.33,0.19,Condominium,862,862,2,2.0,1,1,1,2013,2013,0,6,6.55,4,394000.0
-6.21514,106.71185,West Waterfront,14.86,1.82,Luxury Villa,4696,16247,6,6.0,3,3,1,1977,1977,0,4,5.66,7,2049000.0
-6.23159,106.67369,West Waterfront,19.25,0.32,Condominium,877,877,1,2.0,1,1,0,1986,1986,0,5,4.11,6,363000.0
-6.11789,106.81322,Tech Corridor,10.71,1.0,Townhouse,1573,1903,2,1.5,2,2,1,2013,2013,0,5,8.03,8,999300.0
-6.24832,106.72142,West Waterfront,14.47,1.78,Single Family,1030,2794,5,1.5,2,2,1,2006,2015,1,6,5.33,3,572100.0
-6.31192,106.77019,West Waterfront,14.18,1.19,Single Family,2134,5055,4,2.0,1,2,1,1976,1976,0,4,2.77,2,648300.0
-5.98683,106.8234,North Suburbs,24.76,11.39,Single Family,2274,7890,4,3.0,1,3,0,1975,1975,0,4,6.9,5,618600.0
-6.35785,106.93111,South Hills,19.07,6.24,Single Family,2147,7318,4,2.0,2,3,0,2010,2010,0,6,4.4,5,1012900.0
-6.32593,106.83728,South Hills,13.03,1.19,Single Family,2463,8471,3,1.5,2,2,1,2001,2001,0,5,6.84,5,1037400.0
-6.26019,106.80519,Downtown / CBD,7.26,0.84,Single Family,1850,4676,4,2.0,1,2,0,1977,1989,1,5,7.41,5,742600.0
-6.2758,106.65232,West Waterfront,22.71,5.48,Townhouse,1602,1929,4,2.0,2,1,0,2010,2010,0,4,4.84,6,690500.0
-6.22076,106.81413,Tech Corridor,3.74,1.59,Townhouse,1758,2696,3,2.5,3,2,0,1998,1998,0,5,4.31,6,916200.0
-6.00406,106.8772,North Suburbs,22.99,6.36,Townhouse,2053,2629,2,2.5,2,1,0,2004,2004,0,3,5.24,6,681300.0
-6.37417,106.85845,South Hills,18.41,2.19,Single Family,2459,5657,2,2.5,2,2,0,1990,1990,0,2,3.97,8,868500.0
-6.20633,106.83927,Downtown / CBD,0.75,0.98,Single Family,995,2768,3,1.5,2,2,0,1989,1989,0,5,2.75,6,514000.0
-6.16389,106.80602,Tech Corridor,6.64,0.1,Single Family,1263,3824,4,2.5,2,3,0,1988,1988,0,8,2.74,4,638500.0
-6.3402,106.88794,South Hills,15.32,6.12,Single Family,2738,7588,3,2.5,2,2,0,1982,2006,1,3,6.25,5,1040000.0
-6.08105,106.77852,Tech Corridor,16.02,1.11,Single Family,1396,2729,3,2.0,2,2,1,2012,2012,0,4,4.41,4,558100.0
-6.2242,106.75998,West Waterfront,9.66,3.67,Condominium,997,997,3,2.0,1,1,0,1977,1977,0,7,2.14,6,455900.0
-6.20079,106.78105,Downtown / CBD,7.22,2.25,Townhouse,1134,1524,3,2.5,3,1,1,2003,2003,0,5,5.17,5,587400.0
-6.11642,106.83507,Tech Corridor,10.32,1.49,Condominium,450,450,1,2.0,1,0,1,1998,1998,0,4,4.79,7,213700.0
-6.22732,106.6745,West Waterfront,19.1,0.68,Townhouse,1879,2852,4,2.5,2,1,0,2018,2018,0,3,6.94,10,1160200.0
-6.15794,106.79007,Tech Corridor,8.36,0.1,Luxury Villa,4386,22173,6,4.0,2,3,1,1991,1996,1,5,3.91,7,3057600.0
-6.22747,106.75434,West Waterfront,10.34,3.82,Single Family,2307,6301,3,2.0,2,2,1,2013,2013,0,4,4.59,6,1400200.0
-6.22678,106.83096,Downtown / CBD,2.57,0.21,Townhouse,1979,2613,4,1.5,2,1,0,1982,1982,0,8,4.75,9,1204200.0
-6.22954,106.94359,South Hills,11.12,2.13,Single Family,2250,7287,2,2.0,2,1,1,2018,2018,0,4,6.35,7,1314400.0
-6.2498,106.72376,West Waterfront,14.27,2.4,Townhouse,1179,1598,2,1.5,2,2,0,1979,1979,0,5,4.7,4,428200.0
-6.20827,106.73647,West Waterfront,12.11,2.44,Townhouse,1326,1981,4,2.5,3,2,1,1977,1983,1,7,3.07,5,617000.0
-6.0419,106.7761,North Suburbs,20.07,1.71,Townhouse,1033,1427,2,1.5,2,2,0,2015,2015,0,5,8.29,6,427700.0
-6.2524,106.87751,South Hills,6.0,0.55,Townhouse,1416,1789,3,2.5,2,1,0,2001,2001,0,4,3.7,8,873900.0
-6.19433,106.84507,Tech Corridor,1.61,1.96,Single Family,2112,6187,3,2.5,2,2,0,2007,2007,0,7,1.64,5,1169000.0
-6.37007,106.8862,South Hills,18.46,7.41,Single Family,2607,6945,3,2.0,1,1,1,1981,2004,1,2,6.83,6,945900.0
-6.3396,106.89913,South Hills,15.69,11.14,Condominium,669,669,2,1.0,1,1,1,2019,2019,0,1,5.17,7,321400.0
-6.29647,106.92143,South Hills,12.87,8.62,Single Family,1696,4216,5,2.5,1,2,0,1979,1979,0,6,6.55,4,563700.0
-6.22718,106.88473,Downtown / CBD,4.8,0.23,Single Family,1968,3624,5,3.0,1,1,1,2007,2014,1,5,4.78,7,1537400.0
-6.03376,106.88543,North Suburbs,19.93,4.85,Townhouse,1846,2616,3,2.5,2,1,1,2004,2021,1,4,5.6,6,737100.0
-6.09609,106.96337,North Suburbs,18.09,0.48,Condominium,1062,1062,2,1.5,1,1,0,1997,1997,0,7,5.06,9,544100.0
-6.19867,106.83881,Downtown / CBD,1.35,0.37,Single Family,2626,6508,3,3.0,2,2,0,1980,1980,0,7,3.07,5,1251600.0
-6.1175,106.78905,Tech Corridor,11.92,0.35,Single Family,2944,9627,4,3.0,1,2,0,1987,1987,0,2,5.39,6,950400.0
-6.18439,106.82242,Tech Corridor,3.74,3.62,Single Family,1855,5155,4,2.0,1,2,1,1990,1990,0,5,3.82,8,1141800.0
-6.13324,107.00366,North Suburbs,19.45,5.53,Single Family,1254,2329,3,2.5,1,3,0,2021,2021,0,6,5.41,8,843400.0
-6.31116,106.70061,West Waterfront,19.7,2.01,Single Family,1993,6139,3,1.5,2,2,1,1987,1987,0,3,7.4,4,758000.0
-6.19849,106.8899,Downtown / CBD,5.05,11.77,Townhouse,1222,1558,3,1.5,2,1,0,2005,2005,0,5,3.86,9,721800.0
-6.37793,106.8511,South Hills,18.78,0.36,Single Family,2116,6580,4,2.5,2,3,0,1976,1976,0,4,7.65,2,500100.0
-6.22448,106.85612,Downtown / CBD,2.1,2.24,Single Family,2612,7751,3,2.5,2,2,0,2007,2007,0,4,5.2,7,1489900.0
-6.21687,106.85143,Downtown / CBD,1.1,3.11,Townhouse,1665,2600,3,2.0,2,2,0,2006,2006,0,7,3.51,6,922000.0
-6.09009,106.95523,North Suburbs,17.94,1.44,Townhouse,1775,2406,3,1.5,2,2,0,2005,2016,1,4,8.02,6,799800.0
-6.29787,106.80228,West Waterfront,10.99,4.05,Townhouse,1251,1553,3,1.5,3,2,0,1986,1986,0,2,4.77,8,659500.0
-6.0828,106.97961,North Suburbs,20.42,4.39,Single Family,2198,4995,3,1.5,2,2,0,1977,1977,0,4,5.39,6,652800.0
-6.22715,106.85129,Downtown / CBD,2.13,0.1,Single Family,2328,5457,4,2.5,2,2,0,1995,1995,0,6,3.75,5,1059100.0
-6.09922,106.78612,Tech Corridor,13.84,4.9,Townhouse,1605,2438,3,2.0,2,2,0,2020,2020,0,2,4.29,5,603600.0
-6.26723,106.70274,West Waterfront,17.13,0.19,Condominium,1323,1323,3,1.0,1,1,1,2012,2012,0,4,5.51,6,661800.0
-6.29845,106.95855,South Hills,16.01,1.13,Single Family,2570,8382,4,3.0,1,2,0,2009,2009,0,4,5.53,5,1072700.0
-6.02926,106.98272,North Suburbs,25.08,2.86,Townhouse,915,1327,3,2.0,2,1,1,2016,2016,0,5,7.16,7,426000.0
-6.20022,106.87658,Downtown / CBD,3.57,3.59,Townhouse,1469,1732,3,2.5,3,2,0,1996,1996,0,7,5.29,5,823900.0
-6.23808,106.82598,Downtown / CBD,3.91,0.1,Luxury Villa,4254,12674,5,4.0,3,3,1,2023,2023,0,7,4.28,9,4275300.0
-6.05877,106.83056,Tech Corridor,16.74,3.84,Condominium,450,450,1,2.0,1,0,1,1997,2011,1,5,4.83,8,258800.0
-6.22986,106.86743,Downtown / CBD,3.37,1.32,Single Family,2098,4358,3,2.0,1,1,1,2010,2010,0,5,1.52,5,1193500.0
-6.23528,106.70847,West Waterfront,15.5,1.36,Condominium,557,557,2,1.0,1,1,0,1988,1988,0,6,3.26,7,233100.0
-6.05467,106.7968,North Suburbs,17.95,2.56,Townhouse,1797,2456,2,2.0,2,1,1,2015,2015,0,6,6.53,5,754400.0
-6.30871,106.87931,South Hills,11.7,0.86,Single Family,2876,6630,3,1.5,2,2,1,2008,2008,0,4,4.98,3,1137700.0
-6.37722,106.9734,South Hills,23.47,12.48,Single Family,1647,3423,5,1.5,2,2,1,1983,1983,0,2,3.86,5,489600.0
-6.10693,106.804,Tech Corridor,12.21,0.6,Single Family,1378,4022,3,2.0,1,1,0,1976,1976,0,6,3.81,6,494000.0
-6.30646,106.94182,South Hills,15.22,0.1,Single Family,2299,6606,5,2.5,1,1,0,2021,2021,0,6,6.24,5,1186600.0
-6.33387,106.88121,South Hills,14.43,0.96,Single Family,1871,6361,3,2.5,2,1,1,2001,2001,0,3,5.2,4,738700.0
-6.23215,106.90075,Downtown / CBD,6.65,0.76,Single Family,1756,5802,4,2.5,2,2,0,1987,1987,0,7,2.65,6,976000.0
-6.26317,106.71877,West Waterfront,15.32,2.02,Single Family,1813,5881,3,2.0,2,1,1,2023,2023,0,5,3.16,6,1153000.0
-6.27999,106.95034,South Hills,14.06,2.49,Luxury Villa,3458,17655,5,3.5,3,4,1,1985,1985,0,1,5.09,10,2040800.0
-6.30278,106.91979,South Hills,13.29,0.92,Single Family,1642,4693,4,2.5,1,2,0,2011,2011,0,3,5.95,6,780100.0
-6.1301,106.78141,Tech Corridor,11.27,1.09,Single Family,2598,7838,4,2.0,2,2,0,2021,2021,0,6,5.23,5,1344800.0
-6.07935,106.76364,Tech Corridor,17.01,6.57,Townhouse,2149,2681,3,2.0,3,2,1,2004,2012,1,5,5.46,8,976200.0
-6.31751,106.76223,West Waterfront,15.21,7.82,Townhouse,1830,2800,2,2.5,2,2,1,1996,1996,0,1,2.62,5,633800.0
-6.33492,106.68768,West Waterfront,22.43,8.06,Single Family,2172,7587,4,2.0,1,1,0,1994,2017,1,3,4.71,4,1024300.0
-6.14472,106.95264,North Suburbs,13.85,1.22,Single Family,2878,7408,4,3.0,2,2,0,2002,2020,1,4,6.38,6,1539400.0
-6.13791,106.76106,Tech Corridor,12.25,2.91,Single Family,1254,3886,3,3.0,2,3,0,2014,2014,0,4,4.76,5,728000.0
-6.08058,106.85074,North Suburbs,14.24,2.22,Townhouse,1256,1610,4,2.0,2,1,0,1975,1984,1,6,6.17,5,444800.0
-6.27212,106.72154,West Waterfront,15.46,0.1,Townhouse,1182,1883,4,2.0,2,1,0,2016,2016,0,5,4.97,6,680700.0
-6.17077,106.70474,West Waterfront,16.2,6.49,Condominium,950,950,3,1.5,1,1,1,2007,2007,0,2,6.69,7,472800.0
-6.30672,106.75516,West Waterfront,14.8,0.11,Condominium,873,873,2,1.0,1,0,1,2021,2021,0,4,5.35,7,537100.0
-6.25224,106.76898,Downtown / CBD,9.78,3.53,Townhouse,1569,1955,4,1.5,3,2,0,1989,1994,1,5,6.31,7,658700.0
-6.08685,106.83071,Tech Corridor,13.64,4.39,Luxury Villa,5408,27380,6,3.5,2,4,1,2008,2008,0,4,5.99,8,3572000.0
-6.22637,106.6979,West Waterfront,16.51,1.96,Single Family,1721,4134,3,2.0,2,1,0,1996,1996,0,5,5.03,7,962300.0
-6.17452,106.76473,Tech Corridor,9.75,1.63,Single Family,1153,2790,4,2.0,2,2,1,2022,2022,0,3,6.14,8,845900.0
-6.23807,106.75359,West Waterfront,10.72,1.94,Single Family,2395,5872,4,2.0,1,1,0,2021,2021,0,3,5.29,5,1276300.0
-6.25316,106.82356,Downtown / CBD,5.5,2.65,Single Family,2401,5910,4,2.5,1,2,0,1984,1984,0,8,4.25,6,1163100.0
-6.20387,106.84116,Tech Corridor,0.74,0.73,Single Family,1902,5046,4,2.0,1,2,1,2023,2023,0,5,2.89,6,1410500.0
-6.18414,106.83079,Downtown / CBD,3.19,3.45,Single Family,1748,6093,3,3.0,2,2,1,2001,2021,1,4,5.01,5,979400.0
-6.16271,106.80426,Tech Corridor,6.87,1.47,Single Family,1843,6088,3,2.5,1,2,0,2007,2016,1,6,3.4,5,1044000.0
-6.1917,106.94415,North Suburbs,11.1,0.5,Condominium,992,992,2,1.0,1,0,0,2020,2020,0,5,5.24,7,541300.0
-6.26823,106.63292,West Waterfront,24.51,5.91,Townhouse,1339,1740,3,2.0,2,2,1,1976,1976,0,1,7.98,5,390400.0
-6.21511,106.94243,South Hills,10.77,4.23,Single Family,1826,3633,5,2.0,1,2,1,2006,2006,0,5,6.74,5,934100.0
-6.22596,106.75579,West Waterfront,10.15,1.04,Condominium,613,613,2,1.0,1,1,0,2003,2003,0,5,4.82,7,371500.0
-6.08991,106.7601,Tech Corridor,16.25,0.7,Condominium,731,731,3,1.0,1,1,0,2010,2010,0,2,5.62,3,224100.0
-6.20674,106.85826,Downtown / CBD,1.42,0.75,Single Family,2646,5692,3,2.5,1,1,0,1990,1990,0,7,4.31,8,1527500.0
-6.21674,106.81594,Downtown / CBD,3.41,5.35,Single Family,2735,6144,3,2.0,2,3,0,2019,2019,0,6,4.04,5,1629000.0
-6.32459,106.92843,South Hills,15.8,2.88,Condominium,777,777,2,2.0,1,1,0,1989,2007,1,3,6.82,5,307700.0
-6.19847,106.69197,West Waterfront,17.09,6.51,Luxury Villa,3595,13116,7,4.0,2,3,1,1989,1989,0,2,6.08,6,1536900.0
-6.2377,106.73059,West Waterfront,13.16,3.46,Townhouse,1350,1492,3,2.5,2,1,0,1999,2009,1,4,4.47,7,681700.0
-6.35207,106.94639,South Hills,19.44,1.17,Luxury Villa,4822,27048,6,3.5,2,4,1,1995,2003,1,5,6.28,9,3395200.0
-6.18757,106.89005,Tech Corridor,5.47,3.66,Condominium,965,965,2,1.5,1,1,1,1985,1995,1,7,4.15,5,428700.0
-6.29009,106.89675,South Hills,10.66,3.03,Townhouse,1605,1854,2,1.5,2,1,0,2016,2016,0,6,3.97,6,725300.0
-6.07943,106.93142,North Suburbs,17.23,1.59,Condominium,923,923,1,2.0,1,0,1,2015,2015,0,8,4.51,3,392200.0
-6.35788,106.8269,South Hills,16.68,2.61,Condominium,1242,1242,2,2.0,1,1,1,1985,1985,0,4,4.01,5,365700.0
-6.1964,106.83112,Downtown / CBD,2.12,1.57,Single Family,1807,5696,3,2.0,2,2,0,1985,1999,1,6,2.65,6,1098100.0
-6.37422,106.94143,South Hills,21.22,1.36,Luxury Villa,3475,14104,6,4.0,3,3,1,1991,1991,0,2,6.63,9,1663400.0
-6.20547,106.85869,Downtown / CBD,1.5,2.07,Condominium,1148,1148,1,1.5,1,1,1,2015,2015,0,4,3.46,6,668000.0
-6.20286,106.8154,Downtown / CBD,3.42,0.1,Single Family,2449,7746,4,2.5,2,2,0,2008,2016,1,7,2.43,9,2240100.0
-6.25344,106.69373,West Waterfront,17.57,1.3,Townhouse,1029,1380,3,2.5,2,2,0,2016,2016,0,3,4.56,5,484500.0
-6.14068,106.87423,North Suburbs,8.2,1.06,Single Family,3666,11375,4,3.0,2,2,0,1976,2020,1,7,5.42,5,2099300.0
-5.98917,106.89636,North Suburbs,25.02,0.6,Townhouse,1206,1466,3,1.5,2,1,0,2010,2010,0,6,7.23,5,412800.0
-6.19857,106.84372,Downtown / CBD,1.15,0.48,Luxury Villa,2738,8100,6,4.0,2,3,1,1998,1998,0,7,1.05,7,2252300.0
-6.10181,106.79268,Tech Corridor,13.25,0.15,Condominium,918,918,1,1.0,1,1,1,2020,2020,0,5,4.07,8,545300.0
-6.2502,106.89382,Downtown / CBD,7.05,2.19,Single Family,1851,5034,2,1.5,2,2,0,2011,2011,0,6,3.56,7,1115200.0
-6.23572,106.88216,Downtown / CBD,5.04,1.48,Single Family,2211,4982,5,2.0,2,2,0,2004,2004,0,4,5.42,7,1191600.0
-5.99077,106.76488,North Suburbs,25.81,9.61,Townhouse,1404,1710,3,2.0,2,2,0,1991,1991,0,4,7.4,10,604700.0
-6.1376,106.81189,Tech Corridor,8.74,0.83,Single Family,1735,4945,4,1.5,2,2,1,1998,2017,1,4,4.18,6,1064300.0
-6.20145,106.85871,Downtown / CBD,1.67,0.24,Townhouse,1440,2207,2,2.5,2,2,0,2014,2014,0,7,2.35,6,843000.0
-6.17918,106.95785,North Suburbs,12.89,4.54,Condominium,802,802,1,1.5,1,1,1,1997,2006,1,5,2.68,5,313400.0
-6.34101,106.71611,West Waterfront,20.54,7.66,Townhouse,1251,1760,3,2.0,3,1,0,2007,2018,1,4,5.21,8,754400.0
-6.10172,106.78807,Tech Corridor,13.49,4.12,Single Family,2997,8604,3,2.5,2,2,0,1985,1992,1,4,4.51,6,1249100.0
-6.17521,106.83248,Downtown / CBD,4.0,2.15,Condominium,704,704,2,2.0,1,0,1,1987,2006,1,4,3.73,6,403800.0
-6.19837,106.86984,Downtown / CBD,2.93,0.14,Single Family,1307,3394,3,1.5,2,3,0,2016,2016,0,5,4.71,6,870600.0
-5.98163,106.86758,North Suburbs,25.33,0.55,Luxury Villa,1927,10023,5,4.0,2,4,1,1976,2007,1,5,4.47,7,1272600.0
-6.22237,106.87932,Downtown / CBD,4.03,4.01,Single Family,2619,7131,4,2.5,2,2,0,1977,2010,1,8,3.95,7,1707800.0
-6.14817,106.81682,North Suburbs,7.45,7.03,Single Family,1490,4898,3,1.5,1,2,0,1978,1978,0,6,3.69,7,720400.0
-6.37659,106.89971,South Hills,19.57,2.45,Condominium,665,665,3,1.0,1,1,1,1978,2000,1,1,5.56,4,202200.0
-6.17536,106.77607,Tech Corridor,8.56,6.7,Luxury Villa,2352,12518,4,3.5,2,2,1,2007,2007,0,7,6.63,7,1731500.0
-6.16883,106.72478,Tech Corridor,14.13,0.13,Condominium,970,970,1,1.5,1,1,1,1982,2023,1,6,5.9,5,477900.0
-6.08562,106.69232,Tech Corridor,21.83,1.13,Single Family,3041,5714,4,2.0,2,3,0,2012,2012,0,6,6.42,6,1399800.0
-6.35298,106.94197,South Hills,19.25,1.11,Luxury Villa,3308,18440,4,4.0,2,2,1,2001,2008,1,6,5.67,9,2132000.0
-6.1092,106.77593,Tech Corridor,13.49,2.97,Townhouse,1760,2425,3,2.0,2,1,0,2013,2013,0,7,5.61,8,978300.0
-6.23554,106.72376,West Waterfront,13.85,0.53,Condominium,547,547,2,1.5,1,1,0,1988,1988,0,4,4.26,4,203200.0
-6.2944,106.71657,West Waterfront,17.19,0.14,Single Family,2191,5454,5,2.0,1,2,1,2019,2019,0,5,4.83,5,1337800.0
-6.10982,106.81011,Tech Corridor,11.67,5.23,Single Family,1222,3733,4,2.5,2,2,1,1997,1997,0,5,5.07,4,508200.0
-6.04057,106.87962,Tech Corridor,19.05,6.97,Condominium,719,719,2,1.0,1,0,0,1995,1995,0,2,4.62,6,208400.0
-6.36234,106.92152,South Hills,19.01,8.69,Townhouse,1579,2290,3,2.0,2,1,0,2019,2019,0,4,5.13,7,634200.0
-6.30986,106.79471,West Waterfront,12.56,8.96,Single Family,2364,7195,4,2.0,2,2,0,2015,2015,0,4,5.23,7,1390200.0
-6.22601,106.88511,Downtown / CBD,4.78,1.88,Single Family,2173,6465,4,2.0,2,2,0,1980,1980,0,5,3.95,7,1167900.0
-6.17942,106.74548,West Waterfront,11.58,0.94,Single Family,1723,3824,4,2.5,1,2,0,2003,2003,0,5,4.82,6,1001000.0
-6.19476,106.77207,West Waterfront,8.31,6.82,Single Family,2296,7098,5,2.0,1,2,0,2022,2022,0,5,5.1,4,1299500.0
-6.29807,106.94972,South Hills,15.22,1.31,Townhouse,1826,2593,3,2.0,2,2,0,1986,1986,0,4,2.49,5,564000.0
-6.22139,106.69994,West Waterfront,16.23,1.7,Townhouse,1523,2033,3,2.5,2,1,1,2017,2017,0,5,7.64,5,858000.0
-6.07333,106.95849,North Suburbs,19.57,0.97,Townhouse,1799,2439,3,1.5,2,2,1,2007,2016,1,4,6.52,6,718600.0
-6.30984,106.90663,South Hills,13.1,5.29,Townhouse,2254,2674,3,2.0,3,1,0,2019,2019,0,4,5.06,7,938100.0
-6.21382,106.71966,West Waterfront,13.99,1.47,Condominium,988,988,1,2.0,1,1,1,1988,1988,0,6,6.85,6,495100.0
-6.2517,106.81848,Downtown / CBD,5.63,0.16,Condominium,450,450,1,1.5,1,1,1,2006,2006,0,8,2.26,4,234400.0
-6.23785,106.67845,West Waterfront,18.83,1.97,Single Family,2563,5171,5,2.5,2,2,0,2020,2020,0,5,4.62,5,1312900.0
-6.30887,106.69825,West Waterfront,19.77,9.58,Townhouse,1400,1963,4,2.5,2,2,1,1998,1998,0,3,3.73,6,662200.0
-5.99425,106.92431,North Suburbs,25.37,0.1,Townhouse,2484,2826,2,1.5,3,1,0,2018,2018,0,4,7.37,7,945700.0
-6.08661,106.97917,North Suburbs,20.09,3.27,Single Family,2630,5730,4,2.0,1,2,0,1986,1986,0,3,6.42,7,752600.0
-6.2219,106.65897,West Waterfront,20.77,2.23,Condominium,1085,1085,3,1.0,1,1,1,1988,2016,1,3,6.25,5,458200.0
-6.06423,106.889,North Suburbs,16.75,1.59,Luxury Villa,2109,6714,5,4.0,2,2,1,2015,2015,0,7,7.62,7,1387900.0
-6.04032,106.87669,North Suburbs,19.02,6.97,Single Family,1584,4509,5,2.5,1,2,0,1982,1993,1,5,6.11,7,699400.0
-6.14651,106.71345,Tech Corridor,16.22,6.45,Condominium,855,855,1,1.5,1,0,0,1995,1995,0,4,5.32,8,334900.0
-6.19632,106.71623,West Waterfront,14.43,3.88,Single Family,2521,5738,3,1.5,2,3,0,2008,2019,1,5,3.25,3,1109000.0
-6.05764,106.8369,North Suburbs,16.81,3.21,Single Family,1416,3705,3,2.0,2,1,0,1990,2000,1,5,2.19,6,606300.0
-6.41062,106.86457,South Hills,22.5,3.88,Single Family,2281,7456,3,2.0,1,3,1,1994,1994,0,4,5.3,7,1039300.0
-6.13399,106.83935,Tech Corridor,8.33,0.15,Single Family,2397,6953,5,2.0,2,1,0,1995,1995,0,4,6.79,5,951900.0
-6.2388,106.68263,West Waterfront,18.39,0.63,Single Family,2373,4466,5,3.0,2,2,1,2009,2009,0,6,7.05,7,1561700.0
-6.19079,106.93006,South Hills,9.59,0.79,Townhouse,1796,2295,2,2.0,2,2,0,1983,1983,0,6,4.35,6,766100.0
-6.13226,106.83399,Tech Corridor,8.59,1.02,Townhouse,1204,1495,4,1.5,2,1,1,1994,1994,0,6,5.28,7,618900.0
-6.13067,106.91057,North Suburbs,11.28,0.1,Condominium,1258,1258,2,1.5,1,0,0,2023,2023,0,2,2.91,6,535200.0
-6.10819,107.01842,North Suburbs,22.2,7.3,Condominium,964,964,1,1.5,1,1,1,1991,1991,0,5,6.17,5,279100.0
-6.23636,106.74464,West Waterfront,11.62,0.1,Luxury Villa,3815,11944,4,4.0,3,2,1,1981,2021,1,6,6.31,8,3255500.0
-6.17869,106.88042,Downtown / CBD,5.11,2.08,Single Family,3676,10070,3,2.5,1,2,1,2004,2004,0,2,3.81,6,1901700.0
-6.36523,106.88844,South Hills,18.0,0.25,Townhouse,1468,2106,4,2.0,2,1,1,1989,1989,0,3,5.82,6,526900.0
-6.32259,106.97285,South Hills,18.95,2.24,Single Family,2312,4780,2,2.0,2,1,0,1981,1981,0,4,6.38,8,779900.0
-6.12594,106.88912,North Suburbs,10.39,1.29,Townhouse,1372,1914,2,2.0,3,1,0,2002,2002,0,8,5.06,5,683000.0
-6.1934,106.96188,North Suburbs,13.02,2.71,Single Family,2354,7237,4,2.0,1,2,0,2009,2009,0,6,3.72,4,990400.0
-6.22432,106.84166,Downtown / CBD,1.78,1.7,Single Family,2437,5355,2,1.5,2,2,0,1998,1998,0,4,5.79,5,1151000.0
-6.22004,106.74422,Tech Corridor,11.32,0.1,Townhouse,1406,1738,3,2.0,3,2,0,1980,1980,0,5,6.0,6,537300.0
-6.37348,106.89426,South Hills,19.06,3.73,Condominium,883,883,2,1.5,1,1,1,1996,1996,0,6,6.42,7,382300.0
-6.06689,106.91553,North Suburbs,17.56,4.06,Townhouse,1850,2460,3,2.5,2,2,0,1982,1987,1,6,4.11,8,750000.0
-6.29825,106.96244,South Hills,16.33,1.02,Single Family,1721,5765,3,2.5,2,1,1,2011,2011,0,2,6.51,6,790700.0
-6.28727,106.68766,West Waterfront,19.58,0.65,Single Family,2658,5673,5,2.5,2,2,0,2007,2007,0,4,5.88,6,1404800.0
-6.28435,106.74896,West Waterfront,13.62,1.46,Townhouse,1771,2536,3,2.0,2,2,0,1993,1993,0,7,4.55,5,884400.0
-5.98785,106.87695,North Suburbs,24.77,3.37,Single Family,2181,5534,4,1.5,1,3,0,1986,2021,1,3,7.88,7,977500.0
-6.15235,106.87452,Tech Corridor,7.04,0.21,Single Family,2618,5881,3,2.0,1,2,0,2001,2001,0,5,4.5,9,1471300.0
-6.16818,106.81645,Downtown / CBD,5.55,0.63,Townhouse,1335,1965,3,1.5,3,2,0,2022,2022,0,7,3.95,6,921500.0
-6.37648,107.0815,South Hills,32.13,1.36,Single Family,1860,5516,4,2.0,2,2,1,1987,1987,0,2,5.78,6,579500.0
-6.22065,106.7192,West Waterfront,14.09,1.8,Single Family,2641,8376,3,2.5,2,2,0,2003,2019,1,2,5.31,9,1625500.0
-6.34165,106.84829,South Hills,14.75,0.28,Single Family,1887,6238,3,2.5,2,2,0,1999,1999,0,6,6.25,6,862000.0
-6.12794,106.72544,Tech Corridor,16.08,4.69,Single Family,2071,6445,4,2.0,1,3,1,2006,2006,0,2,5.13,5,797300.0
-6.07426,106.81468,Tech Corridor,15.32,0.1,Condominium,450,450,1,2.0,1,1,1,2013,2013,0,3,5.27,5,191300.0
-6.18599,106.85781,Downtown / CBD,2.87,0.77,Single Family,2372,5586,3,2.5,2,2,1,2013,2013,0,5,2.81,8,1744600.0
-6.16785,106.79485,Tech Corridor,7.24,2.17,Single Family,2457,7545,3,2.0,1,1,0,1996,1996,0,5,5.1,6,1114700.0
-6.16981,106.86928,North Suburbs,5.06,1.3,Condominium,1045,1045,3,1.0,1,1,1,2014,2014,0,5,3.93,7,620700.0
-6.16446,106.83595,Downtown / CBD,5.04,0.89,Luxury Villa,3039,9082,5,5.0,2,2,1,1980,1980,0,6,3.93,7,1716100.0
-6.1803,106.77735,West Waterfront,8.21,15.0,Single Family,2729,6726,3,3.0,2,2,0,2020,2020,0,6,5.61,6,1754200.0
-6.27453,106.95575,South Hills,14.24,6.72,Single Family,2539,5895,3,2.0,2,2,1,2008,2008,0,6,4.22,6,1330600.0
-6.0466,106.9841,North Suburbs,23.67,2.24,Single Family,2195,4112,2,2.0,2,2,1,2001,2001,0,1,4.82,3,608700.0
-6.15138,106.79441,North Suburbs,8.54,4.46,Luxury Villa,4313,13820,5,6.0,2,3,0,2007,2007,0,6,5.34,9,3358500.0
-6.38534,106.90482,South Hills,20.67,0.63,Single Family,2722,7840,5,3.0,2,2,0,1995,1995,0,4,5.67,6,975300.0
-6.17965,106.82042,Downtown / CBD,4.28,0.98,Luxury Villa,3837,12625,5,4.0,2,3,1,2021,2021,0,6,2.79,10,3685800.0
-6.19443,106.7316,West Waterfront,12.75,13.23,Single Family,1560,2918,3,1.5,1,2,0,1993,1993,0,6,4.58,5,631500.0
-6.07657,106.85817,Tech Corridor,14.74,3.09,Single Family,1450,2979,3,2.0,2,2,0,2021,2021,0,3,4.48,6,628700.0
-6.24,106.73086,West Waterfront,13.2,0.37,Townhouse,1372,1678,3,2.0,2,1,0,1989,2008,1,3,4.98,7,751200.0
-6.15029,106.8292,North Suburbs,6.74,0.1,Single Family,3160,7982,4,3.0,2,1,0,1995,1995,0,2,3.55,6,1378600.0
-6.14991,106.85025,North Suburbs,6.56,2.47,Single Family,1350,3192,3,3.0,2,1,0,2002,2002,0,6,4.43,6,790500.0
-6.18998,106.77135,Tech Corridor,8.5,2.0,Townhouse,984,1493,3,2.0,2,2,0,1994,2006,1,4,5.1,7,586300.0
-6.04508,106.9653,North Suburbs,22.51,5.78,Single Family,3247,9466,4,2.0,2,1,0,1982,1982,0,4,4.29,3,690300.0
-6.21522,106.83936,Downtown / CBD,0.99,2.38,Townhouse,1836,2290,3,2.5,2,1,0,1981,2013,1,6,1.72,5,989100.0
-6.18101,106.86895,Downtown / CBD,4.03,0.51,Condominium,816,816,1,1.0,1,1,0,1985,1985,0,5,3.94,5,286500.0
-6.16959,106.88687,Downtown / CBD,6.32,2.86,Townhouse,1312,1977,4,2.5,2,1,0,1978,1978,0,6,4.25,5,535100.0
-6.18408,106.78967,Tech Corridor,6.79,1.05,Single Family,3236,9105,4,2.5,1,1,0,2013,2013,0,8,3.45,6,1665300.0
-6.04275,106.91131,North Suburbs,19.82,1.19,Single Family,1557,4337,3,1.5,2,1,0,1981,1981,0,3,6.96,8,604800.0
-6.38924,106.84528,South Hills,20.03,1.9,Townhouse,1829,2885,3,2.0,2,2,1,1990,1990,0,1,5.33,6,621200.0
-6.05927,106.85279,Tech Corridor,16.62,2.02,Single Family,1662,4894,3,2.0,2,2,1,2023,2023,0,1,3.4,5,719700.0
-6.34984,106.97569,South Hills,21.3,6.95,Single Family,2143,7229,5,1.5,2,2,0,1989,1989,0,1,3.85,8,773800.0
-6.10053,106.84267,Tech Corridor,12.02,3.63,Single Family,2161,5295,4,2.0,1,2,1,2009,2009,0,2,3.38,7,1038600.0
-6.14044,106.70073,North Suburbs,17.78,1.02,Townhouse,2123,2524,3,1.5,3,2,0,1975,1989,1,4,2.86,5,612400.0
-6.2062,106.8426,Downtown / CBD,0.44,2.17,Single Family,2352,4367,2,1.5,1,2,0,2006,2006,0,7,5.24,6,1430200.0
-6.26956,106.75933,West Waterfront,11.71,1.87,Single Family,1522,3400,3,1.5,1,2,1,2012,2012,0,4,4.22,7,984400.0
-6.37139,106.88235,South Hills,18.5,2.14,Luxury Villa,4975,15967,7,5.0,2,4,1,1979,1979,0,1,7.94,10,2225200.0
-6.21017,106.87938,Downtown / CBD,3.75,0.18,Single Family,2436,6562,3,2.0,1,2,0,2004,2013,1,9,5.17,6,1659400.0
-6.38193,106.91232,South Hills,20.6,4.66,Townhouse,1527,2307,3,2.0,3,1,1,1980,1980,0,2,4.79,7,443200.0
-6.21078,106.8553,Downtown / CBD,1.1,4.77,Single Family,2199,6842,2,3.0,1,2,0,1994,1994,0,6,4.65,6,1296300.0
-6.1401,106.82484,Tech Corridor,7.97,1.55,Luxury Villa,3845,10967,5,3.5,2,3,1,1976,1976,0,6,1.37,8,2222600.0
-6.28777,106.96532,South Hills,15.92,0.41,Townhouse,1357,1942,2,2.5,2,2,1,2002,2017,1,5,4.18,6,777400.0
-6.24092,106.67362,West Waterfront,19.42,1.38,Condominium,1404,1404,2,1.0,1,2,1,2012,2012,0,3,6.77,5,623100.0
-5.95997,106.80059,North Suburbs,28.07,0.75,Single Family,2201,5723,4,2.5,2,1,0,2010,2010,0,4,7.38,7,958300.0
-6.12935,106.82533,Tech Corridor,9.1,0.2,Single Family,3289,6202,3,3.0,1,2,0,1996,1996,0,7,4.84,5,1529600.0
-6.24765,106.81357,Downtown / CBD,5.59,1.97,Single Family,2221,6175,4,1.5,2,2,0,2012,2012,0,4,3.62,6,1103400.0
-6.20243,106.67487,West Waterfront,18.96,2.8,Single Family,2192,6857,5,1.5,2,1,1,1989,1989,0,3,4.56,6,1040200.0
-6.15477,106.84106,Downtown / CBD,6.02,1.43,Townhouse,2207,3478,3,2.0,2,1,0,2006,2006,0,7,5.03,8,1344600.0
-6.15866,106.60964,West Waterfront,26.78,0.74,Condominium,1043,1043,3,2.0,1,1,0,1986,2017,1,2,5.77,7,519700.0
-6.31446,106.89935,South Hills,13.16,2.69,Single Family,2123,6919,2,3.0,1,2,0,1979,1988,1,4,6.42,7,874000.0
-6.14744,106.76795,Tech Corridor,10.98,1.78,Single Family,1458,4292,3,1.5,1,2,0,1988,2019,1,7,3.97,5,823800.0
-6.34392,106.70996,West Waterfront,21.25,2.6,Townhouse,1562,2154,2,2.5,2,2,1,1988,1988,0,5,6.8,8,861200.0
-6.33036,106.86584,South Hills,13.68,0.19,Luxury Villa,5176,29723,7,3.5,2,3,1,1982,2007,1,7,7.0,6,3112500.0
-6.23023,106.87589,Downtown / CBD,4.12,0.1,Single Family,3588,7105,3,2.0,2,3,1,2000,2000,0,4,5.01,5,1749500.0
-6.28856,106.9546,South Hills,14.99,1.31,Single Family,1835,5809,3,2.0,1,1,1,1976,1976,0,3,7.19,7,666400.0
-6.25435,106.72383,West Waterfront,14.43,1.99,Single Family,2863,7010,2,2.0,2,3,0,2002,2002,0,5,4.97,5,1327000.0
-6.08445,106.79098,Tech Corridor,15.08,4.8,Single Family,1104,3789,3,2.5,2,2,0,2013,2013,0,2,4.58,3,426500.0
-6.35544,106.88809,South Hills,16.95,4.35,Townhouse,1839,2555,3,2.0,3,1,0,2002,2002,0,3,6.45,2,449900.0
-6.24141,106.72277,West Waterfront,14.11,2.3,Condominium,1066,1066,2,2.0,1,1,0,1986,1986,0,4,7.19,5,393500.0
-6.20037,106.8125,Downtown / CBD,3.79,0.1,Single Family,2477,5935,3,2.0,1,2,1,1977,2022,1,7,2.93,5,1769400.0
-6.22546,106.80871,Downtown / CBD,4.49,2.83,Condominium,1201,1201,2,1.5,1,0,0,1993,1993,0,7,8.02,7,522000.0
-6.35026,106.90156,South Hills,16.89,2.3,Single Family,1657,4388,4,2.0,2,1,1,1995,1995,0,4,4.61,5,655300.0
-6.26757,106.74027,West Waterfront,13.39,1.0,Single Family,1579,2920,2,3.0,1,2,0,1996,2009,1,5,3.23,4,785400.0
-6.06792,106.95356,North Suburbs,19.7,4.76,Single Family,1831,5846,3,1.5,2,1,0,2004,2004,0,4,6.77,8,880500.0
-6.32434,106.7463,West Waterfront,16.91,5.44,Townhouse,1687,2538,4,2.0,3,1,0,2019,2019,0,4,6.66,4,729300.0
-6.05753,106.9226,North Suburbs,18.84,2.42,Single Family,1817,4499,2,2.5,1,1,1,1984,1984,0,6,5.81,5,674600.0
-6.18929,106.85367,Downtown / CBD,2.34,0.1,Single Family,2603,5327,3,2.0,1,1,0,1993,1993,0,6,3.01,8,1555800.0
-6.03174,106.83622,North Suburbs,19.68,3.17,Condominium,920,920,3,2.0,1,0,1,1976,1976,0,6,6.43,6,299900.0
-6.27407,106.75846,West Waterfront,12.08,3.17,Single Family,2664,6199,3,2.5,1,1,1,1982,1982,0,6,5.75,7,1386300.0
-6.13627,106.75378,Tech Corridor,12.99,0.1,Townhouse,1645,2114,2,2.0,2,2,0,1990,1990,0,5,3.7,5,655900.0
-6.22468,106.78971,West Waterfront,6.45,1.4,Townhouse,1235,1539,3,2.0,3,1,0,1984,1984,0,5,4.53,5,530400.0
-6.07825,106.91966,North Suburbs,16.66,5.91,Condominium,1181,1181,2,1.5,1,0,1,2017,2017,0,4,4.57,5,512200.0
-6.25565,106.77022,West Waterfront,9.85,13.52,Single Family,2612,6380,3,2.0,2,2,1,1975,1975,0,4,3.98,6,1032200.0
-6.26834,106.68793,West Waterfront,18.71,0.27,Townhouse,1654,2012,3,2.0,2,1,1,2001,2016,1,4,8.08,6,831500.0
-6.24355,106.86099,Downtown / CBD,4.22,2.36,Single Family,2087,4704,4,2.0,1,2,0,2006,2011,1,8,4.46,7,1384100.0
-6.07709,106.98583,North Suburbs,21.36,2.06,Condominium,974,974,2,1.5,1,0,0,1998,2017,1,4,5.74,5,336300.0
-6.37612,106.86768,South Hills,18.73,2.56,Single Family,1463,4800,4,2.0,1,2,0,2002,2017,1,4,4.66,6,745000.0
-6.25512,106.70735,West Waterfront,16.18,0.2,Single Family,3100,8314,5,2.0,2,3,1,1990,2020,1,6,6.83,5,2036700.0
-6.21418,106.68548,West Waterfront,17.78,12.93,Condominium,642,642,2,1.5,1,1,0,1996,2006,1,4,5.71,8,328900.0
-6.19604,106.80421,Downtown / CBD,4.81,0.43,Single Family,2745,9156,5,2.5,2,2,0,1979,1979,0,4,3.82,8,1301800.0
-6.24856,106.87691,South Hills,5.62,0.81,Single Family,1838,4486,3,2.0,2,1,0,2010,2010,0,5,3.92,5,946900.0
-6.12578,106.9857,North Suburbs,18.08,2.0,Single Family,2262,5144,5,3.0,2,3,1,1996,2010,1,5,6.29,6,1246100.0
-6.13606,106.88632,North Suburbs,9.25,1.64,Single Family,1739,4814,4,2.0,1,2,1,1992,1992,0,5,5.39,6,863900.0
-6.3183,106.9433,South Hills,16.29,3.35,Single Family,1560,4862,3,2.0,2,3,0,1977,2012,1,5,4.37,6,837600.0
-5.99953,106.99322,North Suburbs,28.43,6.77,Single Family,1513,5072,3,2.5,2,1,1,2016,2016,0,2,6.58,6,654900.0
-6.06423,106.92795,North Suburbs,18.47,0.6,Single Family,2781,6026,5,2.0,1,2,0,1977,1977,0,5,5.81,7,932900.0
-6.18211,106.82697,Tech Corridor,3.61,0.2,Single Family,2819,8972,5,2.0,1,2,1,2004,2013,1,4,6.06,4,1462600.0
-6.05,106.82642,Tech Corridor,17.75,0.25,Townhouse,2041,2430,4,2.0,3,1,0,2018,2018,0,3,4.51,7,886600.0
-6.21638,106.85068,Downtown / CBD,1.01,1.63,Single Family,2298,4470,3,2.5,2,2,0,1985,1985,0,8,4.6,7,1244500.0
-6.28731,106.6592,West Waterfront,22.45,7.09,Townhouse,1370,1520,4,2.0,2,2,0,2009,2009,0,3,4.93,7,603700.0
-6.21077,106.90435,Downtown / CBD,6.52,3.3,Condominium,1047,1047,2,1.5,1,0,0,2009,2009,0,6,4.08,6,543400.0
-6.22516,106.69217,West Waterfront,17.13,0.41,Single Family,2282,6589,4,2.5,2,1,0,2009,2009,0,8,5.15,5,1227200.0
-6.36934,106.97997,South Hills,23.24,0.1,Condominium,539,539,3,1.5,1,1,1,2001,2001,0,4,6.57,6,220100.0
-6.22305,106.84662,Downtown / CBD,1.59,0.89,Townhouse,1745,2309,3,2.5,3,1,1,1999,1999,0,5,3.47,4,936300.0
-6.08085,106.69169,North Suburbs,22.22,0.1,Single Family,2041,4552,3,1.5,2,1,0,2016,2016,0,3,5.93,4,709000.0
-6.12109,106.76148,Tech Corridor,13.49,3.33,Townhouse,1433,2165,3,2.5,2,2,1,1982,1982,0,8,6.01,5,618100.0
-6.22858,106.68773,West Waterfront,17.66,3.32,Condominium,1170,1170,1,1.5,1,1,1,2000,2000,0,5,4.12,7,601400.0
-6.32924,106.80465,South Hills,14.12,1.29,Townhouse,1867,2542,3,2.0,2,2,0,2015,2015,0,3,6.28,6,821400.0
-6.2298,106.85278,Downtown / CBD,2.46,3.71,Luxury Villa,3450,13368,6,4.0,2,2,1,2013,2013,0,7,4.14,10,3385200.0
-6.35086,106.84199,South Hills,15.77,0.22,Condominium,738,738,2,1.0,1,0,0,2018,2018,0,3,4.65,4,265100.0
-6.222,106.82353,Downtown / CBD,2.85,0.1,Single Family,1935,6283,4,2.0,1,2,0,1983,2009,1,4,3.33,6,1086000.0
-6.17605,106.862,Downtown / CBD,4.07,1.07,Single Family,2138,5449,3,2.5,2,2,0,2005,2005,0,6,3.52,8,1295400.0
-6.28513,106.72395,West Waterfront,15.94,1.55,Townhouse,1649,1934,2,1.5,3,1,0,2011,2011,0,5,4.95,3,608500.0
-6.18128,106.77363,Tech Corridor,8.55,0.29,Townhouse,1471,1839,3,2.5,2,1,0,1984,1984,0,2,5.51,4,435300.0
-6.35315,107.0025,South Hills,23.66,6.35,Townhouse,1647,2606,2,1.5,2,1,0,1994,1994,0,3,6.11,6,495100.0
-6.09516,106.81771,Tech Corridor,12.99,0.57,Single Family,3152,6180,3,3.0,2,3,0,2008,2016,1,5,4.45,7,1790400.0
-6.30371,106.81019,West Waterfront,11.24,1.71,Single Family,2340,5034,3,2.5,2,2,0,2001,2001,0,6,5.03,7,1511200.0
-5.97947,106.84661,North Suburbs,25.46,3.06,Condominium,1137,1137,1,1.0,1,1,0,1980,1980,0,3,6.55,6,251100.0
-6.26483,106.67421,West Waterfront,20.02,2.26,Townhouse,2024,2871,2,2.0,2,2,0,1999,2013,1,3,4.58,7,920300.0
-6.33897,106.7429,West Waterfront,18.4,2.83,Single Family,2667,8096,2,1.5,2,2,1,2003,2003,0,4,5.36,5,1128900.0
-6.3179,106.83506,South Hills,12.17,0.37,Luxury Villa,4367,13574,5,3.5,2,4,1,2005,2013,1,5,4.86,7,2907200.0
-6.27204,106.79119,West Waterfront,9.26,8.11,Condominium,675,675,3,1.0,1,0,1,2000,2021,1,3,4.76,7,395900.0
-6.16993,106.77501,Tech Corridor,8.95,5.3,Condominium,786,786,3,1.0,1,0,1,2011,2011,0,4,5.86,5,369900.0
-6.2004,106.87209,Downtown / CBD,3.08,1.29,Townhouse,1574,2279,3,2.5,2,2,1,2012,2012,0,6,1.99,6,1026100.0
-6.36583,106.92898,South Hills,19.73,6.34,Single Family,1534,2769,4,2.5,2,3,1,1979,1979,0,1,6.38,5,384200.0
-6.26101,106.76262,West Waterfront,10.88,0.89,Single Family,2960,8950,4,2.5,1,1,1,1990,1990,0,1,3.35,6,1387600.0
-6.13044,106.84569,Tech Corridor,8.7,3.27,Condominium,1140,1140,2,2.0,1,1,1,1985,1985,0,7,4.65,7,559000.0
-6.07612,106.84519,Tech Corridor,14.73,10.86,Luxury Villa,3512,16670,4,5.0,2,3,1,2001,2001,0,4,4.22,10,2289300.0
-6.32297,106.87282,South Hills,13.03,3.11,Single Family,2300,5082,4,2.0,1,3,0,1986,1986,0,4,5.73,5,790500.0
-6.19549,106.82445,Downtown / CBD,2.77,1.66,Single Family,2178,4239,4,2.0,1,2,0,1987,1987,0,3,2.6,5,909900.0
-6.13514,106.81961,Downtown / CBD,8.67,0.1,Single Family,1972,5529,3,3.0,2,2,1,2015,2015,0,7,7.14,5,1270400.0
-6.28276,106.68666,West Waterfront,19.46,6.02,Condominium,1103,1103,2,1.0,1,1,1,2014,2014,0,4,6.56,5,421600.0
-6.09424,106.83459,Tech Corridor,12.78,1.47,Single Family,2152,5106,3,2.0,2,1,0,2022,2022,0,7,6.53,6,1128200.0
-6.09218,106.81418,Tech Corridor,13.41,0.24,Single Family,2197,6023,4,2.5,2,2,0,1989,2008,1,7,6.28,5,1089500.0
-6.11473,106.80096,Tech Corridor,11.56,1.88,Single Family,2283,5954,3,1.5,2,2,0,2011,2011,0,4,5.9,6,982200.0
-6.19697,106.89038,Downtown / CBD,5.14,0.1,Condominium,1390,1390,3,1.0,1,1,1,1983,1983,0,7,3.57,7,707500.0
-6.10351,106.98543,North Suburbs,19.43,3.91,Condominium,1124,1124,3,2.0,1,1,1,1981,1981,0,5,6.18,7,425400.0
-6.23149,106.85234,Downtown / CBD,2.63,4.94,Single Family,2625,6911,2,2.5,2,2,0,2020,2020,0,9,2.92,5,1754000.0
-6.14211,106.74054,Tech Corridor,13.81,0.1,Single Family,1474,3691,4,2.5,1,2,1,1997,2022,1,5,5.01,6,908100.0
-6.02101,106.86267,North Suburbs,20.93,2.15,Condominium,1341,1341,1,2.0,1,1,1,1993,1993,0,6,6.04,7,503600.0
-6.18578,106.86466,Downtown / CBD,3.32,1.47,Single Family,2380,7195,3,3.0,2,2,0,1997,1997,0,5,3.4,8,1545100.0
-5.97631,106.7795,North Suburbs,26.83,0.92,Single Family,1389,3984,3,2.0,1,2,0,2008,2008,0,5,5.79,5,511000.0
-6.09193,106.94433,North Suburbs,16.98,1.8,Townhouse,1252,1541,3,2.0,2,2,0,2009,2009,0,5,4.83,5,514900.0
-6.07318,106.78875,Tech Corridor,16.32,2.31,Single Family,2649,5476,3,2.0,1,3,0,1986,1986,0,4,7.07,5,830000.0
-6.07634,106.87248,North Suburbs,15.0,3.39,Single Family,1874,5858,4,2.0,2,2,0,2011,2011,0,6,5.98,4,836300.0
-6.10488,106.75275,Tech Corridor,15.47,0.82,Single Family,2807,7560,4,2.5,1,3,1,1979,2011,1,3,6.12,5,1161000.0
-6.17962,106.85144,Downtown / CBD,3.3,1.94,Single Family,2070,5390,4,2.0,2,2,0,1982,1982,0,5,3.44,7,1051900.0
-6.19225,106.79405,Tech Corridor,6.01,0.52,Condominium,952,952,1,2.0,1,1,1,1990,1990,0,4,4.19,6,439000.0
-6.30124,106.92273,South Hills,13.36,1.37,Townhouse,1653,2376,3,2.0,2,2,1,1981,1981,0,5,4.58,7,688200.0
-6.05092,106.96119,North Suburbs,21.72,0.1,Single Family,2767,6289,5,2.0,1,3,1,2005,2005,0,1,4.98,6,1116700.0
-6.10684,106.79536,Tech Corridor,12.62,9.69,Townhouse,1586,2154,4,2.0,2,2,0,2016,2016,0,6,3.73,3,611800.0
-6.12387,106.83116,Tech Corridor,9.56,1.15,Condominium,1239,1239,1,1.5,1,2,1,1993,2023,1,7,3.55,4,592200.0
-6.1466,106.7755,Tech Corridor,10.4,3.79,Single Family,1740,3817,2,2.0,1,2,0,2010,2010,0,4,2.02,5,691800.0
-6.05491,106.91865,North Suburbs,18.91,0.63,Single Family,3070,8542,3,2.5,1,1,0,1998,2013,1,3,6.03,8,1587400.0
-6.1978,106.82974,Downtown / CBD,2.14,2.97,Single Family,1615,3723,3,2.5,1,1,0,2020,2020,0,8,5.56,5,1051900.0
-6.13299,106.87455,Downtown / CBD,9.01,1.86,Single Family,2748,9013,3,1.5,2,1,0,2016,2016,0,2,5.79,4,1123200.0
-6.21796,106.74768,West Waterfront,10.92,1.19,Condominium,810,810,1,1.0,1,2,1,2022,2022,0,7,3.02,5,525700.0
-6.24886,106.84311,Downtown / CBD,4.46,0.29,Townhouse,895,1049,3,2.0,2,1,0,1978,1978,0,6,3.28,5,375500.0
-6.14538,106.74356,Tech Corridor,13.34,3.06,Townhouse,1840,2072,4,1.5,2,2,0,2017,2017,0,6,4.0,7,914200.0
-6.10906,106.90005,North Suburbs,12.61,0.65,Single Family,1758,5596,5,2.5,2,2,0,2004,2004,0,5,5.21,5,790300.0
-6.26227,106.72279,West Waterfront,14.87,6.64,Townhouse,725,1159,2,2.5,2,2,0,2023,2023,0,1,5.44,6,378700.0
-6.17748,106.82783,Downtown / CBD,4.0,0.69,Single Family,2213,6024,3,2.0,2,2,1,2002,2002,0,8,3.21,8,1556500.0
-6.41416,106.95674,South Hills,25.92,7.37,Single Family,2517,6153,3,2.5,2,1,0,2018,2018,0,3,7.5,8,1020000.0
-6.10483,106.76904,Tech Corridor,14.33,1.64,Condominium,1170,1170,1,1.0,1,0,0,2002,2002,0,3,3.73,7,410000.0
-6.19373,106.70198,West Waterfront,16.03,2.43,Single Family,1824,4239,4,2.0,2,3,0,2004,2004,0,6,4.72,7,1214200.0
-6.25865,106.79255,Downtown / CBD,8.08,0.89,Condominium,711,711,1,2.0,1,0,1,1993,2014,1,4,3.42,5,351200.0
-6.25011,106.83988,West Waterfront,4.63,4.57,Townhouse,2778,3383,4,2.0,2,2,0,2016,2016,0,4,5.24,6,1536100.0
-6.24258,106.69396,West Waterfront,17.24,2.82,Single Family,2913,5989,3,2.0,2,2,0,2023,2023,0,3,4.55,8,1836200.0
-6.26637,106.68526,West Waterfront,18.91,2.06,Townhouse,1997,3064,4,2.0,3,2,1,1977,1977,0,5,7.26,7,840900.0
-6.09495,106.84406,Tech Corridor,12.64,8.13,Luxury Villa,5954,26668,5,3.5,2,4,1,1982,1982,0,3,6.06,10,3454000.0
-6.18917,106.83685,Downtown / CBD,2.39,0.91,Single Family,1782,4846,4,2.5,2,1,1,2015,2015,0,6,5.04,6,1270700.0
-6.20825,106.86943,Downtown / CBD,2.65,2.59,Single Family,1837,4068,4,2.0,2,2,0,1990,2004,1,8,2.53,6,1095600.0
-6.27965,106.80973,South Hills,8.82,1.49,Single Family,1244,2826,3,3.0,2,2,0,2010,2010,0,3,7.22,8,664400.0
-5.97754,106.98468,North Suburbs,29.95,0.74,Single Family,3068,6540,3,1.5,2,2,0,1997,1997,0,3,6.63,8,1136000.0
-6.22401,106.88132,Downtown / CBD,4.31,2.09,Condominium,1318,1318,2,1.0,1,0,1,1980,1980,0,5,2.48,8,628000.0
-5.99034,107.06352,North Suburbs,34.25,8.41,Townhouse,2157,3372,4,2.5,2,1,0,1991,1991,0,1,9.2,7,543500.0
-5.91797,106.85522,North Suburbs,32.3,0.33,Single Family,1442,2749,2,1.5,2,1,1,1983,1983,0,3,5.84,3,316100.0
-6.16373,106.84059,Downtown / CBD,5.03,2.53,Condominium,1105,1105,2,1.0,1,2,1,1997,1997,0,5,1.85,5,523800.0
-6.19526,106.82331,Tech Corridor,2.89,1.31,Single Family,1725,4882,3,2.0,1,2,0,1986,2006,1,7,3.26,6,1177200.0
-6.07657,106.98156,North Suburbs,21.05,1.44,Townhouse,2424,2801,4,2.5,2,2,1,2000,2007,1,5,4.89,8,1133800.0
-6.27278,106.75856,West Waterfront,11.99,3.99,Luxury Villa,4365,20148,6,4.0,2,4,0,2015,2015,0,4,6.71,8,3679900.0
-6.28395,106.88244,South Hills,9.29,0.82,Condominium,931,931,2,1.0,1,1,1,2016,2016,0,5,3.37,5,461700.0
-6.05655,106.78192,Tech Corridor,18.32,5.59,Single Family,2637,8896,3,1.5,1,1,0,2010,2010,0,5,6.08,5,997500.0
-6.36219,106.80105,South Hills,17.73,3.24,Townhouse,1116,1230,3,1.5,3,1,0,2003,2003,0,7,6.25,6,407800.0
-6.34785,107.0012,South Hills,23.16,1.62,Single Family,3637,10326,2,2.0,2,3,1,2017,2017,0,2,6.31,6,1608300.0
-6.21119,106.75277,Tech Corridor,10.31,0.34,Single Family,1832,4982,2,2.5,2,3,0,2008,2022,1,5,3.03,7,1134500.0
-6.1656,106.84829,Downtown / CBD,4.8,0.21,Luxury Villa,4162,19584,4,3.5,2,3,1,2009,2009,0,6,4.98,10,4124400.0
-6.28976,106.68167,West Waterfront,20.29,0.1,Condominium,826,826,3,1.0,1,1,1,2013,2013,0,2,5.34,5,317400.0
-6.20101,106.83093,Downtown / CBD,1.84,0.67,Condominium,1017,1017,2,2.0,1,0,0,1988,1988,0,5,3.84,7,515300.0
-6.20841,106.79481,Downtown / CBD,5.64,0.11,Townhouse,1329,1930,3,1.5,3,2,0,2023,2023,0,4,4.06,4,602700.0
-6.13531,107.00539,North Suburbs,19.52,4.61,Single Family,1937,3868,3,2.0,1,3,0,2005,2005,0,4,4.13,6,766100.0
-6.26604,106.89446,South Hills,8.35,4.15,Single Family,2732,7179,3,1.5,2,1,1,2006,2006,0,6,3.88,10,1827000.0
-6.22937,106.7059,West Waterfront,15.67,1.28,Condominium,1088,1088,2,1.5,1,1,1,2007,2022,1,2,4.96,7,642000.0
-6.19899,106.85441,Downtown / CBD,1.46,0.1,Single Family,2841,8918,3,2.5,2,2,0,2013,2013,0,9,4.9,6,2252100.0
-6.32961,106.85586,South Hills,13.46,2.81,Townhouse,1640,2154,3,2.5,3,1,0,2002,2019,1,5,6.83,5,745700.0
-6.07102,106.96204,North Suburbs,20.02,2.4,Condominium,683,683,1,2.0,1,1,1,2018,2018,0,2,8.3,6,279300.0
-6.2721,106.91095,South Hills,10.1,1.07,Condominium,642,642,3,2.0,1,1,1,1975,2001,1,5,5.35,8,410000.0
-6.04895,106.93388,North Suburbs,20.27,10.96,Single Family,1744,4978,4,2.5,2,1,0,2008,2008,0,7,6.32,5,752300.0
-6.26967,106.71432,West Waterfront,16.06,3.61,Single Family,2427,6105,2,3.0,2,1,0,1987,1987,0,3,4.54,6,1028700.0
-6.27461,106.88337,South Hills,8.42,1.99,Townhouse,1926,2702,3,2.5,2,2,0,2000,2000,0,3,3.22,4,705300.0
-6.26474,106.70369,West Waterfront,16.93,0.67,Single Family,2547,8021,3,3.0,1,2,1,1999,2014,1,4,5.54,7,1650900.0
-6.3583,106.86908,South Hills,16.8,1.25,Single Family,2248,6914,2,2.0,2,2,0,1983,1993,1,7,6.34,6,877000.0
-6.22457,106.82743,Downtown / CBD,2.67,1.19,Single Family,1600,4021,3,1.5,1,2,1,1986,2007,1,7,3.76,6,1082700.0
-6.22792,106.80979,Downtown / CBD,4.51,0.24,Single Family,2023,5539,2,1.5,1,2,0,1979,1979,0,5,4.14,6,864100.0
-6.10961,106.78203,Tech Corridor,13.08,0.54,Condominium,1179,1179,2,1.0,1,0,1,2016,2016,0,7,5.23,6,552900.0
-6.20806,106.84041,Downtown / CBD,0.58,0.1,Single Family,2475,7371,2,2.0,2,3,0,2014,2014,0,6,2.4,7,1832400.0
-6.24993,106.94696,South Hills,12.14,0.82,Townhouse,1168,1396,4,1.5,2,1,0,2014,2014,0,5,5.42,4,498500.0
-6.26204,106.78944,West Waterfront,8.59,1.49,Luxury Villa,4724,24849,5,4.0,2,3,1,2019,2019,0,3,4.18,8,3989500.0
-6.14311,106.83016,Tech Corridor,7.49,8.41,Luxury Villa,2020,5743,5,5.0,2,3,1,1992,1992,0,9,5.43,6,1280800.0
-6.14102,106.92303,North Suburbs,11.42,0.98,Townhouse,2109,3171,4,1.5,3,1,1,2012,2012,0,3,4.53,8,1101500.0
-5.99811,106.81773,North Suburbs,23.59,10.18,Condominium,1130,1130,1,1.5,1,0,1,1989,1989,0,6,8.37,7,342100.0
-6.204,106.71438,Tech Corridor,14.57,2.02,Townhouse,1077,1590,3,2.0,2,2,0,1984,1998,1,5,4.65,4,425600.0
-6.28868,106.86635,South Hills,9.16,3.1,Condominium,762,762,1,1.5,1,1,1,1995,1995,0,5,5.39,8,389100.0
-6.21659,106.78802,West Waterfront,6.45,4.02,Townhouse,2307,3474,3,2.0,3,1,0,2008,2020,1,5,3.65,5,1175400.0
-6.45198,106.88374,South Hills,27.32,3.12,Condominium,1208,1208,1,1.0,1,1,1,1978,2005,1,2,6.2,5,320300.0
-6.2368,106.71136,West Waterfront,15.22,12.13,Single Family,1268,2565,4,3.0,1,3,0,1986,1986,0,6,4.72,6,572900.0
-6.11861,106.91146,North Suburbs,12.4,2.95,Single Family,1896,5652,3,2.0,2,3,1,1976,1976,0,2,3.35,5,586300.0
-6.21345,106.77236,West Waterfront,8.15,1.13,Single Family,2816,7082,3,2.5,1,1,0,2000,2006,1,6,4.09,4,1496500.0
-6.19532,106.7857,Tech Corridor,6.82,0.21,Single Family,1674,3927,5,2.5,2,3,1,2012,2012,0,3,5.58,9,1196100.0
-6.25548,106.74594,West Waterfront,12.22,0.31,Townhouse,1675,2262,3,1.5,2,1,0,2011,2011,0,5,4.79,4,707900.0
-6.25664,106.95045,South Hills,12.79,2.33,Single Family,2626,6268,3,2.5,1,2,1,2016,2016,0,6,5.53,6,1476600.0
-6.17412,106.81458,Tech Corridor,5.17,0.12,Condominium,874,874,2,2.0,1,0,1,2018,2018,0,6,3.3,7,640100.0
-6.24073,106.89681,South Hills,6.7,5.3,Single Family,1621,4822,3,2.0,2,3,0,2011,2011,0,5,5.22,8,905600.0
-6.3253,106.89934,South Hills,14.24,1.11,Luxury Villa,2623,7774,5,5.0,2,2,1,1975,1975,0,5,3.25,8,1160100.0
-6.38639,106.70516,West Waterfront,25.13,4.41,Luxury Villa,2590,8018,4,4.0,2,3,1,1989,1998,1,4,6.86,8,1398100.0
-6.11219,106.80985,Tech Corridor,11.43,3.14,Townhouse,1770,2490,3,1.5,2,1,0,1980,2016,1,6,4.68,5,808800.0
-6.20979,106.88491,Downtown / CBD,4.36,3.66,Condominium,1187,1187,2,1.0,1,1,1,1994,1994,0,8,3.8,7,630100.0
-6.15555,106.95754,North Suburbs,13.76,2.37,Condominium,1333,1333,2,1.0,1,0,0,1999,2008,1,6,5.7,4,463700.0
-6.29,106.7424,West Waterfront,14.58,3.08,Single Family,2667,7826,3,1.5,2,1,0,2008,2008,0,6,4.84,7,1623400.0
-6.15654,106.8866,Tech Corridor,7.37,1.5,Single Family,1770,4641,5,2.5,2,3,0,1999,1999,0,7,3.53,7,1030700.0
-6.31784,106.90366,South Hills,13.71,0.92,Single Family,2360,5008,3,2.5,2,2,0,1991,1991,0,7,7.06,5,887700.0
-6.21028,106.84174,Downtown / CBD,0.46,0.93,Condominium,1201,1201,1,1.0,1,1,1,1983,2014,1,7,3.97,6,862100.0
-6.2219,106.76103,West Waterfront,9.5,2.85,Townhouse,450,480,3,2.5,3,1,0,1996,1996,0,4,5.31,6,283000.0
-6.22126,106.88006,Downtown / CBD,4.07,0.55,Townhouse,1190,1882,3,1.5,2,2,0,2016,2016,0,6,5.08,8,887400.0
-6.25013,106.84707,Downtown / CBD,4.59,2.26,Single Family,731,1404,4,2.0,2,2,0,1979,2005,1,9,6.07,6,522700.0
-6.13085,106.74123,Tech Corridor,14.46,1.05,Single Family,2062,7080,2,2.5,2,2,0,1982,2004,1,7,5.45,7,1208800.0
-6.38116,106.90197,South Hills,20.13,1.83,Condominium,450,450,2,1.0,1,1,1,1979,1995,1,3,7.61,6,162300.0
-6.20741,106.85903,Downtown / CBD,1.5,0.29,Single Family,1995,3738,3,2.0,2,2,0,1990,1990,0,5,4.91,5,886900.0
-6.16291,106.82021,Downtown / CBD,5.82,4.94,Condominium,450,450,3,2.0,1,0,0,1982,1982,0,5,4.48,6,209600.0
-6.02307,106.88043,North Suburbs,20.98,7.27,Luxury Villa,4582,15298,7,4.0,2,3,1,1978,1978,0,7,8.43,9,2276300.0
-6.13274,106.7683,Tech Corridor,12.04,0.56,Single Family,2153,6347,3,2.0,2,2,1,2009,2009,0,3,6.54,5,950100.0
-6.17404,106.80391,Downtown / CBD,6.02,0.1,Townhouse,1808,1999,3,2.5,2,1,0,1980,1980,0,5,4.1,4,579300.0
-6.00556,107.08339,North Suburbs,34.72,3.04,Single Family,2140,6561,3,2.5,2,2,0,2010,2010,0,1,8.83,5,666700.0
-6.11416,106.8531,North Suburbs,10.54,0.44,Condominium,746,746,3,1.0,1,1,1,2022,2022,0,6,5.07,7,519900.0
-6.26938,106.75313,West Waterfront,12.27,0.1,Luxury Villa,5546,26337,4,6.0,3,4,1,1977,1977,0,6,6.5,8,3712300.0
-6.18703,106.82305,Downtown / CBD,3.48,2.49,Condominium,1226,1226,2,1.0,1,1,1,2006,2006,0,5,5.08,7,728100.0
-6.22939,106.67597,West Waterfront,18.97,3.07,Townhouse,1804,2668,3,2.5,3,2,0,2007,2007,0,4,7.18,8,960400.0
-6.09667,106.76827,Tech Corridor,15.12,1.48,Luxury Villa,2509,10111,5,5.0,2,3,1,1991,1991,0,3,4.83,7,1344200.0
-6.21489,106.85465,Downtown / CBD,1.21,3.19,Townhouse,780,933,4,1.5,3,1,0,2023,2023,0,2,2.27,4,398500.0
-6.0918,106.78711,North Suburbs,14.52,0.32,Single Family,2097,6310,3,1.5,2,2,0,1978,1978,0,4,5.57,5,726300.0
-6.26649,106.75415,West Waterfront,12.0,1.16,Single Family,1953,6391,3,2.5,2,3,0,1976,1976,0,6,3.77,4,881200.0
-6.17241,106.72803,West Waterfront,13.66,2.87,Condominium,923,923,1,1.0,1,1,1,2014,2014,0,3,5.08,6,497200.0
-6.38497,106.87923,South Hills,19.91,0.8,Single Family,1846,4110,3,1.5,2,1,0,2006,2006,0,5,5.36,7,837300.0
-6.25038,106.67238,West Waterfront,19.77,1.69,Single Family,2530,6120,2,2.0,1,3,1,2017,2017,0,5,4.43,6,1572000.0
-6.06629,106.87998,North Suburbs,16.27,0.33,Luxury Villa,5641,17600,7,4.0,2,2,1,2006,2014,1,5,5.91,8,3821700.0
-6.23832,106.68336,West Waterfront,18.3,3.28,Single Family,1446,2834,5,2.5,2,1,1,1999,2005,1,4,7.17,7,794000.0
-6.17886,106.80907,Tech Corridor,5.24,1.42,Luxury Villa,4224,12036,6,4.0,2,3,0,2007,2020,1,5,3.65,8,3022300.0
-6.21887,106.84633,Downtown / CBD,1.12,0.89,Single Family,2487,8662,4,2.0,1,2,1,2010,2010,0,5,3.29,8,1875000.0
-6.11121,106.88709,North Suburbs,11.77,2.08,Single Family,2764,5814,4,2.5,1,1,0,1987,1987,0,8,3.22,7,1341000.0
-6.2066,106.85831,Downtown / CBD,1.43,0.52,Single Family,1639,4066,3,1.5,2,2,0,2003,2003,0,6,2.25,7,1095100.0
-6.2205,106.71685,West Waterfront,14.35,0.55,Single Family,2564,7071,3,2.0,2,2,0,1988,2015,1,7,4.16,8,1930300.0
-6.07278,106.95588,North Suburbs,19.44,6.71,Condominium,1311,1311,3,2.0,1,1,0,2016,2016,0,8,6.05,7,683800.0
-6.34069,106.94226,South Hills,18.15,8.41,Condominium,928,928,2,1.0,1,0,0,1993,1993,0,6,3.88,6,328800.0
-6.26516,106.91368,South Hills,9.81,1.86,Single Family,1404,3178,5,2.5,2,2,0,1976,1987,1,6,3.83,5,630500.0
-6.27064,106.80606,West Waterfront,8.15,3.12,Townhouse,1406,1866,3,2.0,2,1,0,2004,2004,0,7,4.84,4,702800.0
-6.09108,106.90286,North Suburbs,14.53,0.26,Single Family,3058,6405,4,2.0,2,2,1,1997,1997,0,6,4.87,7,1703000.0
-6.00638,107.02078,North Suburbs,29.71,3.34,Single Family,2398,4909,3,2.5,1,2,0,2020,2020,0,1,7.59,6,869800.0
-6.26004,106.8218,South Hills,6.27,0.1,Single Family,1944,3918,3,2.0,1,1,0,1992,2023,1,4,2.87,4,981200.0
-6.2396,106.86804,Downtown / CBD,4.23,1.7,Single Family,2211,4380,3,2.5,1,2,0,1978,2017,1,9,5.11,7,1686700.0
-6.19149,106.81565,Downtown / CBD,3.84,2.26,Single Family,2901,5901,4,2.0,1,3,0,1977,1977,0,10,4.55,6,1402800.0
-6.03929,106.96199,North Suburbs,22.82,2.64,Townhouse,1381,1575,2,2.0,2,1,1,2000,2000,0,3,8.04,8,536800.0
-6.09863,106.75056,Tech Corridor,16.15,0.44,Townhouse,1994,2724,4,2.5,3,1,0,1990,1990,0,6,5.71,6,772400.0
-6.35184,106.85828,South Hills,15.94,0.81,Condominium,1551,1551,1,1.0,1,1,1,2006,2006,0,3,8.05,7,627600.0
-6.30845,106.97413,South Hills,18.05,8.98,Single Family,2105,3894,2,3.0,1,2,1,1979,1997,1,6,5.1,6,963800.0
-6.11636,106.83509,Tech Corridor,10.33,1.47,Single Family,2369,4676,3,1.5,2,3,0,1999,1999,0,3,2.61,5,930000.0
-6.07619,106.73939,Tech Corridor,18.86,1.8,Luxury Villa,4169,21434,5,5.0,2,2,1,1983,1983,0,5,5.76,8,2076500.0
-6.06517,107.02859,North Suburbs,25.82,3.43,Single Family,1550,3501,4,2.5,2,2,0,2003,2003,0,4,6.88,7,719200.0
-6.26681,106.72516,West Waterfront,14.84,2.32,Single Family,1794,5920,4,1.5,2,2,0,1975,1975,0,3,4.61,5,678500.0
-6.38896,106.91408,South Hills,21.39,6.39,Condominium,450,450,1,1.0,1,0,0,2000,2017,1,5,4.41,8,219800.0
-6.25807,106.71869,West Waterfront,15.11,0.69,Townhouse,1095,1589,3,2.0,2,2,0,2008,2008,0,4,4.37,9,758800.0
-6.10308,106.96474,North Suburbs,17.68,5.25,Townhouse,1968,3146,3,2.0,3,2,1,2015,2015,0,5,4.69,7,1033000.0
-6.25403,106.79692,West Waterfront,7.38,3.64,Single Family,1489,4125,4,2.5,1,2,0,1996,2015,1,7,3.26,6,1106900.0
-6.24504,106.75952,West Waterfront,10.37,2.88,Townhouse,2149,3196,4,2.5,3,2,1,1979,1979,0,3,3.38,4,824400.0
-6.16228,106.81129,Downtown / CBD,6.42,3.98,Condominium,847,847,1,1.0,1,1,0,1983,2015,1,2,4.08,5,390900.0
-6.23646,106.88685,Downtown / CBD,5.51,8.25,Single Family,2612,8711,4,2.0,2,2,0,2006,2006,0,6,4.33,8,1463200.0
-6.34123,106.89424,South Hills,15.66,7.75,Condominium,777,777,3,2.0,1,0,1,2018,2018,0,4,4.15,7,362700.0
-6.09803,106.91405,North Suburbs,14.45,4.66,Condominium,1124,1124,1,1.0,1,1,1,2008,2013,1,6,6.6,8,595600.0
-6.27477,106.88973,South Hills,8.81,0.8,Condominium,1225,1225,1,2.0,1,1,1,1999,1999,0,3,4.72,5,449200.0
-6.31171,106.71228,West Waterfront,18.69,0.84,Condominium,1523,1523,2,1.5,1,1,1,2010,2010,0,4,5.06,5,676800.0
-6.13323,106.73717,Tech Corridor,14.67,1.41,Townhouse,1718,2596,4,2.0,2,1,0,2006,2006,0,3,5.37,7,732700.0
-6.22479,106.78605,West Waterfront,6.84,3.41,Single Family,2624,6622,3,2.0,2,2,1,2001,2001,0,5,4.71,6,1603000.0
-6.40816,106.99077,South Hills,27.37,2.48,Single Family,1512,4458,3,2.0,2,1,0,1988,1988,0,1,6.3,7,477400.0
-6.31973,106.88228,South Hills,12.97,0.11,Townhouse,1705,2189,4,2.5,2,2,0,2011,2011,0,2,3.87,5,744500.0
-6.14066,106.78333,Tech Corridor,10.25,0.85,Townhouse,1995,2737,3,1.5,3,1,0,1979,1979,0,1,4.29,4,532700.0
-6.15011,106.81613,Tech Corridor,7.29,0.58,Single Family,2825,7932,4,2.5,2,2,0,2022,2022,0,5,4.78,7,1844500.0
-6.30107,106.76952,West Waterfront,13.27,2.49,Condominium,716,716,1,1.0,1,0,0,2001,2001,0,7,5.29,5,309400.0
-6.12429,106.74371,Tech Corridor,14.69,3.88,Single Family,3084,5960,3,2.0,2,2,1,1992,1992,0,6,5.36,7,1286800.0
-6.07,106.92204,North Suburbs,17.59,7.5,Single Family,2772,5978,3,1.5,1,2,0,2022,2022,0,4,4.99,8,1536700.0
-6.28187,106.67806,West Waterfront,20.29,1.91,Single Family,2500,4839,3,2.0,2,3,0,1985,1985,0,3,4.48,9,1189700.0
-6.11558,106.86356,Tech Corridor,10.54,3.73,Luxury Villa,3930,10996,4,4.0,2,3,1,1981,1981,0,6,4.62,6,1662100.0
-6.24119,106.69674,West Waterfront,16.91,0.73,Single Family,2131,5357,3,2.0,2,1,0,1988,2011,1,4,6.7,8,1264000.0
-6.08543,106.82075,Tech Corridor,13.97,0.32,Single Family,502,1543,3,2.0,2,3,0,1994,1994,0,3,3.84,5,238900.0
-6.28804,106.78107,West Waterfront,11.34,0.54,Single Family,1788,6104,4,3.0,1,3,0,2002,2002,0,8,5.25,8,1538800.0
-6.12439,106.75558,Tech Corridor,13.7,1.02,Condominium,988,988,1,1.5,1,1,1,2000,2000,0,4,3.61,7,429800.0
-6.21627,106.86505,Downtown / CBD,2.31,0.59,Condominium,931,931,1,2.0,1,1,1,1987,1987,0,8,3.28,7,598100.0
-6.28023,106.67099,West Waterfront,20.94,4.62,Single Family,1572,3567,3,2.5,2,2,0,2012,2012,0,4,7.36,6,741400.0
-6.12706,106.72693,Tech Corridor,16.0,2.83,Single Family,3015,8114,4,2.5,1,2,0,2021,2021,0,2,4.81,6,1329900.0
-5.9893,106.86629,North Suburbs,24.47,11.16,Condominium,698,698,1,1.0,1,1,1,2000,2000,0,2,7.33,5,178300.0
-6.23664,106.73835,West Waterfront,12.3,4.85,Single Family,2276,4779,3,2.5,1,2,0,2022,2022,0,3,3.71,7,1415000.0
-6.37704,106.95938,South Hills,22.54,15.0,Condominium,816,816,1,1.0,1,0,0,2019,2019,0,1,5.18,3,176700.0
-6.26279,107.04001,South Hills,22.4,2.44,Townhouse,1718,2206,2,1.5,2,1,0,1992,1992,0,3,6.6,5,433500.0
-6.29605,106.9752,South Hills,17.34,2.06,Townhouse,1543,2198,2,2.5,2,1,0,2017,2017,0,1,7.49,6,566200.0
-6.11953,106.81951,Tech Corridor,10.32,0.31,Townhouse,1573,2051,2,2.0,2,2,0,2007,2016,1,8,5.69,8,963400.0
-6.17837,106.89692,Downtown / CBD,6.62,0.67,Single Family,1790,6095,2,3.0,1,3,1,1993,2023,1,8,2.78,6,1338300.0
-6.07678,106.94051,North Suburbs,18.05,1.56,Luxury Villa,5397,16425,6,4.0,3,3,1,2000,2000,0,4,5.33,7,2490400.0
-6.39676,106.95787,South Hills,24.3,2.99,Condominium,1020,1020,2,1.0,1,1,1,2012,2012,0,4,8.1,7,408800.0
-6.19877,106.8794,Downtown / CBD,3.91,0.95,Luxury Villa,4820,21694,7,3.5,2,3,1,1977,1977,0,6,6.08,7,2673600.0
-6.10083,106.77048,Tech Corridor,14.6,0.47,Single Family,2289,7591,3,2.5,1,2,0,1984,1984,0,5,7.04,7,1052600.0
-6.18957,106.81914,Downtown / CBD,3.63,2.19,Condominium,1180,1180,2,1.5,1,1,0,1997,2011,1,7,3.69,4,584200.0
-6.07346,106.80418,Tech Corridor,15.71,2.33,Luxury Villa,4375,23172,7,5.0,3,4,1,2013,2013,0,4,3.4,10,3492600.0
-6.24269,106.89877,Downtown / CBD,7.0,0.71,Condominium,922,922,2,1.0,1,0,0,2023,2023,0,4,5.15,7,456400.0
-6.17283,106.73149,Tech Corridor,13.28,1.04,Single Family,1720,4465,5,2.5,2,3,1,1984,2015,1,4,7.35,8,1077500.0
-6.1662,106.84902,Tech Corridor,4.74,1.13,Townhouse,1803,2470,4,2.5,2,1,0,1997,2016,1,7,5.26,7,1247400.0
-6.2701,106.72629,West Waterfront,14.89,2.3,Single Family,1788,5233,2,2.0,1,2,0,1994,2001,1,3,5.61,8,967100.0
-6.37467,107.01746,South Hills,26.51,0.2,Single Family,2111,3897,4,2.0,2,3,0,2015,2015,0,5,5.68,6,838700.0
-6.32879,106.82254,South Hills,13.56,1.04,Condominium,1046,1046,1,1.0,1,0,1,1992,2007,1,2,6.48,3,307200.0
-6.30281,106.72392,West Waterfront,17.07,2.72,Single Family,1431,3408,3,2.5,1,2,1,1977,1996,1,2,7.25,6,656500.0
-6.17953,106.83448,Downtown / CBD,3.48,0.1,Condominium,1035,1035,2,1.5,1,1,0,2004,2004,0,7,4.08,6,612800.0
-6.32697,106.99604,South Hills,21.23,2.25,Luxury Villa,4375,19397,7,5.0,2,2,1,2005,2023,1,2,8.5,8,2385500.0
-6.15056,106.77383,Tech Corridor,10.26,2.25,Condominium,626,626,3,1.5,1,0,1,1977,1977,0,6,3.41,6,252700.0
-6.3374,106.89926,South Hills,15.47,2.65,Townhouse,1333,1966,2,1.5,2,2,1,2008,2014,1,3,6.57,5,576800.0
-6.22978,106.71822,West Waterfront,14.33,0.17,Townhouse,1504,1971,2,2.0,3,1,1,2005,2005,0,3,2.81,6,733900.0
-6.08489,106.82538,Tech Corridor,13.94,1.58,Townhouse,1616,1813,2,2.0,2,2,0,1977,1977,0,3,4.18,5,474800.0
-6.10918,107.0294,North Suburbs,23.21,5.2,Townhouse,1739,2322,4,2.0,3,1,0,1987,1987,0,4,6.4,6,487500.0
-6.0888,106.9463,North Suburbs,17.39,2.78,Single Family,1974,4142,4,2.0,2,2,0,1997,1997,0,6,4.26,7,876700.0
-6.32052,106.87412,South Hills,12.8,1.16,Luxury Villa,3525,18706,7,4.0,2,3,1,2010,2010,0,1,8.01,7,2152700.0
-6.24721,106.85484,Downtown / CBD,4.39,2.54,Condominium,1129,1129,2,2.0,1,1,1,2016,2016,0,8,3.44,5,653500.0
-6.07906,106.74018,Tech Corridor,18.56,5.24,Luxury Villa,4297,19277,7,4.0,2,3,1,2017,2017,0,2,4.18,8,2389800.0
-6.21098,106.83886,Downtown / CBD,0.79,0.15,Condominium,862,862,1,2.0,1,1,1,1987,1987,0,7,3.51,4,382500.0
-6.26924,106.85436,South Hills,6.78,2.7,Single Family,3116,9962,5,2.5,1,2,0,1994,1999,1,5,2.93,6,1547600.0
-6.43941,106.86135,South Hills,25.66,10.39,Townhouse,2302,2652,4,1.5,3,1,1,2003,2015,1,1,6.9,4,617800.0
-6.35852,106.85859,South Hills,16.68,1.15,Single Family,450,1345,3,2.5,1,2,0,1978,1978,0,4,6.73,7,225900.0
-6.27265,106.71699,West Waterfront,15.94,4.7,Single Family,2067,4699,3,2.5,2,2,0,2022,2022,0,6,4.96,6,1345400.0
-6.3591,106.88486,South Hills,17.24,4.2,Single Family,1038,3433,4,2.0,1,2,1,2002,2013,1,5,6.17,6,564100.0
-6.0597,106.95007,North Suburbs,20.21,12.3,Condominium,960,960,3,1.5,1,0,0,1993,2003,1,2,3.77,8,338500.0
-6.30949,106.6947,West Waterfront,20.14,0.53,Townhouse,2007,2520,3,2.5,2,2,1,2000,2000,0,4,4.86,4,705500.0
-6.00425,106.92814,North Suburbs,24.48,3.25,Single Family,1391,4495,2,1.5,2,2,1,1988,1988,0,2,5.39,6,494400.0
-6.20687,106.84691,Downtown / CBD,0.26,1.34,Condominium,1220,1220,2,1.0,1,1,1,2006,2006,0,6,1.72,7,786600.0
-6.25367,106.71334,West Waterfront,15.5,6.36,Condominium,871,871,2,1.5,1,1,0,1992,2002,1,4,5.51,7,456300.0
-6.13365,106.80996,Tech Corridor,9.23,0.67,Single Family,2453,6001,3,2.0,1,3,0,1981,1981,0,4,5.22,7,1005200.0
-6.07643,106.93852,North Suburbs,17.95,0.1,Townhouse,1789,2486,3,2.0,2,1,1,2009,2009,0,5,4.53,8,876700.0
-6.22824,106.70509,West Waterfront,15.74,0.24,Condominium,808,808,2,2.0,1,1,1,1999,1999,0,4,5.73,8,522500.0
-6.16231,106.87732,Tech Corridor,6.25,0.15,Single Family,2977,7371,3,2.0,2,2,0,2022,2022,0,6,5.19,7,2112300.0
-6.2944,106.88224,South Hills,10.34,2.22,Townhouse,1759,2165,3,2.0,3,2,0,2014,2014,0,5,4.06,7,884800.0
-6.24633,106.82527,Downtown / CBD,4.74,1.77,Single Family,1840,4809,3,3.0,1,3,0,2022,2022,0,6,4.54,8,1430900.0
-6.11305,106.86381,Tech Corridor,10.82,2.08,Condominium,919,919,1,2.0,1,1,0,2011,2011,0,4,5.02,7,462700.0
-5.99734,106.84907,North Suburbs,23.48,0.1,Single Family,3589,7627,3,2.0,2,2,0,1983,1983,0,5,4.72,6,1155800.0
-6.33269,106.78448,West Waterfront,15.33,0.99,Single Family,1426,3202,5,2.0,2,1,0,1990,1990,0,4,5.39,5,579400.0
-6.14149,106.8417,Tech Corridor,7.48,2.16,Townhouse,1424,2268,3,2.0,3,1,0,1975,1981,1,8,3.12,7,701000.0
-6.30968,106.84833,South Hills,11.2,0.15,Luxury Villa,3102,13547,5,3.5,2,2,1,2001,2001,0,6,4.14,9,2429700.0
-6.11935,106.76331,Tech Corridor,13.49,0.5,Single Family,2299,6341,2,2.5,1,1,0,1987,2000,1,4,4.5,7,1063300.0
-6.21197,106.64818,West Waterfront,21.92,8.09,Single Family,2403,5810,2,2.5,2,3,0,2013,2013,0,5,8.19,7,1338000.0
-6.29955,106.84522,South Hills,10.07,0.44,Single Family,3170,7451,4,2.5,2,2,0,1977,1977,0,5,5.06,6,1167700.0
-6.18439,106.86233,Downtown / CBD,3.28,0.12,Single Family,2360,7838,4,2.0,1,2,0,1979,1979,0,4,8.21,5,968100.0
-6.3252,106.95114,South Hills,17.44,2.91,Single Family,2296,7292,3,3.0,2,2,0,2000,2000,0,4,5.17,5,853600.0
-6.15898,106.82676,Tech Corridor,5.91,1.69,Luxury Villa,4654,18223,6,6.0,3,4,1,2007,2013,1,6,2.41,8,3871100.0
-6.17147,106.85207,Tech Corridor,4.21,0.32,Condominium,911,911,2,1.0,1,1,1,2008,2008,0,5,3.1,7,570200.0
-6.3663,106.92665,South Hills,19.66,4.76,Single Family,2665,6752,2,2.5,1,2,1,1979,1979,0,6,9.04,4,767700.0
-6.16857,106.78882,West Waterfront,7.72,1.93,Single Family,1958,5353,3,2.5,1,3,0,1983,2013,1,5,4.33,5,1167700.0
-6.16071,106.80341,Tech Corridor,7.1,0.43,Townhouse,1154,1553,3,2.0,3,2,1,1980,2004,1,5,2.18,7,716000.0
-6.10875,106.88527,North Suburbs,11.95,1.19,Single Family,880,1592,3,1.5,2,2,0,2023,2023,0,5,3.77,7,590000.0
-6.4,106.90684,South Hills,22.28,1.2,Condominium,900,900,1,1.5,1,1,1,2004,2004,0,2,7.7,9,374500.0
-6.35238,106.87076,South Hills,16.18,0.49,Single Family,1970,3614,5,2.5,2,3,1,2013,2013,0,2,6.21,6,1039400.0
-6.0184,106.89316,North Suburbs,21.78,2.48,Condominium,1087,1087,2,2.0,1,1,0,2003,2023,1,4,5.33,7,476900.0
-6.2268,106.71914,West Waterfront,14.18,4.02,Condominium,483,483,2,1.5,1,0,0,2022,2022,0,4,5.0,7,312100.0
-6.02969,106.8978,North Suburbs,20.71,0.96,Single Family,2304,6961,4,1.5,1,3,1,1987,1987,0,1,6.8,7,804500.0
-6.1232,106.79963,Tech Corridor,10.79,3.87,Condominium,878,878,2,1.0,1,0,1,1976,1976,0,5,8.21,7,327000.0
-6.14328,106.86077,Tech Corridor,7.47,0.75,Single Family,2185,4862,3,2.5,1,3,1,2018,2018,0,9,3.9,7,1773200.0
-6.22422,106.88275,Downtown / CBD,4.46,0.1,Condominium,1291,1291,3,2.0,1,2,1,1997,2006,1,6,4.88,6,753400.0
-6.26998,106.70995,West Waterfront,16.52,1.92,Single Family,1691,3965,4,1.5,1,3,1,1990,1990,0,2,5.16,6,783000.0
-6.2987,106.85287,South Hills,10.01,3.57,Single Family,2189,5057,4,2.5,1,2,0,1984,1984,0,4,3.74,6,797200.0
-6.22295,106.70661,West Waterfront,15.51,2.76,Single Family,2692,8043,3,2.5,1,3,0,1975,1975,0,4,7.38,6,1082600.0
-6.24078,106.95362,South Hills,12.51,3.46,Single Family,1218,2804,4,1.5,2,2,0,1980,1980,0,4,6.17,6,472100.0
-6.16282,106.86298,Downtown / CBD,5.46,0.25,Single Family,2440,7632,3,2.0,2,1,0,2006,2006,0,7,3.12,4,1097500.0
-6.40939,106.95005,South Hills,25.1,2.88,Condominium,904,904,2,1.5,1,1,0,2020,2020,0,1,6.64,9,404800.0
-6.09039,106.82154,Tech Corridor,13.41,2.45,Townhouse,2043,3091,3,1.5,2,1,0,2017,2017,0,3,3.31,6,797200.0
-5.97716,106.8984,North Suburbs,26.37,0.1,Single Family,2137,4392,4,2.0,2,2,0,2022,2022,0,4,6.59,7,968700.0
-6.39204,106.85359,South Hills,20.36,0.33,Single Family,3017,6548,4,2.0,2,2,0,2020,2020,0,3,7.13,10,1834300.0
-6.11965,106.81466,Tech Corridor,10.47,0.53,Single Family,2121,6015,3,2.5,2,2,1,1992,1992,0,4,6.81,6,986500.0
-6.12066,106.77173,Tech Corridor,12.77,5.9,Condominium,1186,1186,1,2.0,1,1,1,2001,2008,1,7,5.99,7,657600.0
-6.20677,106.84487,Downtown / CBD,0.24,2.25,Townhouse,977,1282,2,1.5,3,1,0,1980,1994,1,7,2.83,5,497900.0
-6.27512,106.94616,South Hills,13.37,7.37,Condominium,833,833,1,2.0,1,0,1,1998,2010,1,2,5.55,4,284100.0
-6.15206,106.85032,Tech Corridor,6.32,5.21,Condominium,1647,1647,3,1.5,1,0,0,2008,2013,1,5,5.0,5,694400.0
-6.35493,106.84751,South Hills,16.22,3.52,Condominium,1247,1247,3,1.0,1,1,1,2008,2008,0,4,5.5,8,585900.0
-6.0529,106.94101,North Suburbs,20.29,1.27,Single Family,2884,6378,4,2.0,1,3,0,1984,1990,1,4,6.82,5,959400.0
-6.25689,106.73653,West Waterfront,13.23,3.59,Townhouse,1460,1659,2,2.0,2,2,1,2020,2020,0,4,3.68,6,818800.0
-6.23202,106.74068,West Waterfront,11.93,1.12,Single Family,1813,5215,4,2.0,1,1,0,2005,2005,0,4,4.38,8,1223600.0
-6.36267,106.94355,South Hills,20.25,10.7,Luxury Villa,3019,9303,4,4.0,2,2,1,2010,2010,0,5,4.83,7,1540800.0
-6.14986,106.84145,Downtown / CBD,6.56,3.29,Townhouse,1140,1417,2,2.0,2,1,0,2016,2016,0,6,4.11,6,664200.0
-6.11434,106.7713,Tech Corridor,13.34,1.84,Townhouse,1178,1689,3,2.0,3,1,0,1978,1978,0,4,6.05,5,419800.0
-6.19894,106.85276,Downtown / CBD,1.35,4.03,Single Family,1585,5127,3,2.0,1,2,0,1977,1977,0,8,4.96,4,671700.0
-6.08149,106.75347,Tech Corridor,17.44,4.18,Single Family,2993,8238,3,2.0,2,2,0,2017,2017,0,4,4.45,5,1162100.0
-6.31794,106.84926,South Hills,12.12,11.48,Single Family,2997,9634,3,2.5,1,2,1,2019,2019,0,6,5.49,6,1715800.0
-6.16122,106.86684,Downtown / CBD,5.78,0.39,Condominium,983,983,2,1.0,1,0,0,2000,2017,1,7,2.71,6,551700.0
-6.22979,106.83933,Downtown / CBD,2.43,5.16,Single Family,1062,2829,2,2.0,2,2,0,1992,1992,0,6,3.12,6,527700.0
-6.18018,106.82405,Downtown / CBD,3.98,4.21,Condominium,705,705,3,1.0,1,1,1,2018,2018,0,7,3.56,7,529800.0
-6.33025,106.98738,South Hills,20.72,2.94,Single Family,2122,7137,3,2.5,2,2,0,1998,2008,1,2,3.67,6,796800.0
-6.15136,106.81001,Tech Corridor,7.5,1.18,Luxury Villa,4126,14054,4,3.5,3,4,1,1999,1999,0,6,6.31,6,2239600.0
-6.14448,106.82149,Downtown / CBD,7.62,0.65,Single Family,2158,5379,5,1.5,1,1,0,1991,1991,0,3,8.11,8,955100.0
-6.40968,106.86287,South Hills,22.38,6.04,Single Family,2269,6825,3,2.5,2,2,0,1996,1996,0,3,5.37,6,844900.0
-6.23816,106.90732,Downtown / CBD,7.59,2.56,Single Family,2279,6278,4,2.5,2,3,0,2022,2022,0,8,3.27,8,1784400.0
-6.24305,106.7553,West Waterfront,10.72,0.85,Condominium,761,761,2,2.0,1,2,0,2000,2000,0,7,5.83,7,503700.0
-6.35229,106.96141,South Hills,20.47,0.55,Single Family,1435,4989,4,2.0,2,3,1,1988,2014,1,2,8.18,7,724100.0
-6.2585,106.63327,West Waterfront,24.21,1.16,Single Family,2073,4424,3,3.0,2,2,0,2000,2023,1,3,7.9,6,1050400.0
-6.27208,106.84039,South Hills,7.05,1.7,Single Family,2248,4085,4,3.0,2,2,0,1979,2022,1,3,4.2,7,1208000.0
-6.20978,106.78194,Downtown / CBD,7.07,0.23,Single Family,2299,4836,5,2.0,1,2,0,2022,2022,0,5,4.74,5,1201400.0
-6.23509,106.6658,West Waterfront,20.17,7.2,Condominium,1083,1083,1,1.5,1,1,0,1978,1987,1,2,2.98,6,301700.0
-6.36129,106.90328,South Hills,18.1,3.95,Single Family,1862,3639,2,2.5,1,2,1,1998,1998,0,6,4.52,5,723000.0
-6.23978,106.70985,West Waterfront,15.46,0.52,Single Family,1871,6307,3,2.0,2,3,0,1985,1985,0,3,3.5,6,921900.0
-6.09387,106.88838,North Suburbs,13.61,0.85,Townhouse,2127,2562,3,1.5,3,1,0,1976,1991,1,4,4.94,5,683700.0
-6.42319,106.88065,South Hills,24.11,0.9,Townhouse,1410,2054,3,2.0,2,1,0,2020,2020,0,5,7.7,5,595500.0
-6.32437,106.76934,West Waterfront,15.37,6.69,Single Family,1951,4547,5,1.5,1,2,0,1994,2018,1,5,5.77,7,1132900.0
-6.19018,106.82483,Downtown / CBD,3.1,2.14,Townhouse,1800,2146,3,2.0,2,2,0,2008,2008,0,6,6.07,4,953500.0
-6.35186,106.75763,West Waterfront,18.64,1.89,Luxury Villa,3097,14582,7,4.0,3,4,1,1978,1978,0,2,6.09,8,1859600.0
-6.07216,106.88456,North Suburbs,15.77,1.32,Single Family,2934,10117,2,2.5,2,1,0,1987,1987,0,6,6.72,7,1156100.0
-6.26697,106.69447,West Waterfront,17.98,1.87,Single Family,2264,7153,4,2.0,2,2,0,1993,2022,1,1,4.61,4,1057900.0
-6.09504,106.81156,North Suburbs,13.18,0.1,Single Family,2666,5249,3,2.5,1,3,0,2017,2017,0,8,4.85,6,1498700.0
-6.23635,106.68923,West Waterfront,17.62,1.53,Condominium,1124,1124,2,1.5,1,1,0,1992,2009,1,5,4.68,4,475800.0
-6.18741,106.88123,Downtown / CBD,4.61,6.37,Single Family,3351,8032,4,3.0,2,2,1,2023,2023,0,5,3.81,8,2717100.0
-6.00544,106.93677,North Suburbs,24.74,0.59,Single Family,2416,7598,3,2.0,2,2,0,2011,2011,0,3,6.25,6,1003000.0
-6.06005,106.91148,North Suburbs,18.06,4.44,Townhouse,1824,2877,4,2.0,2,2,0,1995,1995,0,5,5.41,6,693800.0
-6.054,106.87623,North Suburbs,17.52,3.87,Single Family,1956,5788,4,3.0,1,2,1,1978,1983,1,3,6.46,8,841800.0
-6.33458,106.90363,South Hills,15.38,0.18,Townhouse,1947,2885,2,2.5,2,1,0,1978,2012,1,8,4.3,3,728600.0
-6.11064,106.86797,North Suburbs,11.18,5.19,Townhouse,2003,2344,3,2.0,3,2,0,2000,2018,1,5,3.65,5,944600.0
-6.15283,106.82664,Tech Corridor,6.56,1.68,Single Family,1729,5526,4,2.0,2,3,0,1985,1985,0,8,4.99,3,782700.0
-6.24125,106.79278,Downtown / CBD,6.88,0.83,Single Family,3042,5670,4,2.0,1,2,0,1987,1987,0,5,3.56,6,1214000.0
-6.18232,106.81606,Tech Corridor,4.4,2.37,Condominium,1067,1067,2,1.0,1,1,0,1999,2021,1,5,3.74,5,522900.0
-6.34837,106.92121,South Hills,17.62,0.18,Single Family,2585,6954,3,2.0,2,3,0,1995,1995,0,3,6.48,7,1054200.0
-6.14341,106.87902,North Suburbs,8.15,0.54,Condominium,791,791,2,1.0,1,0,1,1983,1983,0,10,4.34,5,370700.0
-6.29207,106.91123,South Hills,11.77,0.47,Condominium,976,976,2,1.0,1,1,1,2009,2009,0,3,7.72,4,390600.0
-6.19739,106.80046,Downtown / CBD,5.17,1.05,Single Family,1565,4305,5,2.0,1,2,0,2013,2013,0,7,3.6,7,1153400.0
-6.1925,106.86306,Downtown / CBD,2.65,1.4,Townhouse,1869,2141,3,1.5,2,2,0,1989,1989,0,7,3.71,7,1015700.0
-6.22868,106.83881,Downtown / CBD,2.33,0.51,Luxury Villa,5366,20874,4,6.0,3,3,1,2000,2000,0,7,4.97,9,4128700.0
-6.22208,106.81497,South Hills,3.71,3.82,Townhouse,2255,2582,3,2.5,3,2,1,1977,2022,1,6,3.71,6,1564300.0
-6.16169,106.71728,West Waterfront,15.17,1.94,Condominium,709,709,2,1.0,1,1,1,2001,2018,1,5,7.27,7,441200.0
-6.32524,106.98713,South Hills,20.34,0.68,Condominium,995,995,2,2.0,1,1,0,1981,1981,0,4,4.86,5,277000.0
-6.33321,106.93807,South Hills,17.21,4.47,Single Family,2138,6141,3,2.0,2,2,0,2016,2016,0,1,5.47,7,983500.0
-6.15176,106.98184,North Suburbs,16.4,6.71,Single Family,2185,7257,3,2.5,1,2,0,2010,2010,0,5,3.94,7,1108300.0
-6.05861,106.91689,North Suburbs,18.45,0.79,Luxury Villa,3731,16133,4,4.0,2,2,1,1987,1987,0,4,4.05,9,1636000.0
-6.28282,106.62347,West Waterfront,25.99,2.86,Single Family,3018,10229,3,2.5,1,2,0,1987,1992,1,5,3.85,5,1129300.0
-6.33524,106.87388,South Hills,14.38,3.77,Townhouse,2011,2222,4,2.5,2,1,0,2013,2013,0,6,6.3,7,932800.0
-6.07021,106.79491,Tech Corridor,16.38,0.48,Single Family,2798,6677,4,3.0,1,2,0,2000,2000,0,2,7.1,5,1060400.0
-6.10352,106.78193,Tech Corridor,13.66,4.06,Townhouse,2234,2649,3,1.5,2,1,1,1987,2012,1,5,3.61,6,1063900.0
-6.175,106.85537,Downtown / CBD,3.91,0.13,Townhouse,1596,2329,3,2.5,3,1,0,2016,2016,0,7,2.65,6,981100.0
-6.27867,106.77484,West Waterfront,11.04,2.75,Single Family,3364,7359,3,2.5,1,2,0,1996,1996,0,5,6.4,3,1514900.0
-6.03311,106.79208,North Suburbs,20.39,3.94,Townhouse,1798,2481,3,1.5,2,1,0,1989,2002,1,4,7.72,6,565800.0
-6.23199,106.81906,Downtown / CBD,3.91,2.25,Single Family,1331,2640,2,2.5,2,2,0,2005,2022,1,7,1.88,6,963900.0
-6.30341,106.72681,West Waterfront,16.86,1.84,Townhouse,1754,2471,3,2.5,2,2,0,2020,2020,0,3,4.27,4,830600.0
-6.17452,106.85163,Downtown / CBD,3.86,5.5,Condominium,836,836,1,1.0,1,0,1,2015,2015,0,6,5.29,7,496200.0
-6.06997,106.93739,North Suburbs,18.47,3.34,Single Family,1763,6000,3,2.5,2,3,0,1992,1992,0,8,5.35,6,827700.0
-6.15132,106.90833,North Suburbs,9.44,3.5,Townhouse,1477,1939,4,1.5,2,1,1,2010,2010,0,8,3.81,7,896400.0
-6.31968,106.99755,South Hills,20.88,0.22,Luxury Villa,3677,17219,5,5.0,2,3,1,2008,2021,1,4,5.93,6,2342000.0
-6.00314,106.93001,North Suburbs,24.68,2.05,Luxury Villa,4169,10767,5,4.0,2,2,1,1979,1979,0,3,8.29,9,1449500.0
-6.09438,106.75551,Tech Corridor,16.16,0.63,Single Family,1899,3563,5,2.0,2,2,0,2022,2022,0,3,6.07,4,738900.0
-6.00508,106.95438,North Suburbs,25.63,4.59,Single Family,2038,4842,4,3.0,1,2,0,1998,1998,0,5,5.2,5,702500.0
-6.2029,106.86123,Downtown / CBD,1.85,2.68,Townhouse,1610,2060,2,1.5,3,1,0,2021,2021,0,10,2.9,8,1111300.0
-6.36443,106.94335,South Hills,20.4,3.38,Condominium,1188,1188,3,1.5,1,1,0,2007,2007,0,2,4.32,6,347100.0
-6.14698,107.03089,North Suburbs,21.68,3.82,Luxury Villa,3027,9301,6,3.5,2,3,1,1999,2010,1,5,5.25,7,1543800.0
-6.35614,106.84856,South Hills,16.36,0.37,Single Family,2592,7200,3,2.0,1,1,1,2010,2010,0,3,5.85,6,1237900.0
-6.21547,106.73456,West Waterfront,12.35,10.15,Single Family,3055,7808,4,2.0,1,2,0,1982,1982,0,4,3.88,6,1293400.0
-5.97769,106.93553,North Suburbs,27.53,3.46,Condominium,1205,1205,1,1.0,1,1,1,1983,2011,1,5,6.93,6,429000.0
-6.40493,106.89834,South Hills,22.54,5.92,Single Family,1267,3858,3,2.5,2,2,0,1995,1995,0,6,6.7,6,538700.0
-6.21581,106.68212,West Waterfront,18.16,0.39,Townhouse,1009,1365,4,2.0,3,1,0,2013,2013,0,2,6.13,6,470800.0
-6.27393,106.69119,West Waterfront,18.6,6.23,Single Family,2174,4323,4,2.0,1,3,0,1985,1985,0,3,6.26,6,874100.0
-6.38406,106.9116,South Hills,20.79,1.67,Condominium,1164,1164,3,2.0,1,1,1,2017,2017,0,2,6.96,6,463700.0
-6.09033,106.90387,North Suburbs,14.66,1.36,Single Family,2633,4935,4,2.5,2,2,0,1976,1976,0,4,5.82,6,935900.0
-6.29127,106.94065,South Hills,13.97,5.46,Condominium,548,548,3,1.0,1,0,0,2002,2002,0,5,5.22,8,269800.0
-6.27859,106.69485,West Waterfront,18.44,3.42,Townhouse,1510,2127,3,1.5,2,1,0,1977,1977,0,2,6.36,4,404000.0
-6.18983,106.82692,Downtown / CBD,2.96,0.8,Condominium,1281,1281,3,1.0,1,1,0,1987,1987,0,2,4.65,4,440400.0
-6.10767,106.76353,Tech Corridor,14.46,1.73,Single Family,1415,4737,3,2.0,2,2,0,2002,2002,0,1,3.27,6,646300.0
-6.293,106.75807,West Waterfront,13.48,1.69,Luxury Villa,4740,20302,6,5.0,3,3,1,1987,2018,1,7,7.45,8,4267100.0
-6.2854,106.72523,West Waterfront,15.84,6.74,Condominium,1048,1048,1,1.0,1,0,0,1997,2022,1,5,3.86,7,553800.0
-6.16281,106.7911,Tech Corridor,7.92,2.09,Luxury Villa,3865,16523,4,3.5,2,2,1,1984,1984,0,6,4.99,8,2184800.0
-6.0741,106.87395,Tech Corridor,15.28,1.21,Single Family,2632,6784,5,2.5,1,1,0,2008,2008,0,5,5.47,7,1293100.0
-6.32342,106.94027,South Hills,16.5,1.69,Condominium,1007,1007,2,2.0,1,0,0,1977,1977,0,5,5.88,6,367400.0
-6.20658,106.85408,Downtown / CBD,0.97,2.47,Townhouse,1369,2161,3,2.0,2,2,1,1988,1988,0,4,2.44,5,644300.0
-6.07406,106.83268,Tech Corridor,15.02,3.87,Single Family,1855,5859,4,2.0,1,3,0,2017,2017,0,7,5.96,5,986600.0
-6.22084,106.84084,Downtown / CBD,1.44,1.04,Condominium,927,927,3,2.0,1,2,0,1986,1986,0,10,4.03,4,441500.0
-6.32591,106.79734,South Hills,14.06,1.69,Condominium,753,753,1,2.0,1,1,1,1978,2000,1,3,7.59,6,308500.0
-6.20231,106.80451,Downtown / CBD,4.62,3.56,Condominium,732,732,2,2.0,1,0,1,2017,2017,0,8,3.27,5,457400.0
-6.23471,106.64539,West Waterfront,22.41,1.77,Luxury Villa,5387,30859,6,4.0,3,3,1,2023,2023,0,4,4.45,8,4438900.0
-6.2612,106.74604,West Waterfront,12.49,0.72,Single Family,1708,3465,3,3.0,1,2,0,2019,2019,0,7,5.47,6,1088100.0
-6.17301,106.74636,West Waterfront,11.71,0.93,Single Family,1929,5932,4,2.5,2,2,0,1990,2022,1,2,4.18,5,1148900.0
-6.21307,106.89064,Downtown / CBD,5.02,1.16,Single Family,2495,8393,3,1.5,2,2,1,2011,2011,0,6,3.27,6,1843700.0
-6.31213,106.97299,South Hills,18.21,2.23,Single Family,1710,4206,4,2.5,1,2,1,2003,2019,1,5,5.15,6,910100.0
-6.18134,106.87651,Downtown / CBD,4.59,0.94,Single Family,1923,4490,2,2.5,1,2,0,1997,1997,0,5,5.49,6,862600.0
-6.20381,106.8504,Downtown / CBD,0.77,1.48,Condominium,650,650,3,1.5,1,1,1,2010,2010,0,2,2.31,7,428200.0
-6.12062,106.80739,Tech Corridor,10.67,6.26,Single Family,1520,4396,2,1.5,1,2,0,1996,1996,0,3,4.2,8,715300.0
-6.3145,106.87162,South Hills,12.08,6.25,Single Family,2372,4763,2,2.0,2,2,0,1995,1995,0,5,4.28,6,899400.0
-6.33094,106.66638,West Waterfront,24.07,6.4,Luxury Villa,3749,16056,5,5.0,3,3,1,2016,2016,0,4,7.51,5,2014900.0
-6.26095,106.70749,West Waterfront,16.39,8.81,Townhouse,1056,1599,2,2.0,2,1,1,2010,2010,0,3,4.2,5,462200.0
-6.18132,106.89529,North Suburbs,6.3,5.62,Single Family,2662,7067,5,3.0,2,2,0,2004,2004,0,6,4.62,5,1412100.0
-6.35331,106.90526,South Hills,17.35,1.33,Luxury Villa,2701,9535,6,4.0,2,4,0,1996,1996,0,3,3.68,6,1111900.0
-6.22592,106.82548,Downtown / CBD,2.93,0.35,Townhouse,1750,1948,3,2.5,2,1,0,1992,2012,1,5,5.57,8,1184500.0
-6.20605,106.89062,Downtown / CBD,5.01,0.38,Townhouse,1721,2710,2,2.5,2,1,0,1980,1980,0,5,5.62,5,670100.0
-6.35424,106.94643,South Hills,19.64,0.1,Luxury Villa,3718,12367,5,3.5,2,2,1,1983,2013,1,5,7.1,10,2441200.0
-6.32373,106.82984,West Waterfront,12.88,0.15,Townhouse,1588,2185,3,2.0,2,2,0,2023,2023,0,5,4.99,5,950300.0
-6.04255,106.92205,North Suburbs,20.31,3.36,Condominium,1406,1406,2,1.0,1,0,0,1995,1995,0,3,5.3,5,404700.0
-6.26899,106.7433,West Waterfront,13.17,1.0,Townhouse,1240,1845,2,1.5,3,2,0,1989,1989,0,4,4.68,5,551500.0
-5.96991,106.95988,North Suburbs,29.39,6.5,Condominium,615,615,3,1.0,1,1,0,2001,2001,0,4,5.25,7,210900.0
-6.4011,106.94093,South Hills,23.82,9.87,Luxury Villa,4080,20659,6,3.5,2,3,1,2021,2021,0,1,7.45,9,2265800.0
-6.37903,107.01424,South Hills,26.6,3.84,Single Family,2495,7900,3,2.0,2,1,1,1975,1975,0,2,7.59,8,820700.0
-6.29564,106.67754,West Waterfront,21.0,2.82,Single Family,2348,7382,3,2.5,2,2,0,2017,2017,0,6,7.33,7,1664300.0
-6.09289,106.85978,North Suburbs,12.96,6.62,Condominium,944,944,2,2.0,1,1,0,1995,2007,1,4,5.61,4,341900.0
-6.08732,106.88377,North Suburbs,14.13,0.1,Single Family,3336,10508,3,3.0,2,1,0,2012,2012,0,4,4.84,4,1463500.0
-6.33996,107.01376,South Hills,23.67,4.87,Condominium,909,909,3,1.0,1,0,0,2003,2023,1,5,4.32,8,428300.0
-6.18944,106.81426,Downtown / CBD,4.09,1.41,Single Family,2089,5006,5,2.5,2,2,1,2003,2003,0,5,5.21,9,1666500.0
-6.24841,106.906,Downtown / CBD,8.02,9.84,Townhouse,1753,2231,3,2.0,2,1,0,2012,2012,0,6,2.52,5,814500.0
-6.25739,106.73085,West Waterfront,13.83,10.28,Luxury Villa,3604,16898,7,4.0,2,2,1,1991,2009,1,3,5.41,10,2756200.0
-6.04279,106.99532,North Suburbs,24.81,2.82,Townhouse,1088,1632,4,2.5,3,1,1,2015,2015,0,5,4.73,5,458500.0
-6.21364,106.87885,Downtown / CBD,3.73,0.97,Townhouse,1196,1395,3,1.5,2,2,0,1983,1983,0,8,4.09,6,633800.0
-6.09467,106.93312,North Suburbs,15.96,1.45,Luxury Villa,4020,11301,4,4.0,2,2,1,2001,2009,1,5,5.65,6,2130100.0
-6.25943,106.71127,West Waterfront,15.94,0.22,Single Family,2896,5343,4,2.0,2,2,1,1993,1993,0,2,7.49,6,1329500.0
-6.07305,106.77119,Tech Corridor,17.18,0.7,Townhouse,1931,2372,3,1.5,2,2,1,1990,2015,1,3,6.34,6,808100.0
-6.04736,106.82167,Tech Corridor,18.12,3.47,Single Family,2287,7271,5,2.5,2,1,0,2002,2002,0,5,5.92,7,1098900.0
-5.99163,106.92161,North Suburbs,25.54,9.57,Townhouse,1751,2716,2,2.0,2,2,0,1998,1998,0,3,5.95,6,482700.0
-6.39622,106.89542,South Hills,21.53,1.68,Townhouse,1568,1919,3,2.0,3,1,0,1983,2022,1,4,5.67,7,698600.0
-6.34153,106.94565,South Hills,18.45,0.43,Townhouse,1691,1913,3,2.5,2,2,0,2009,2009,0,3,6.3,9,787800.0
-6.18613,106.70239,West Waterfront,16.09,9.51,Luxury Villa,4424,21195,4,4.0,2,4,1,2014,2014,0,2,2.59,9,3127700.0
-6.11296,106.79544,Tech Corridor,12.01,7.95,Townhouse,2400,2891,3,2.0,3,1,0,1976,1976,0,4,5.93,7,743100.0
-6.14856,106.95333,North Suburbs,13.7,0.81,Single Family,1581,4974,2,2.0,1,2,0,1985,1985,0,5,5.99,6,575900.0
-6.1241,106.77756,Tech Corridor,12.06,1.84,Condominium,483,483,2,1.0,1,1,0,2023,2023,0,4,3.56,7,258500.0
-6.25926,106.68538,West Waterfront,18.65,4.79,Single Family,2299,8040,2,2.5,2,2,1,2002,2002,0,4,6.68,5,1121400.0
-6.28842,106.73152,West Waterfront,15.44,0.64,Townhouse,1684,1856,4,1.5,3,2,0,2003,2015,1,2,6.11,9,934400.0
-6.06202,106.92739,North Suburbs,18.65,15.0,Condominium,1243,1243,1,1.5,1,0,1,1998,1998,0,3,5.82,5,386200.0
-6.17947,106.76166,Tech Corridor,9.87,0.31,Single Family,3210,7120,2,2.5,1,1,0,1979,1979,0,3,6.07,6,1026300.0
-6.33467,106.98247,South Hills,20.64,3.11,Single Family,2269,6293,4,3.0,2,1,0,2018,2018,0,1,7.9,6,822600.0
-6.09663,106.82493,Tech Corridor,12.66,3.93,Single Family,2230,6931,4,2.5,2,3,0,1976,1976,0,1,5.53,9,814400.0
-6.22993,106.86464,Downtown / CBD,3.16,0.28,Single Family,2528,5426,5,2.0,2,2,0,2014,2014,0,9,4.48,7,1668200.0
-6.39155,106.90859,South Hills,21.46,4.6,Condominium,830,830,2,1.0,1,1,1,1978,1984,1,2,7.36,7,252200.0
-6.2898,106.73556,West Waterfront,15.17,6.6,Single Family,2937,7460,4,2.0,1,3,0,2001,2001,0,6,4.88,6,1501600.0
-6.23992,106.90745,Downtown / CBD,7.68,0.81,Single Family,2056,6948,4,2.5,1,2,0,2009,2009,0,6,5.0,5,1165700.0
-6.21217,106.82818,Downtown / CBD,1.97,0.42,Townhouse,1211,1622,2,2.5,2,2,0,2019,2019,0,6,5.89,6,768600.0
-6.29499,106.71132,West Waterfront,17.71,0.1,Condominium,706,706,2,2.0,1,1,0,1990,1990,0,6,8.08,6,325000.0
-6.25396,106.66566,West Waterfront,20.59,11.68,Townhouse,1782,2464,3,2.0,2,1,0,1984,1984,0,5,7.83,8,734100.0
-6.21111,106.84873,Downtown / CBD,0.43,1.45,Single Family,1737,3299,3,2.0,1,2,0,2001,2001,0,8,5.71,7,1225300.0
-6.27889,106.67604,West Waterfront,20.37,0.13,Luxury Villa,4158,11747,6,3.5,2,2,1,1984,2018,1,1,5.26,7,2144600.0
-6.22041,106.61579,West Waterfront,25.54,11.57,Townhouse,1706,2085,3,2.0,2,1,0,2005,2005,0,3,5.7,6,588600.0
-6.30003,106.90762,South Hills,12.25,4.05,Luxury Villa,3908,16464,5,3.5,2,3,1,1994,1994,0,3,6.43,9,2252200.0
-6.09716,106.84101,North Suburbs,12.4,2.96,Luxury Villa,3149,17199,7,3.5,2,2,1,1991,1991,0,3,3.57,8,1913400.0
-6.25821,106.69986,West Waterfront,17.08,4.88,Single Family,1731,3315,3,2.5,2,2,0,2003,2003,0,4,4.62,7,890000.0
-6.21986,106.91004,South Hills,7.26,5.37,Condominium,947,947,2,2.0,1,1,1,2006,2011,1,3,4.35,5,463200.0
-6.3688,106.8991,South Hills,18.73,5.55,Luxury Villa,3845,21219,4,4.0,2,3,1,1991,1991,0,2,6.99,6,1881300.0
-6.19774,106.86651,Downtown / CBD,2.63,1.42,Townhouse,1547,2057,3,2.0,2,1,0,1987,2012,1,4,2.42,5,793900.0
-6.09641,106.78434,Tech Corridor,14.21,0.74,Townhouse,1248,1981,3,2.0,2,2,0,1999,1999,0,6,6.58,4,502500.0
-6.14364,106.87172,North Suburbs,7.79,0.8,Single Family,2634,7170,3,2.5,2,2,1,2006,2006,0,7,3.14,6,1420100.0
-6.24719,106.84054,Downtown / CBD,4.3,3.13,Single Family,2306,7812,3,2.5,2,2,1,2019,2019,0,4,4.29,6,1451700.0
-6.32275,106.90486,South Hills,14.26,3.97,Condominium,686,686,1,1.0,1,1,1,1991,1991,0,5,4.37,3,217700.0
-6.3443,106.94378,South Hills,18.57,8.75,Single Family,3650,11549,3,2.0,2,2,0,2014,2014,0,4,6.56,7,1767300.0
-6.26513,106.83947,South Hills,6.29,1.54,Condominium,625,625,1,2.0,1,0,0,1975,1975,0,9,3.88,7,297400.0
-6.20062,106.74143,West Waterfront,11.6,0.46,Townhouse,1165,1566,3,1.5,2,1,0,1983,1983,0,6,6.46,6,544600.0
-6.13773,106.84991,Tech Corridor,7.9,0.33,Single Family,2488,6599,4,1.5,1,2,0,2000,2000,0,8,3.36,7,1409700.0
-6.23373,106.88993,Downtown / CBD,5.64,1.14,Townhouse,1016,1263,4,2.0,2,2,0,1992,2018,1,6,5.47,5,574800.0
-6.33816,106.87353,South Hills,14.69,2.01,Single Family,2522,4860,3,2.0,2,2,0,2008,2008,0,2,4.83,4,918800.0
-6.43958,106.93565,South Hills,27.5,2.93,Single Family,1155,3162,3,2.0,1,1,0,2013,2013,0,1,4.81,8,492000.0
-6.00894,106.93223,North Suburbs,24.18,6.63,Single Family,2957,6394,4,2.5,2,2,1,1979,1979,0,3,6.13,5,795600.0
-6.13782,106.8356,Tech Corridor,7.96,1.17,Single Family,2536,4891,4,2.0,1,3,0,1994,2000,1,5,3.7,7,1415200.0
-6.30546,106.71265,West Waterfront,18.25,3.47,Townhouse,1108,1420,3,2.0,2,1,0,2012,2012,0,5,3.62,9,824300.0
-6.34062,106.77939,South Hills,16.37,0.1,Townhouse,1380,1986,2,2.5,3,2,1,1982,1982,0,5,6.75,4,474000.0
-6.32444,106.93735,South Hills,16.39,2.98,Condominium,1040,1040,3,1.0,1,1,1,2005,2014,1,4,6.55,9,587300.0
-5.95168,106.82472,North Suburbs,28.63,8.18,Condominium,844,844,3,2.0,1,1,1,1989,1989,0,4,5.6,5,276800.0
-6.28608,106.91878,South Hills,11.81,4.57,Condominium,602,602,3,1.5,1,1,0,1995,1995,0,4,5.95,6,242900.0
-6.15568,106.84032,Downtown / CBD,5.93,1.64,Luxury Villa,5078,28454,4,4.0,3,3,1,1976,1976,0,5,4.36,9,3340700.0
-6.26568,106.7237,West Waterfront,14.93,11.17,Single Family,3211,7448,3,2.0,1,2,1,1975,1975,0,3,6.17,6,1181800.0
-6.08593,106.91327,North Suburbs,15.57,3.55,Condominium,1204,1204,2,2.0,1,2,1,2023,2023,0,6,5.18,4,618700.0
-6.15614,106.87778,Downtown / CBD,6.85,5.59,Condominium,797,797,2,1.0,1,1,1,1976,1989,1,5,5.12,5,322700.0
-6.25086,106.81131,Downtown / CBD,6.02,5.87,Single Family,3112,6891,4,2.0,1,2,1,2021,2021,0,6,4.03,6,2101400.0
-6.21341,106.69287,West Waterfront,16.96,5.08,Condominium,821,821,1,1.0,1,1,1,1983,2005,1,2,4.15,7,393300.0
-6.28258,106.82512,South Hills,8.5,0.44,Townhouse,1408,1706,4,2.5,2,2,0,1995,2022,1,5,6.81,6,879600.0
-6.17684,106.81598,Downtown / CBD,4.84,0.78,Townhouse,1461,1838,3,2.5,2,1,0,2000,2000,0,7,4.67,4,765600.0
-6.09501,106.84982,Tech Corridor,12.64,2.87,Townhouse,1974,2946,3,1.5,3,2,0,2022,2022,0,5,5.59,6,1001900.0
-6.07988,106.81521,Tech Corridor,14.7,1.81,Condominium,845,845,2,2.0,1,0,0,2013,2013,0,7,5.38,5,331800.0
-6.34463,106.92073,South Hills,17.23,0.4,Townhouse,1151,1754,2,2.0,2,1,1,1999,1999,0,3,3.6,6,431300.0
-6.09699,106.79459,Tech Corridor,13.64,3.58,Condominium,1110,1110,1,1.5,1,0,0,1984,1984,0,3,5.18,7,335600.0
-6.15176,106.74141,Tech Corridor,13.18,1.25,Townhouse,1299,1577,4,2.0,3,1,1,1984,1984,0,5,5.68,5,434900.0
-6.17412,106.84139,Tech Corridor,3.88,0.75,Single Family,3623,9677,4,2.0,2,2,0,1986,1986,0,4,2.88,6,1721200.0
-6.29073,106.6779,West Waterfront,20.72,3.87,Condominium,803,803,2,1.0,1,1,0,1989,1989,0,3,3.52,5,258200.0
-6.17167,106.82589,Downtown / CBD,4.67,0.33,Condominium,1412,1412,2,2.0,1,0,1,1976,1988,1,3,3.36,5,514700.0
-6.27956,106.8949,South Hills,9.57,0.6,Luxury Villa,4907,14095,5,6.0,2,2,1,2005,2005,0,6,6.71,6,2735300.0
-6.22348,106.80857,Downtown / CBD,4.42,0.81,Luxury Villa,4039,23358,6,6.0,2,3,1,1983,1983,0,3,6.05,8,2884500.0
-6.28495,106.78178,West Waterfront,11.03,2.51,Townhouse,1575,2126,3,1.5,2,1,1,2018,2018,0,9,6.01,4,901200.0
-6.34284,106.91739,South Hills,16.88,6.99,Townhouse,1725,2029,3,2.0,3,2,0,1983,1983,0,2,5.48,7,500800.0
-6.07298,106.81983,Tech Corridor,15.35,1.63,Single Family,1871,4993,4,2.0,2,2,1,1990,1990,0,5,5.18,7,841300.0
-6.18943,106.94728,South Hills,11.49,0.31,Townhouse,2001,3033,4,2.0,2,1,0,2000,2009,1,1,6.09,7,746400.0
-6.18682,106.73234,West Waterfront,12.81,1.91,Single Family,1780,3769,3,2.0,1,2,0,1998,1998,0,5,5.96,6,880400.0
-6.39162,106.96483,South Hills,24.23,0.42,Condominium,762,762,1,1.0,1,1,1,2018,2018,0,2,5.52,5,222500.0
-6.23781,106.8268,Downtown / CBD,3.84,1.78,Single Family,2438,7759,3,2.5,1,2,1,2004,2022,1,4,4.66,7,1677800.0
-6.21201,106.8682,Downtown / CBD,2.53,0.25,Luxury Villa,3738,14664,5,5.0,2,2,1,1991,1991,0,7,5.58,8,2710400.0
-6.22727,106.7396,West Waterfront,11.94,2.22,Single Family,2930,5605,3,2.5,1,1,0,1981,1981,0,4,4.07,6,1137500.0
-6.18744,106.79078,Tech Corridor,6.53,0.31,Luxury Villa,4391,16285,5,4.0,2,2,1,1994,1994,0,5,3.18,8,2652700.0
-6.10339,106.71428,Tech Corridor,18.69,2.87,Townhouse,2458,3928,3,2.5,2,1,1,2007,2016,1,2,8.62,6,933800.0
-6.24575,106.68492,West Waterfront,18.3,2.65,Townhouse,1678,2520,2,2.5,2,1,0,1994,1999,1,2,6.69,5,613200.0
-6.19547,106.83783,Downtown / CBD,1.71,4.64,Townhouse,1349,1490,3,2.0,2,1,0,1990,1990,0,9,3.55,3,540900.0
-6.34075,106.90033,South Hills,15.86,1.16,Condominium,1221,1221,3,1.0,1,0,1,2016,2016,0,4,6.52,4,429300.0
-6.15873,106.88797,Downtown / CBD,7.28,4.37,Townhouse,1389,1907,3,2.0,2,1,0,2013,2013,0,5,4.98,6,700600.0
-6.21894,106.89388,South Hills,5.48,4.12,Single Family,2846,6848,4,2.0,2,2,0,2010,2010,0,6,3.52,8,1732200.0
-6.14257,106.85142,Tech Corridor,7.38,5.38,Townhouse,2377,3068,3,1.5,2,2,0,1981,2010,1,7,4.59,7,1391200.0
-6.40626,106.84257,South Hills,21.92,1.31,Condominium,901,901,3,1.0,1,0,1,2006,2006,0,4,6.85,5,324000.0
-6.22096,106.77297,West Waterfront,8.17,0.67,Luxury Villa,4502,21435,4,4.0,2,3,1,1979,1979,0,4,4.12,8,2505000.0
-6.09955,106.8761,North Suburbs,12.59,0.42,Single Family,2469,4970,4,3.0,1,2,0,2014,2014,0,3,6.09,9,1601200.0
-6.08035,106.86613,North Suburbs,14.44,0.1,Townhouse,1061,1175,2,2.0,2,2,1,2001,2001,0,5,3.61,7,436800.0
-6.29933,106.76016,West Waterfront,13.82,0.82,Townhouse,1661,2594,4,2.5,2,2,0,1988,1988,0,3,5.46,6,673900.0
-6.07279,106.86753,North Suburbs,15.29,0.71,Condominium,851,851,2,1.0,1,0,1,2018,2018,0,5,6.63,7,386700.0
-6.18106,106.79385,Tech Corridor,6.52,0.69,Single Family,3387,9395,4,1.5,2,3,0,2014,2014,0,1,6.39,8,1942800.0
-6.22611,106.823,Downtown / CBD,3.16,0.44,Single Family,2743,6395,3,1.5,2,1,0,2015,2015,0,9,4.07,7,1947900.0
-6.39182,106.89496,South Hills,21.04,0.44,Townhouse,1740,2323,3,1.5,2,2,0,1976,1976,0,3,6.32,6,510400.0
-6.00826,106.92804,North Suburbs,24.07,6.04,Condominium,450,450,3,2.0,1,1,0,1981,1981,0,1,5.27,8,159800.0
-6.01683,106.95701,North Suburbs,24.64,5.45,Single Family,3005,8893,4,2.5,1,1,0,2023,2023,0,4,6.4,6,1405400.0
-6.19403,106.81477,Downtown / CBD,3.79,0.34,Townhouse,1528,1837,3,2.0,2,2,0,1986,1986,0,5,4.53,6,600600.0
-6.19291,106.89544,Downtown / CBD,5.81,1.14,Luxury Villa,4313,23739,5,3.5,2,3,0,1985,1992,1,5,3.62,9,2741600.0
-6.17974,106.84448,Downtown / CBD,3.23,0.1,Townhouse,2061,2278,3,2.0,2,1,0,2013,2013,0,10,5.45,5,1279600.0
-6.05805,106.92653,North Suburbs,18.99,3.19,Single Family,1063,2921,3,2.0,1,1,1,2004,2004,0,6,4.78,7,606900.0
-6.13887,106.82764,Tech Corridor,8.01,0.86,Townhouse,1491,2141,4,2.5,2,1,1,1988,1988,0,4,4.2,6,661000.0
-6.30765,106.81904,South Hills,11.36,2.66,Single Family,1877,3746,3,2.0,1,2,0,2008,2008,0,8,7.18,7,1123500.0
-6.23135,106.78679,West Waterfront,6.99,2.52,Single Family,1771,6170,2,2.0,1,3,0,1978,1978,0,3,3.74,3,648100.0
-6.32655,106.9055,South Hills,14.66,3.01,Single Family,1290,3954,4,3.0,1,1,0,1984,1984,0,1,5.9,7,466500.0
-6.30628,106.88115,South Hills,11.52,3.42,Luxury Villa,3324,10994,4,6.0,2,4,1,1984,1984,0,4,4.59,7,1549600.0
-6.21747,106.83399,Tech Corridor,1.61,1.41,Single Family,1963,4299,3,1.5,2,2,0,2013,2013,0,8,3.23,6,1268900.0
-6.13532,106.79619,Tech Corridor,9.83,1.34,Condominium,1063,1063,2,1.5,1,0,1,2013,2013,0,5,4.98,6,567600.0
-6.10965,106.86719,Tech Corridor,11.26,1.86,Townhouse,1173,1749,4,2.0,2,2,1,1996,2002,1,7,6.82,6,698000.0
-6.35506,106.8751,South Hills,16.56,11.69,Single Family,2590,6361,4,1.5,1,3,1,1998,1998,0,5,5.46,6,1104600.0
-6.06126,107.00621,North Suburbs,24.21,0.53,Condominium,450,450,3,1.0,1,0,1,2009,2009,0,2,5.55,6,185100.0
-6.20321,106.82899,Downtown / CBD,1.95,1.16,Single Family,2131,5288,3,2.5,2,1,0,2021,2021,0,4,1.65,5,1289800.0
-6.09308,106.96886,North Suburbs,18.77,2.0,Condominium,1086,1086,2,1.0,1,0,1,2002,2002,0,8,7.83,7,491500.0
-6.01816,106.86151,North Suburbs,21.23,1.79,Single Family,1127,3005,3,2.0,2,3,0,2002,2014,1,4,6.32,7,552800.0
-6.07161,106.76452,Tech Corridor,17.69,1.49,Single Family,1054,2342,3,2.0,2,3,1,1989,2003,1,3,5.33,8,497300.0
-6.1205,106.77982,Tech Corridor,12.22,0.36,Single Family,2116,4110,5,2.5,1,2,0,2002,2002,0,8,5.07,6,1005600.0
-6.31099,106.72502,West Waterfront,17.54,3.12,Townhouse,674,1075,3,2.0,2,1,0,1995,1995,0,6,5.66,6,341400.0
-6.23342,106.79624,Downtown / CBD,6.12,0.24,Condominium,918,918,1,1.0,1,1,0,2006,2006,0,8,4.03,4,373200.0
-6.04588,106.87964,North Suburbs,18.47,1.34,Condominium,1341,1341,2,2.0,1,1,0,2012,2012,0,4,4.14,5,449400.0
-6.23669,106.69492,West Waterfront,17.01,3.02,Single Family,2389,5687,3,2.5,1,2,1,2004,2020,1,7,5.2,3,1253000.0
-6.25573,106.75475,West Waterfront,11.35,3.56,Townhouse,1713,2139,3,1.5,3,1,1,1990,2019,1,3,6.4,5,978500.0
-6.1175,106.90615,North Suburbs,12.16,4.49,Single Family,2243,6573,2,3.0,2,2,0,2003,2011,1,5,5.55,4,1029900.0
-6.11107,106.90157,North Suburbs,12.5,0.1,Townhouse,1732,2679,3,1.5,2,1,0,1987,1987,0,5,5.51,5,678700.0
-6.08052,106.94406,North Suburbs,17.95,6.93,Single Family,2154,5874,4,2.0,2,2,0,1996,1996,0,4,6.61,7,840100.0
-6.11256,106.99058,North Suburbs,19.32,11.83,Single Family,1979,3813,4,2.5,2,2,1,1998,1998,0,4,5.55,6,728300.0
-6.17824,106.82802,Tech Corridor,3.91,0.46,Townhouse,1583,2518,3,2.5,3,1,1,2012,2012,0,5,4.2,5,847000.0
-6.13233,106.90591,North Suburbs,10.81,0.79,Single Family,2267,5472,3,1.5,2,2,0,2005,2005,0,4,2.17,9,1311900.0
-6.27869,106.8113,West Waterfront,8.64,1.6,Townhouse,1931,2767,2,2.5,2,1,1,1993,2016,1,6,2.8,6,1218100.0
-6.10511,106.82371,Tech Corridor,11.76,7.17,Townhouse,1393,1673,3,2.0,2,1,0,2023,2023,0,7,5.19,7,839500.0
-6.15991,106.88683,North Suburbs,7.1,6.13,Condominium,1183,1183,3,1.0,1,0,1,2021,2021,0,7,4.68,7,770900.0
-6.18247,106.83644,North Suburbs,3.09,0.67,Single Family,2747,6441,4,3.0,1,2,0,2008,2008,0,4,5.22,9,1807900.0
-6.07594,106.82147,North Suburbs,14.99,1.83,Townhouse,2236,2678,3,2.0,3,1,0,1977,2007,1,4,3.1,7,893000.0
-6.36448,106.7501,West Waterfront,20.27,0.26,Luxury Villa,3702,11611,4,3.5,2,2,0,2003,2003,0,3,5.4,9,1877800.0
-6.2752,106.76235,West Waterfront,11.82,1.57,Single Family,1796,3421,4,2.0,1,2,0,2004,2004,0,6,2.72,6,960200.0
-6.33073,106.80518,South Hills,14.26,6.75,Single Family,1873,5753,4,3.0,1,2,0,2022,2022,0,4,5.3,7,972500.0
-6.13395,106.81753,Tech Corridor,8.87,0.95,Single Family,2650,5663,2,2.0,1,2,0,2014,2014,0,6,5.65,8,1606200.0
-6.19879,106.87272,Downtown / CBD,3.21,0.94,Single Family,1972,5880,3,2.0,1,3,0,1984,2015,1,5,4.33,6,1223600.0
-6.20366,106.83183,Downtown / CBD,1.63,1.16,Single Family,1022,3331,4,2.5,2,2,0,1996,2015,1,5,4.34,5,707000.0
-6.20011,106.84496,Downtown / CBD,0.97,0.24,Condominium,864,864,3,1.0,1,1,0,2014,2014,0,7,3.41,6,535500.0
-6.12647,107.00355,North Suburbs,19.77,2.0,Single Family,2218,4052,4,2.5,1,2,0,1991,2008,1,4,5.45,7,942800.0
-6.09413,106.92862,North Suburbs,15.71,4.53,Townhouse,1327,1903,3,1.5,2,1,0,1992,1998,1,6,2.69,8,662000.0
-6.18283,106.81516,Downtown / CBD,4.44,1.14,Townhouse,1358,2022,3,2.0,2,1,0,2018,2018,0,9,3.88,4,716800.0
-6.06338,106.8049,Tech Corridor,16.76,0.1,Luxury Villa,5679,30223,4,3.5,3,2,0,1989,1989,0,5,7.01,8,2776800.0
-6.33757,106.90573,South Hills,15.78,6.34,Luxury Villa,3703,21124,4,4.0,2,4,0,1994,1994,0,4,4.06,7,1929400.0
-6.04119,106.86129,North Suburbs,18.69,1.5,Condominium,866,866,1,2.0,1,0,1,2001,2013,1,5,6.51,8,488800.0
-6.08441,106.94911,North Suburbs,17.96,0.64,Condominium,1408,1408,2,1.0,1,2,1,2012,2012,0,3,5.85,10,694800.0
-6.18408,106.77759,Tech Corridor,8.03,5.91,Single Family,1286,4268,2,2.0,2,3,1,1982,1982,0,5,0.5,8,674700.0
-6.21059,106.84788,Downtown / CBD,0.32,0.44,Single Family,2753,5784,4,2.5,2,2,0,1986,2019,1,6,4.63,7,2023200.0
-6.25562,106.96577,South Hills,14.32,3.58,Condominium,1190,1190,1,1.5,1,1,1,1983,1983,0,1,5.0,6,340600.0
-6.05818,106.83843,Tech Corridor,16.74,6.79,Townhouse,1486,2226,3,2.0,2,1,0,1982,1982,0,4,6.63,7,538500.0
-6.07393,106.72799,Tech Corridor,19.86,3.03,Single Family,2198,5414,3,2.0,1,1,0,2006,2006,0,4,6.39,6,870000.0
-6.35932,106.76306,West Waterfront,19.06,3.46,Townhouse,1268,1726,3,2.0,2,2,0,2006,2022,1,4,6.78,8,765100.0
-6.20984,106.82723,Downtown / CBD,2.04,0.12,Townhouse,1670,2293,4,1.5,2,1,0,1976,1989,1,6,4.29,3,644200.0
-6.15473,106.77063,Tech Corridor,10.26,1.76,Luxury Villa,5533,14392,6,6.0,2,3,1,1994,1994,0,5,5.18,9,3667600.0
-6.30473,106.92705,South Hills,13.97,4.18,Single Family,2188,7495,4,2.5,1,2,0,1983,1983,0,3,8.02,6,809700.0
-6.31753,106.95434,South Hills,17.07,5.25,Single Family,2145,5996,4,1.5,2,1,0,1999,2020,1,3,5.93,6,782600.0
-6.23347,106.85042,Downtown / CBD,2.79,1.17,Townhouse,1995,2817,3,1.5,2,2,0,1981,1981,0,3,5.2,6,780800.0
-6.32533,106.81041,South Hills,13.51,2.15,Condominium,1045,1045,1,1.0,1,1,1,1996,1996,0,3,4.3,6,323200.0
-6.08196,106.83685,Tech Corridor,14.11,1.39,Single Family,2219,4078,3,2.5,2,2,0,1985,1995,1,4,5.25,5,813000.0
-6.04012,106.85822,North Suburbs,18.78,5.55,Single Family,1919,6281,5,2.5,1,3,0,1989,1989,0,5,5.28,7,927900.0
-6.20651,106.76019,West Waterfront,9.48,0.41,Single Family,3015,8726,3,1.5,1,2,1,1989,1989,0,6,5.12,8,1892600.0
-6.21264,106.86727,Downtown / CBD,2.44,1.47,Luxury Villa,2263,11971,5,4.0,2,4,1,1993,1993,0,7,3.07,10,2095500.0
-6.24376,106.91256,South Hills,8.38,0.17,Townhouse,1450,2197,3,1.5,2,1,0,1989,1998,1,6,5.69,9,797500.0
-6.28825,106.71302,West Waterfront,17.16,0.58,Single Family,1987,6057,3,2.0,1,1,1,1983,1983,0,6,6.44,7,908300.0
-6.09153,106.99993,North Suburbs,21.52,2.2,Single Family,2098,5678,3,2.0,1,3,1,1991,1991,0,8,3.88,8,1061500.0
-6.26685,106.76838,West Waterfront,10.72,7.4,Single Family,1318,2517,5,3.0,1,2,0,1975,1975,0,5,5.21,3,447300.0
-6.11712,107.10455,North Suburbs,30.49,3.33,Single Family,2123,5618,3,2.5,2,2,1,1997,1997,0,3,3.74,7,780600.0
-6.06769,106.79316,North Suburbs,16.71,0.39,Condominium,1043,1043,2,1.5,1,1,1,2012,2012,0,5,6.83,7,506100.0
-6.09809,106.69941,Tech Corridor,20.35,0.1,Single Family,1808,5951,3,2.5,1,3,1,1990,1990,0,2,5.5,6,767300.0
-6.26474,106.73097,West Waterfront,14.16,3.09,Townhouse,1563,1854,3,2.0,2,1,0,1976,1976,0,3,5.42,4,430200.0
-6.25614,106.89949,South Hills,7.96,2.73,Townhouse,1889,2612,2,2.5,2,1,1,1989,1989,0,4,3.44,7,824600.0
-6.30352,106.8794,South Hills,11.16,1.05,Luxury Villa,4216,25055,5,3.5,3,2,1,1998,2009,1,4,4.75,6,2545700.0
-6.04174,107.04091,North Suburbs,28.53,2.42,Condominium,1518,1518,2,1.0,1,1,1,1993,1993,0,3,7.9,4,374200.0
-6.21741,106.77195,West Waterfront,8.23,1.49,Townhouse,907,1385,3,2.0,2,1,1,2010,2010,0,7,4.95,7,703700.0
-6.24569,106.69401,West Waterfront,17.32,9.17,Luxury Villa,3208,17985,5,3.5,3,3,1,1975,1975,0,5,7.27,8,1596600.0
-6.02487,106.90193,North Suburbs,21.35,1.01,Single Family,2843,5353,3,1.5,1,1,0,1997,1997,0,5,6.99,6,974300.0
-6.07456,106.76902,Tech Corridor,17.16,0.19,Townhouse,1498,1926,3,2.5,3,1,0,1980,1980,0,3,7.94,6,446600.0
-5.99025,106.91365,North Suburbs,25.41,1.28,Luxury Villa,4527,23941,4,3.5,2,3,1,2002,2007,1,5,7.0,10,2819900.0
-6.22224,106.66039,West Waterfront,20.61,4.36,Townhouse,1036,1294,3,2.0,2,1,0,2010,2010,0,3,5.52,7,519100.0
-6.11814,107.00574,North Suburbs,20.43,3.81,Condominium,603,603,2,1.5,1,1,1,2003,2013,1,6,6.4,6,347600.0
-6.27259,106.72165,West Waterfront,15.47,4.31,Townhouse,1500,2130,4,1.5,2,1,0,2013,2013,0,5,6.09,8,935200.0
-6.25102,106.87363,Downtown / CBD,5.63,2.13,Single Family,772,1962,5,1.5,1,2,0,2001,2001,0,4,5.59,5,406400.0
-6.20726,106.85933,North Suburbs,1.53,1.66,Townhouse,2015,2829,3,1.5,2,2,0,2018,2018,0,9,4.78,8,1651200.0
-6.22775,106.74273,West Waterfront,11.61,4.83,Luxury Villa,2969,8032,5,4.0,2,3,1,1990,1990,0,7,3.82,8,1945700.0
-6.40202,106.89097,South Hills,22.03,4.86,Single Family,2678,7499,4,2.5,1,2,0,1993,1993,0,1,5.65,7,798100.0
-6.26683,106.70111,West Waterfront,17.28,7.26,Single Family,2416,8071,3,2.0,1,2,1,2023,2023,0,5,5.66,6,1534100.0
-6.17545,106.85764,Tech Corridor,3.94,1.66,Single Family,1134,3654,3,3.0,2,3,0,1986,1986,0,5,3.9,5,536900.0
-6.20838,106.85065,Downtown / CBD,0.56,1.94,Single Family,1744,5818,5,2.5,2,3,0,1984,1999,1,7,4.93,3,921300.0
-6.37437,106.83009,South Hills,18.46,5.48,Single Family,2086,4152,4,1.5,2,2,0,1993,1993,0,2,6.78,4,571000.0
-6.21354,106.82629,Downtown / CBD,2.21,3.68,Luxury Villa,3524,11133,5,5.0,2,3,1,1993,1993,0,6,2.76,8,2477500.0
-6.25825,106.88911,South Hills,7.31,3.61,Single Family,1127,3346,3,2.0,2,2,0,2008,2008,0,6,5.2,7,679300.0
-6.37246,106.8844,South Hills,18.67,0.41,Townhouse,1051,1176,3,2.5,2,1,0,1990,2002,1,3,6.41,6,398800.0
-6.29649,106.8843,South Hills,10.64,1.01,Single Family,1609,3360,3,2.5,2,3,0,1975,1975,0,5,5.64,8,692000.0
-6.32399,106.75142,West Waterfront,16.52,0.27,Condominium,1186,1186,2,2.0,1,1,1,1999,2013,1,4,5.17,5,602500.0
-6.20426,106.8746,North Suburbs,3.26,1.83,Single Family,2741,7841,4,2.0,1,3,1,2019,2019,0,6,5.38,6,1868100.0
-5.92391,106.88059,North Suburbs,31.86,3.67,Townhouse,1507,2383,3,2.0,3,1,1,1983,1983,0,3,9.18,5,376300.0
-5.99525,106.88312,North Suburbs,24.07,0.1,Luxury Villa,3882,20342,5,5.0,2,4,1,2009,2009,0,1,5.75,9,2241300.0
-6.07759,106.97486,North Suburbs,20.44,0.3,Condominium,776,776,2,1.5,1,0,1,1980,2020,1,4,6.18,7,376600.0
-6.36998,106.95489,South Hills,21.62,7.48,Luxury Villa,3481,8818,4,4.0,2,2,1,1993,2012,1,2,3.65,8,1646200.0
-6.11974,106.79785,Tech Corridor,11.22,1.38,Condominium,1026,1026,3,1.0,1,0,1,2006,2006,0,7,5.46,4,417000.0
-6.26997,106.9405,South Hills,12.53,1.28,Condominium,1088,1088,1,2.0,1,1,1,2003,2017,1,6,6.01,7,582800.0
-6.19975,106.85655,Downtown / CBD,1.58,0.47,Condominium,941,941,1,1.5,1,0,1,2019,2019,0,7,4.2,5,611700.0
-6.18246,106.8012,Tech Corridor,5.73,5.61,Townhouse,1766,1967,2,2.5,2,1,0,1997,1997,0,5,5.2,5,706100.0
-6.17093,106.78322,Tech Corridor,8.1,4.9,Townhouse,1513,2109,3,2.0,2,1,1,2020,2020,0,5,6.44,5,752100.0
-6.32755,106.90575,South Hills,14.78,6.01,Single Family,1870,6278,3,3.0,2,2,0,1983,1983,0,3,6.1,3,535300.0
-6.04007,106.79866,Tech Corridor,19.44,3.81,Townhouse,1450,1716,2,2.0,3,2,0,1986,1999,1,2,7.96,6,474500.0
-6.31852,106.86694,South Hills,12.41,0.46,Condominium,768,768,1,1.5,1,1,1,2005,2019,1,6,4.11,5,386200.0
-6.3507,106.77361,West Waterfront,17.66,5.49,Condominium,1106,1106,2,1.5,1,1,1,1981,2010,1,3,6.48,7,544600.0
-6.26597,106.68623,West Waterfront,18.79,6.63,Single Family,2977,9217,4,2.0,2,2,0,1986,1991,1,4,5.6,8,1470800.0
-6.19598,106.85378,Tech Corridor,1.69,0.95,Single Family,1817,5281,4,1.5,1,2,0,1983,1983,0,6,3.1,5,839900.0
-6.03301,106.91591,North Suburbs,21.02,4.31,Single Family,1533,4526,5,2.0,2,2,0,1986,2006,1,2,4.27,6,567200.0
-6.21808,106.88078,Downtown / CBD,4.04,0.88,Townhouse,1935,2740,3,2.0,2,2,0,2012,2012,0,5,4.13,9,1274600.0
-6.19795,106.74676,West Waterfront,11.04,0.84,Condominium,1017,1017,2,2.0,1,1,1,1993,2011,1,4,4.8,5,530500.0
-6.21828,106.72058,West Waterfront,13.92,0.86,Townhouse,1216,1572,2,2.0,2,1,0,1993,1993,0,5,4.69,5,505500.0
-6.28853,106.78231,West Waterfront,11.3,3.38,Condominium,1068,1068,2,2.0,1,1,0,1985,1996,1,3,5.73,5,457400.0
-6.11338,106.76805,Tech Corridor,13.65,0.88,Condominium,1027,1027,2,2.0,1,0,1,1988,1988,0,3,4.05,4,344800.0
-6.28854,106.95402,South Hills,14.94,0.88,Luxury Villa,3619,10223,6,5.0,2,2,1,1991,1991,0,5,5.36,6,1612100.0
-6.09847,106.92067,North Suburbs,14.81,9.01,Townhouse,1524,2045,3,2.0,2,2,0,1998,1998,0,2,4.66,5,477800.0
-6.38288,106.88135,South Hills,19.73,1.8,Luxury Villa,3469,17103,4,4.0,2,2,1,2018,2018,0,5,5.34,6,1919300.0
-6.3456,106.9599,South Hills,19.79,9.43,Townhouse,1491,2282,3,1.5,3,1,0,1991,1991,0,3,4.56,8,505600.0
-6.14392,106.86195,North Suburbs,7.43,7.13,Luxury Villa,5287,26576,5,3.5,2,3,1,1986,2020,1,4,4.16,9,4457200.0
-6.27183,106.72619,West Waterfront,14.99,1.09,Single Family,2268,4214,3,3.0,2,2,1,1987,1987,0,7,6.0,4,946000.0
-6.04688,106.91066,North Suburbs,19.37,1.15,Townhouse,1329,1567,3,2.0,2,1,0,2008,2021,1,5,5.19,6,626200.0
-6.15616,106.9026,Downtown / CBD,8.61,1.61,Luxury Villa,2656,13589,6,3.5,2,3,0,2000,2000,0,7,5.78,8,1888200.0
-6.24438,106.70288,West Waterfront,16.33,1.33,Townhouse,1088,1604,3,2.0,2,1,0,2020,2020,0,5,3.41,5,628700.0
-6.0865,106.83331,Tech Corridor,13.64,0.1,Condominium,1045,1045,2,1.5,1,1,0,2015,2015,0,3,4.92,5,402600.0
-6.29543,106.78259,West Waterfront,11.89,0.1,Condominium,1171,1171,3,1.0,1,1,1,1989,1989,0,2,7.98,6,514700.0
-6.1254,106.82075,Tech Corridor,9.66,2.72,Single Family,1526,4696,3,3.0,1,2,1,1999,1999,0,4,3.42,3,622400.0
-6.27399,106.66893,West Waterfront,20.9,0.1,Single Family,2710,5666,5,2.0,2,2,0,1975,1975,0,5,4.98,7,1140300.0
-6.20987,106.8479,Downtown / CBD,0.28,0.5,Single Family,2871,7081,4,1.5,2,2,0,1995,1995,0,6,3.3,7,1859900.0
-6.12769,106.84131,Tech Corridor,9.02,2.7,Condominium,1219,1219,2,1.5,1,0,1,1981,1981,0,5,5.89,6,454600.0
-6.17188,106.90423,North Suburbs,7.69,0.52,Condominium,800,800,1,2.0,1,1,1,2017,2017,0,5,2.81,6,488900.0
-6.16701,106.79699,Tech Corridor,7.12,1.61,Single Family,2308,6138,2,2.0,2,3,0,2021,2021,0,8,4.0,6,1528600.0
-6.20802,106.88046,Downtown / CBD,3.87,5.06,Single Family,1618,4651,4,1.5,1,2,1,1998,2021,1,5,3.31,8,1229100.0
-6.22568,106.68567,West Waterfront,17.85,0.68,Townhouse,1321,1771,3,2.5,2,1,0,2009,2009,0,5,4.1,7,797300.0
-6.11039,106.82339,Tech Corridor,11.2,1.05,Single Family,2361,7887,4,3.0,2,2,0,2015,2015,0,8,2.8,7,1413300.0
-6.3411,106.94014,South Hills,18.05,5.91,Townhouse,1483,1640,3,1.5,3,2,0,2003,2018,1,4,6.09,4,524700.0
-6.14452,106.78731,Tech Corridor,9.63,12.48,Condominium,1458,1458,1,1.5,1,2,0,2003,2003,0,3,3.33,6,512200.0
-6.2572,106.72863,West Waterfront,14.05,2.29,Condominium,926,926,2,1.0,1,1,1,1993,1993,0,4,3.52,6,444100.0
-6.35382,106.80856,South Hills,16.61,2.71,Single Family,1745,4678,2,2.0,2,2,1,2006,2006,0,5,2.69,8,949200.0
-6.0595,106.8294,Tech Corridor,16.67,1.25,Single Family,1772,4016,3,2.5,1,1,0,2002,2002,0,2,5.43,5,614300.0
-6.16543,106.78841,Tech Corridor,7.97,5.6,Single Family,2701,7411,4,2.0,2,2,0,1997,1997,0,6,3.98,9,1378300.0
-6.31459,106.75255,West Waterfront,15.64,1.68,Single Family,2987,10043,2,2.0,2,1,1,1995,2021,1,4,8.11,6,1847600.0
-6.29246,106.77095,West Waterfront,12.45,1.16,Single Family,2342,4925,3,2.5,1,3,0,1996,1996,0,3,3.3,5,1138000.0
-6.12131,106.89034,North Suburbs,10.91,1.86,Single Family,1936,4119,3,2.0,2,2,0,1984,1984,0,5,4.61,6,755700.0
-6.22594,106.84071,Downtown / CBD,1.98,1.85,Luxury Villa,4696,15159,6,4.0,3,3,1,1998,2021,1,7,4.33,8,4305400.0
-6.14199,107.01614,North Suburbs,20.33,1.29,Luxury Villa,2487,8673,5,4.0,2,3,1,2003,2003,0,4,7.01,8,1431400.0
-6.31323,106.85506,South Hills,11.64,0.1,Single Family,2902,10041,3,2.0,1,2,0,2015,2015,0,3,5.45,4,1212600.0
-6.10155,106.7792,Tech Corridor,14.0,1.06,Single Family,2592,8924,2,2.5,1,3,0,2014,2014,0,6,7.46,6,1258700.0
-6.30313,106.71751,West Waterfront,17.66,1.04,Luxury Villa,4929,23489,5,4.0,2,3,1,2009,2009,0,2,6.53,8,3342100.0
-6.18951,106.8422,Tech Corridor,2.17,2.73,Townhouse,1435,1964,3,2.5,3,2,1,2020,2020,0,7,3.21,3,751900.0
-6.1129,106.98677,North Suburbs,18.94,1.27,Townhouse,1474,2226,2,2.0,2,1,0,2023,2023,0,4,6.38,4,529200.0
-6.26573,106.70708,West Waterfront,16.62,0.19,Townhouse,2035,2907,3,2.5,2,2,0,2003,2003,0,8,2.66,6,1120900.0
-5.98459,106.95195,North Suburbs,27.55,1.27,Townhouse,1557,2196,3,2.0,3,1,0,2012,2012,0,3,8.75,7,623900.0
-6.19728,106.86549,Downtown / CBD,2.55,2.25,Single Family,3117,7432,4,3.0,2,2,1,2001,2001,0,7,4.26,7,2187700.0
-6.1575,106.75893,West Waterfront,11.18,1.28,Condominium,1216,1216,3,1.0,1,1,1,2001,2001,0,3,5.69,6,613100.0
-6.13796,106.76153,Tech Corridor,12.2,6.04,Single Family,2463,8219,3,3.0,1,2,0,1998,2017,1,6,3.33,5,1218200.0
-6.21632,106.67147,West Waterfront,19.35,1.48,Townhouse,985,1362,3,1.5,2,1,1,2005,2005,0,2,3.95,6,423800.0
-6.06488,106.86847,North Suburbs,16.18,0.6,Condominium,957,957,2,1.5,1,1,1,2011,2011,0,4,6.78,9,546400.0
-6.18791,106.92329,Downtown / CBD,8.93,2.05,Single Family,3370,6791,3,2.0,2,3,0,2001,2013,1,7,5.81,6,1917900.0
-6.13343,106.81067,Tech Corridor,9.22,2.2,Townhouse,1073,1244,4,2.0,2,2,0,1998,1998,0,9,5.77,7,707000.0
-6.22902,106.75504,West Waterfront,10.3,0.62,Single Family,1977,4915,4,2.5,1,2,0,2000,2008,1,6,3.27,5,1157700.0
-6.08315,106.84732,North Suburbs,13.95,1.67,Single Family,2983,7716,3,2.0,2,3,0,1999,2017,1,6,5.34,9,1881500.0
-6.09452,106.93079,North Suburbs,15.82,6.6,Luxury Villa,4186,24865,4,3.5,2,2,1,1992,2016,1,1,4.1,10,2752100.0
-6.01951,106.8561,North Suburbs,21.04,5.87,Single Family,2141,6876,3,2.5,2,2,0,2019,2019,0,2,7.1,5,799500.0
-6.25957,106.86014,Downtown / CBD,5.86,1.32,Luxury Villa,3906,15546,5,3.5,3,4,1,2011,2011,0,7,3.85,8,3076700.0
-6.21908,106.83385,Downtown / CBD,1.73,1.4,Luxury Villa,4496,22571,4,4.0,2,2,0,1993,1993,0,5,4.53,8,2904400.0
-6.07568,106.7298,Tech Corridor,19.58,9.66,Single Family,1998,6530,3,3.0,2,1,1,2000,2000,0,4,5.07,5,812900.0
-6.25699,106.89741,Downtown / CBD,7.85,1.14,Townhouse,1674,2398,3,2.5,2,1,0,2021,2021,0,4,2.12,5,878100.0
-6.10839,106.79581,Tech Corridor,12.44,6.59,Townhouse,1758,2498,3,2.5,2,1,0,2004,2004,0,5,4.8,6,610200.0
-5.9989,106.91705,North Suburbs,24.61,7.65,Single Family,1824,4947,3,2.5,2,3,0,1995,1995,0,4,7.04,8,719000.0
-6.28979,106.82898,West Waterfront,9.18,0.89,Condominium,740,740,1,2.0,1,0,0,2005,2005,0,8,3.49,6,453900.0
-6.10357,106.94492,North Suburbs,16.06,0.85,Townhouse,1362,1641,3,1.5,3,1,0,2013,2013,0,6,4.6,7,598700.0
-6.15023,106.7753,Tech Corridor,10.16,2.48,Condominium,766,766,1,1.0,1,0,1,1977,1992,1,7,1.86,6,330400.0
-6.07624,106.91219,North Suburbs,16.47,0.65,Single Family,1933,3556,2,2.0,2,2,0,1991,1991,0,6,5.04,8,861000.0
-6.03563,106.92901,North Suburbs,21.34,14.4,Single Family,1228,3913,2,1.5,1,2,0,2007,2007,0,3,4.67,7,480200.0
-6.35405,106.94265,South Hills,19.39,3.84,Single Family,1729,5324,3,2.5,2,3,0,1984,1984,0,2,5.13,5,512300.0
-6.11097,106.90119,North Suburbs,12.49,1.65,Luxury Villa,2503,12705,4,3.5,2,3,1,1988,1999,1,9,3.14,8,1952200.0
-6.26169,106.887,Downtown / CBD,7.46,0.15,Condominium,1328,1328,2,2.0,1,1,0,1991,2014,1,8,5.23,5,684200.0
-6.26525,106.75006,West Waterfront,12.32,15.0,Single Family,2759,5431,4,1.5,1,2,0,2017,2017,0,6,5.31,7,1693300.0
-6.14023,106.85534,North Suburbs,7.69,2.12,Single Family,1734,5713,3,2.5,2,2,1,2022,2022,0,8,4.19,7,1265400.0
-6.22537,106.85426,Downtown / CBD,2.08,2.19,Condominium,903,903,1,1.5,1,0,0,1978,2019,1,4,4.31,6,453400.0
-6.08451,106.79708,Tech Corridor,14.81,0.15,Townhouse,1337,1716,2,2.5,3,1,0,1997,1997,0,5,5.33,9,736000.0
-6.21051,106.83254,Downtown / CBD,1.46,3.64,Luxury Villa,5002,21158,7,3.5,3,3,1,2012,2012,0,5,2.87,8,4315400.0
-6.09708,106.84036,North Suburbs,12.41,0.56,Townhouse,1226,1473,3,2.0,2,1,0,1976,2022,1,7,2.56,6,711400.0
-6.45688,106.85295,South Hills,27.55,4.76,Single Family,2435,5835,3,2.0,1,3,1,2012,2012,0,1,7.19,5,878300.0
-6.23452,106.6847,West Waterfront,18.09,1.6,Single Family,1690,3743,4,2.5,2,2,0,1999,1999,0,5,6.37,8,893700.0
-6.16708,106.76793,Tech Corridor,9.79,1.09,Single Family,3222,6066,4,3.0,1,1,0,1990,1990,0,4,5.32,8,1449400.0
-6.20295,106.82073,Tech Corridor,2.84,0.1,Single Family,2611,6218,4,1.5,2,2,0,1991,2020,1,6,4.42,5,1674900.0
-6.30192,106.93335,South Hills,14.2,3.94,Single Family,2483,7983,4,2.0,1,1,0,2017,2017,0,5,7.45,5,1303600.0
-6.03311,106.91167,North Suburbs,20.83,12.3,Single Family,2122,6017,3,3.0,2,1,0,2009,2009,0,5,6.22,7,1000300.0
-6.27639,106.73452,West Waterfront,14.43,1.72,Townhouse,1832,2600,3,1.5,3,2,1,1992,1992,0,3,5.1,7,848400.0
-6.2494,106.64746,West Waterfront,22.45,2.22,Townhouse,1591,2492,4,2.0,2,1,1,1998,1998,0,4,6.05,6,680100.0
-6.10852,106.9155,North Suburbs,13.57,2.31,Condominium,778,778,1,1.0,1,1,0,1984,1984,0,3,3.93,4,214500.0
-6.27034,106.79916,West Waterfront,8.56,0.94,Single Family,2476,6425,3,1.5,2,3,0,1995,1995,0,8,6.11,7,1740700.0
-6.09224,106.94786,North Suburbs,17.21,1.09,Townhouse,1551,1868,2,2.0,2,2,1,1985,2023,1,5,5.98,5,709500.0
-6.29176,106.707,West Waterfront,17.93,0.1,Luxury Villa,2295,8719,4,4.0,2,3,0,2016,2016,0,3,6.28,8,1512900.0
-6.26045,106.69277,West Waterfront,17.91,0.67,Condominium,946,946,1,1.0,1,1,1,1993,1993,0,4,6.12,4,328400.0
-6.35797,106.94537,South Hills,19.92,2.26,Single Family,2338,5637,3,2.0,1,3,1,1983,2002,1,5,2.24,5,939800.0
-6.12717,106.81644,Tech Corridor,9.62,2.05,Single Family,1890,5010,4,1.5,2,2,0,2012,2012,0,5,3.99,5,858900.0
-6.0899,106.98024,North Suburbs,19.94,1.24,Single Family,2618,5109,4,2.0,2,3,1,2014,2014,0,5,5.96,7,1308700.0
-6.08144,106.80484,Tech Corridor,14.84,3.8,Condominium,1291,1291,2,1.5,1,0,1,1980,1980,0,2,5.9,7,424500.0
-6.12604,106.77541,Tech Corridor,12.05,3.37,Single Family,2315,4209,4,2.0,2,1,0,2021,2021,0,6,5.35,4,1021800.0
-6.11545,106.78641,Tech Corridor,12.27,3.69,Townhouse,1887,2642,3,2.0,2,1,0,1986,1995,1,5,4.66,7,741200.0
-6.08292,106.88235,North Suburbs,14.56,6.41,Single Family,2242,7233,3,2.0,2,2,0,1976,1976,0,7,4.96,7,913600.0
-6.12794,106.75282,Tech Corridor,13.66,1.73,Townhouse,1111,1563,3,2.0,2,2,0,2010,2010,0,7,3.48,6,569000.0
-6.11869,106.81674,Tech Corridor,10.5,3.05,Single Family,2195,6312,4,2.0,2,1,0,2019,2019,0,5,5.37,6,1189900.0
-6.21603,106.7653,West Waterfront,8.95,2.9,Single Family,2168,5581,3,2.5,1,2,0,2011,2011,0,5,3.71,5,1404700.0
-6.24543,106.89282,Downtown / CBD,6.63,2.99,Luxury Villa,4073,16369,4,4.0,2,2,1,1991,1991,0,7,5.54,9,2622200.0
-6.06346,106.86129,North Suburbs,16.23,4.92,Single Family,2741,5809,3,2.5,2,2,0,1982,1982,0,4,3.44,7,905700.0
-6.36665,106.9124,South Hills,19.03,3.14,Townhouse,1409,2175,3,2.5,2,1,0,1986,1986,0,1,7.44,6,369700.0
-6.22106,106.776,West Waterfront,7.84,4.37,Townhouse,1955,2198,2,1.5,2,2,0,2009,2009,0,6,6.35,7,1205100.0
-6.42336,106.88567,South Hills,24.23,0.25,Single Family,1594,2997,4,2.0,2,2,0,2015,2015,0,1,8.03,7,610000.0
-6.35991,106.8138,South Hills,17.14,0.1,Single Family,2949,5546,3,3.0,1,2,0,1995,1995,0,3,5.19,7,1076600.0
-6.10756,106.94271,North Suburbs,15.57,1.25,Single Family,2367,6153,4,2.5,1,2,0,1993,1993,0,6,6.52,7,1174100.0
-6.12568,106.71824,Tech Corridor,16.88,2.32,Single Family,2621,5607,4,2.0,2,2,1,1996,1996,0,3,3.6,6,1048400.0
-6.2152,106.83886,Downtown / CBD,1.03,1.42,Single Family,1774,6154,4,1.5,1,2,0,1993,1993,0,4,3.69,6,967600.0
-6.42384,106.84593,South Hills,23.87,1.51,Luxury Villa,4377,17837,4,4.0,2,3,1,2016,2016,0,2,7.73,7,2093000.0
-6.40863,106.94338,South Hills,24.69,1.49,Single Family,1904,3897,4,1.5,2,2,0,2009,2009,0,4,8.12,7,750100.0
-6.28628,106.78634,West Waterfront,10.83,0.26,Luxury Villa,2910,9750,6,3.5,2,3,0,2016,2016,0,2,5.31,10,2260400.0
-6.06083,106.88268,North Suburbs,16.93,6.52,Single Family,2013,6677,3,1.5,2,2,0,2004,2021,1,6,3.82,7,1166100.0
-6.12216,106.7769,Tech Corridor,12.27,1.39,Condominium,964,964,2,2.0,1,2,0,1992,2023,1,7,5.43,8,652600.0
-6.30898,106.72507,West Waterfront,17.4,0.21,Luxury Villa,5126,22964,4,3.5,2,3,1,1995,1995,0,3,4.44,7,3006300.0
-6.08369,106.83372,Tech Corridor,13.95,0.53,Single Family,2168,6468,3,1.5,2,2,0,1984,1984,0,6,6.34,10,997800.0
-6.06778,106.98333,North Suburbs,21.88,3.11,Townhouse,2456,3002,2,2.0,3,2,0,1975,1975,0,2,6.01,4,491900.0
-6.06802,106.78851,Tech Corridor,16.86,1.99,Condominium,1027,1027,2,1.0,1,0,1,2016,2016,0,2,6.21,5,383800.0
-6.09489,106.93196,North Suburbs,15.87,9.77,Townhouse,1445,2282,2,2.0,2,2,0,2022,2022,0,3,5.54,7,720400.0
-6.12757,106.79298,Tech Corridor,10.74,1.08,Luxury Villa,4555,25916,5,5.0,3,4,1,2021,2021,0,8,4.53,8,4118200.0
-6.40264,106.87422,South Hills,21.75,0.14,Condominium,1075,1075,2,2.0,1,1,0,2008,2008,0,1,6.7,5,337300.0
-6.1671,106.79813,Tech Corridor,7.01,0.72,Condominium,980,980,2,1.5,1,1,0,2022,2022,0,6,4.05,6,596700.0
-6.15835,106.93364,North Suburbs,11.26,0.74,Single Family,1947,5653,4,2.0,1,2,1,2003,2014,1,4,4.67,7,1153700.0
-6.16527,106.80444,Downtown / CBD,6.65,2.97,Condominium,674,674,2,1.0,1,1,1,1993,1993,0,5,4.91,8,360000.0
-6.00291,106.84137,North Suburbs,22.86,6.3,Single Family,2214,4981,3,2.0,1,2,1,1981,1981,0,2,7.17,3,477100.0
-6.06193,106.83242,Tech Corridor,16.37,1.65,Condominium,1238,1238,1,2.0,1,0,1,1977,2013,1,5,5.04,5,519100.0
-6.06775,106.78939,Tech Corridor,16.85,2.03,Single Family,1631,3670,5,2.0,2,2,1,2000,2010,1,4,5.62,4,634200.0
-6.21859,106.78896,Tech Corridor,6.38,1.41,Townhouse,1811,2669,2,2.5,3,1,0,2004,2013,1,8,3.34,5,976300.0
-6.18378,106.83632,Downtown / CBD,2.96,3.98,Townhouse,1489,1722,3,2.0,2,1,0,1983,2004,1,8,3.39,7,903900.0
-6.22607,106.85894,Downtown / CBD,2.42,1.36,Condominium,991,991,1,1.0,1,1,1,1983,1983,0,5,3.9,9,536600.0
-6.20198,106.83667,Downtown / CBD,1.25,0.21,Townhouse,1168,1647,3,1.5,2,2,1,1997,1997,0,4,4.6,4,549900.0
-6.2109,106.85518,Downtown / CBD,1.09,0.36,Single Family,3030,9759,4,2.0,1,2,0,1992,1992,0,2,1.95,8,1626700.0
-6.14603,106.8602,Downtown / CBD,7.15,6.45,Single Family,2671,7813,3,2.5,2,1,0,1996,1996,0,3,5.87,5,940500.0
-6.19908,106.82683,Downtown / CBD,2.35,3.84,Condominium,999,999,2,1.5,1,1,1,1996,1996,0,7,2.88,4,449500.0
-6.20993,106.82954,Downtown / CBD,1.79,1.82,Condominium,870,870,2,1.5,1,1,1,2022,2022,0,9,0.84,6,644200.0
-6.21432,106.73931,West Waterfront,11.81,0.42,Single Family,1599,4365,3,1.5,2,2,0,2012,2012,0,4,4.55,5,862600.0
-6.42927,106.91552,South Hills,25.67,2.49,Condominium,937,937,2,1.0,1,0,1,2007,2012,1,2,5.07,5,300200.0
-6.32292,106.90165,South Hills,14.11,2.14,Townhouse,1594,1873,3,1.5,3,1,0,2019,2019,0,3,5.3,7,753800.0
-6.27626,106.73068,West Waterfront,14.79,0.39,Single Family,1805,3769,3,2.5,1,2,1,1982,2022,1,5,6.68,6,1086900.0
-6.27201,106.63538,West Waterfront,24.37,8.21,Townhouse,1776,2530,3,2.0,3,1,0,1984,2023,1,3,6.31,4,676900.0
-6.27781,106.69501,West Waterfront,18.39,6.0,Luxury Villa,4215,14487,6,5.0,2,3,1,2017,2017,0,4,8.15,7,2478800.0
-6.01887,106.92599,North Suburbs,22.89,3.37,Luxury Villa,5054,30234,5,4.0,2,2,1,1977,1977,0,1,4.96,8,1922800.0
-6.31854,106.87786,South Hills,12.7,5.24,Single Family,1596,4084,4,2.5,2,3,1,1984,1984,0,5,4.18,7,720500.0
-6.24083,106.80295,Downtown / CBD,5.92,2.23,Single Family,2568,5970,3,2.5,2,2,1,2010,2010,0,7,4.81,6,1615200.0
-6.13436,106.94693,North Suburbs,13.96,4.22,Single Family,1739,5505,4,1.5,1,3,1,2022,2022,0,6,5.57,3,895100.0
-6.10958,106.81379,Tech Corridor,11.57,2.92,Luxury Villa,5027,27479,5,3.5,2,3,1,2010,2010,0,8,3.14,7,3954600.0
-6.0733,106.94303,North Suburbs,18.53,14.59,Townhouse,2142,2514,2,1.5,3,1,1,1977,1977,0,3,5.47,5,493400.0
-6.18419,106.86199,Downtown / CBD,3.28,2.53,Single Family,2178,6385,3,3.0,2,2,0,2016,2016,0,6,1.73,7,1479000.0
-6.34687,106.96753,South Hills,20.45,13.85,Single Family,2060,5098,3,2.0,2,3,0,1994,1994,0,3,5.37,3,528500.0
-6.31709,106.8757,South Hills,12.48,0.1,Condominium,901,901,2,1.5,1,0,0,2015,2015,0,4,2.8,5,379800.0
-6.32815,106.6947,West Waterfront,21.36,2.01,Townhouse,1656,1957,3,2.0,2,1,0,2011,2011,0,3,6.42,6,769300.0
-6.29642,106.87138,South Hills,10.14,1.65,Single Family,1258,2484,2,2.0,1,3,1,2019,2019,0,7,5.67,8,964600.0
-6.08673,107.01059,North Suburbs,22.78,7.95,Single Family,1253,4362,5,2.0,2,2,0,1982,1987,1,3,5.33,7,458300.0
-6.21227,106.87796,Downtown / CBD,3.61,0.23,Single Family,2261,4690,2,1.5,1,3,1,1984,1984,0,9,2.77,6,1228900.0
-6.33981,106.91396,South Hills,16.4,0.1,Luxury Villa,3553,17753,4,6.0,3,3,1,1981,1981,0,4,3.98,8,2144200.0
-6.05188,106.79811,North Suburbs,18.2,4.42,Single Family,2220,6740,4,3.0,1,2,0,1983,1983,0,3,6.26,6,810000.0
-6.19049,106.82293,Downtown / CBD,3.23,1.73,Condominium,450,450,2,1.5,1,1,0,1981,1981,0,7,4.54,6,218800.0
-6.2105,106.65883,West Waterfront,20.73,1.49,Single Family,2643,9040,3,3.0,2,2,0,2007,2018,1,3,7.58,7,1462800.0
-6.06432,106.85844,North Suburbs,16.1,2.64,Condominium,1251,1251,3,2.0,1,0,1,1975,2006,1,4,5.29,7,514800.0
-6.23019,106.88451,Downtown / CBD,4.93,5.71,Condominium,958,958,1,1.5,1,1,1,1980,1999,1,4,3.31,6,467800.0
-6.08337,106.75839,Tech Corridor,16.96,15.0,Townhouse,1130,1305,4,2.5,3,1,0,2014,2014,0,4,6.35,7,543100.0
-6.37706,106.90191,South Hills,19.7,2.24,Condominium,825,825,1,1.5,1,0,0,1986,2009,1,3,6.02,7,323000.0
-6.11143,106.82798,Tech Corridor,10.98,1.14,Single Family,2216,4723,4,2.5,2,1,1,1991,2011,1,6,3.4,10,1671500.0
-6.32376,106.87556,South Hills,13.19,2.27,Townhouse,1688,2172,2,2.0,3,2,0,2008,2008,0,4,5.25,6,744000.0
-6.13179,106.68798,Tech Corridor,19.47,9.4,Single Family,2543,5320,3,2.0,2,2,0,1997,2014,1,6,4.18,6,1070600.0
-6.07435,106.89977,North Suburbs,16.09,1.19,Single Family,2117,4875,2,1.5,2,1,1,1978,1978,0,5,5.7,5,704800.0
-5.99498,106.93493,North Suburbs,25.72,3.26,Condominium,955,955,1,1.0,1,0,1,2001,2001,0,1,8.68,3,215600.0
-6.25397,106.86939,South Hills,5.67,0.1,Townhouse,1300,1571,3,1.5,2,1,1,2014,2014,0,8,1.36,6,815400.0
-6.21561,106.6894,Tech Corridor,17.35,12.98,Condominium,784,784,2,1.0,1,2,1,2006,2006,0,6,5.87,6,327000.0
-6.16893,106.85417,Downtown / CBD,4.53,5.31,Townhouse,2319,3355,4,1.5,2,1,1,2010,2010,0,2,2.44,3,898200.0
-6.34619,106.89545,South Hills,16.22,3.03,Condominium,692,692,1,1.0,1,2,0,2010,2010,0,3,4.88,6,285700.0
-6.05116,107.00833,North Suburbs,25.15,4.66,Townhouse,2237,2496,2,2.0,2,2,0,2018,2018,0,2,5.72,2,491200.0
-6.41396,106.89654,South Hills,23.46,2.47,Townhouse,1401,2128,3,2.0,2,2,0,1991,1991,0,1,5.35,6,416300.0
-6.39442,106.91825,South Hills,22.13,1.0,Single Family,2861,6292,3,3.0,2,1,0,2023,2023,0,2,6.8,6,1130200.0
-6.19543,106.89425,North Suburbs,5.6,7.04,Luxury Villa,4615,21586,6,4.0,2,4,1,2005,2005,0,4,6.42,8,3183300.0
-6.29331,106.86878,South Hills,9.73,6.48,Luxury Villa,3941,20345,7,3.5,3,4,0,2007,2016,1,2,4.2,8,2621800.0
-6.1403,106.77846,North Suburbs,10.65,2.05,Single Family,1764,4843,3,2.5,2,2,0,2012,2012,0,6,6.24,6,1017700.0
-6.20943,106.8617,Downtown / CBD,1.79,1.29,Single Family,1852,5956,5,2.5,1,2,0,2000,2000,0,3,1.77,5,973300.0
-6.16626,106.7676,Tech Corridor,9.86,2.16,Condominium,1537,1537,2,2.0,1,0,1,2001,2001,0,6,2.19,7,714100.0
-6.03843,106.83418,Tech Corridor,18.95,10.48,Single Family,450,737,3,2.0,1,2,0,2016,2016,0,6,6.34,5,232400.0
-6.31084,106.88487,South Hills,12.14,3.02,Luxury Villa,4336,22880,5,4.0,2,3,1,1990,1990,0,6,6.62,8,2764900.0
-6.35213,106.89946,South Hills,17.0,2.26,Luxury Villa,3287,18781,6,5.0,2,3,1,1991,2003,1,5,7.27,9,2183800.0
-6.19056,106.82197,Downtown / CBD,3.31,3.02,Townhouse,1557,2243,3,2.0,3,1,0,2006,2006,0,4,3.02,9,1028200.0
-6.21314,106.77341,West Waterfront,8.03,6.08,Townhouse,1565,2112,3,2.0,2,1,1,1978,1978,0,2,4.23,5,577200.0
-6.17976,106.84799,North Suburbs,3.23,1.49,Single Family,2924,7307,3,3.0,2,2,0,1997,1997,0,8,3.64,6,1725800.0
-6.28013,106.82676,South Hills,8.19,2.8,Condominium,777,777,2,1.5,1,0,1,1998,1998,0,9,5.49,4,381700.0
-6.11521,106.7906,Tech Corridor,12.05,1.45,Townhouse,1461,1768,3,2.5,2,1,0,1999,1999,0,5,5.72,6,587100.0
-6.02697,106.84923,North Suburbs,20.19,5.91,Single Family,2110,6455,5,2.5,2,3,0,1977,1994,1,3,5.02,8,847800.0
-6.16652,106.84791,Downtown / CBD,4.7,5.42,Condominium,924,924,3,1.5,1,1,0,1975,1975,0,7,4.04,8,404200.0
-6.00079,106.96982,North Suburbs,26.89,12.14,Condominium,716,716,1,1.0,1,0,0,2016,2016,0,2,5.76,7,225400.0
-6.05996,106.81138,Tech Corridor,16.95,0.76,Single Family,1481,4069,3,2.0,1,2,1,2023,2023,0,6,6.15,8,996000.0
-6.30095,106.71754,West Waterfront,17.51,1.72,Single Family,2954,7656,3,3.0,1,1,1,1991,1991,0,6,7.12,7,1774900.0
-6.22749,106.82621,Downtown / CBD,2.99,2.62,Single Family,3181,7852,3,2.5,2,3,0,1989,1989,0,6,3.68,7,1754400.0
-6.13422,106.81484,Tech Corridor,8.95,1.66,Luxury Villa,3044,8891,4,6.0,2,3,1,1984,1984,0,8,3.51,10,2238100.0
-6.03709,106.78231,North Suburbs,20.31,0.69,Single Family,2276,7173,4,2.0,2,2,0,1977,1977,0,1,5.9,5,660200.0
-6.23604,106.83599,Downtown / CBD,3.21,1.98,Single Family,1783,5996,5,1.5,2,2,0,2004,2004,0,4,4.01,7,1168000.0
-6.15463,106.73311,Tech Corridor,13.86,0.97,Single Family,2663,6165,3,2.5,1,2,0,1981,1986,1,5,3.53,8,1277900.0
-6.12933,106.85463,Tech Corridor,8.88,0.72,Single Family,1838,3782,4,2.5,1,2,1,2005,2005,0,4,7.12,6,944500.0
-6.23464,106.85114,Downtown / CBD,2.93,3.5,Single Family,3023,10008,3,2.0,1,2,0,1990,1990,0,6,2.55,7,1719000.0
-6.17615,106.80612,Tech Corridor,5.69,1.21,Luxury Villa,6617,27653,4,5.0,2,3,1,1977,1983,1,5,3.73,7,3783500.0
-6.10236,106.86086,North Suburbs,11.94,0.51,Townhouse,1668,2248,3,2.0,3,1,1,1989,2015,1,6,4.05,8,995100.0
-6.26597,106.66773,West Waterfront,20.74,6.7,Single Family,1518,4811,4,2.0,1,1,0,1994,2014,1,4,7.15,3,639800.0
-6.05022,106.8565,North Suburbs,17.64,0.27,Condominium,943,943,2,1.0,1,1,0,1984,1984,0,3,6.26,7,333800.0
-5.97485,106.85595,North Suburbs,25.99,1.71,Single Family,2096,6619,3,2.5,1,2,0,1984,1984,0,1,10.0,7,720200.0
-6.22004,106.85163,Downtown / CBD,1.42,0.15,Single Family,2347,7593,4,1.5,2,2,1,1980,1980,0,5,1.39,6,1280000.0
-6.06044,106.85197,North Suburbs,16.48,2.74,Luxury Villa,5354,25838,5,4.0,2,4,1,2004,2004,0,4,4.82,10,3855300.0
-6.14619,106.72589,Tech Corridor,15.0,13.89,Townhouse,1632,2389,4,2.0,2,1,1,1980,1980,0,4,6.29,4,443900.0
-6.27638,106.6775,West Waterfront,20.11,6.47,Townhouse,1538,2227,3,2.5,2,1,1,2009,2009,0,2,3.45,5,610300.0
-5.93126,106.93858,North Suburbs,32.49,4.78,Single Family,1788,4441,4,1.5,1,2,0,1977,1977,0,1,6.24,7,473000.0
-6.11592,106.79087,Tech Corridor,11.97,1.71,Condominium,895,895,2,1.0,1,2,0,2017,2017,0,8,4.53,6,487500.0
-6.33545,106.87532,South Hills,14.44,1.37,Townhouse,1214,1845,4,2.0,2,1,1,1988,1988,0,3,3.82,7,501800.0
-6.10159,106.82548,Tech Corridor,12.11,1.66,Single Family,1592,5296,3,2.0,1,1,0,1995,1995,0,5,4.36,5,657600.0
-6.19374,106.74746,Tech Corridor,11.02,5.04,Townhouse,1422,2250,3,2.0,2,2,0,2004,2004,0,5,6.5,7,603200.0
-6.13401,106.86256,Tech Corridor,8.51,3.85,Townhouse,1972,2439,4,2.5,3,1,0,1997,1997,0,4,6.85,7,957200.0
-6.14393,106.85174,Tech Corridor,7.23,0.52,Luxury Villa,6255,34586,6,4.0,2,3,1,2016,2016,0,8,4.39,8,5387200.0
-6.05148,106.82129,Tech Corridor,17.67,11.73,Single Family,2515,4550,5,2.5,2,2,0,1980,1986,1,5,6.45,7,890800.0
-6.01568,106.80429,North Suburbs,21.92,2.71,Condominium,899,899,2,1.0,1,1,0,1982,2011,1,7,5.72,7,411400.0
-6.05363,106.80576,Tech Corridor,17.78,0.11,Condominium,727,727,3,2.0,1,2,1,1979,1979,0,3,5.96,5,243100.0
-6.06841,106.92857,North Suburbs,18.1,1.61,Townhouse,796,924,3,2.5,3,1,1,1993,2022,1,6,4.76,7,468200.0
-6.22293,106.87409,Downtown / CBD,3.53,2.56,Single Family,2732,4989,3,2.0,1,2,0,2000,2000,0,6,3.32,7,1385500.0
-6.30798,106.71866,West Waterfront,17.88,6.98,Condominium,1179,1179,2,1.0,1,1,0,2008,2008,0,5,5.71,8,517800.0
-6.1637,106.86735,Downtown / CBD,5.56,0.55,Townhouse,1259,1834,3,1.5,2,2,1,2001,2001,0,5,2.52,6,624300.0
-6.20931,106.77114,West Waterfront,8.27,0.42,Condominium,553,553,2,1.5,1,1,0,1984,2007,1,7,3.42,9,434700.0
-6.05191,106.97456,North Suburbs,22.54,0.42,Luxury Villa,5944,16297,4,4.0,2,2,1,1992,2006,1,4,6.65,9,3257700.0
-6.31836,106.701,West Waterfront,20.14,0.1,Condominium,809,809,2,1.5,1,0,1,2008,2008,0,2,4.96,8,415700.0
-6.32143,106.73998,West Waterfront,17.14,2.11,Condominium,847,847,3,1.5,1,1,0,2018,2018,0,6,6.32,10,591200.0
-6.07906,106.8382,North Suburbs,14.42,2.46,Townhouse,1900,2196,3,2.0,2,2,0,2020,2020,0,4,5.08,5,801700.0
-6.07606,106.89829,North Suburbs,15.85,0.86,Luxury Villa,4490,22594,4,3.5,2,2,1,1981,1993,1,5,6.29,8,2653000.0
-6.15543,106.67836,Tech Corridor,19.49,0.79,Townhouse,1484,2227,3,1.5,2,1,0,2011,2011,0,3,7.15,5,614300.0
-6.29509,106.84121,South Hills,9.59,0.19,Single Family,2430,4657,4,1.5,2,3,1,1991,1998,1,3,5.95,4,941400.0
-6.07886,106.79846,Tech Corridor,15.34,4.06,Condominium,1054,1054,2,2.0,1,0,0,2023,2023,0,4,5.26,7,492900.0
-6.22385,106.8585,Downtown / CBD,2.2,0.58,Townhouse,1352,1506,4,1.5,2,1,0,1977,2005,1,8,3.17,6,793200.0
-6.08781,106.7864,Tech Corridor,14.95,4.5,Condominium,813,813,2,1.0,1,1,1,1983,1983,0,5,5.07,5,284300.0
-6.19377,106.891,Downtown / CBD,5.31,0.81,Single Family,2807,6121,5,2.5,2,1,1,2004,2004,0,6,3.27,6,1687900.0
-6.18851,106.82967,Tech Corridor,2.86,1.89,Single Family,2393,4474,3,3.0,1,2,0,1999,1999,0,6,2.27,7,1416800.0
-6.36834,106.93014,South Hills,20.04,1.13,Single Family,2568,7576,4,3.0,2,3,0,1981,1981,0,1,4.89,8,934600.0
-5.99802,106.92827,North Suburbs,25.13,13.54,Single Family,1710,4806,3,2.0,2,3,0,1977,1977,0,5,7.76,4,457500.0
-6.15938,106.83412,Tech Corridor,5.63,0.82,Townhouse,1444,1823,3,2.0,2,2,0,2019,2019,0,7,4.39,4,733000.0
-6.20581,106.84368,Downtown / CBD,0.39,0.75,Condominium,671,671,1,1.0,1,1,0,1979,1979,0,5,5.06,8,314900.0
-6.07112,106.79754,Tech Corridor,16.19,5.43,Single Family,3080,9516,2,2.5,2,2,0,1991,2004,1,2,4.96,4,947800.0
-6.07297,106.87492,North Suburbs,15.42,0.95,Single Family,2733,8932,5,2.0,1,2,0,1999,1999,0,6,4.17,8,1454900.0
-6.22859,106.77228,West Waterfront,8.43,2.86,Condominium,808,808,2,2.0,1,1,0,2009,2009,0,5,4.81,7,497800.0
-6.19358,106.84579,Downtown / CBD,1.69,0.5,Condominium,1203,1203,2,1.0,1,1,0,2008,2008,0,5,1.88,6,645200.0
-6.36423,106.90017,South Hills,18.28,4.35,Single Family,2505,7645,4,1.5,1,2,0,1995,1995,0,7,4.96,7,1065600.0
-6.26875,106.69293,West Waterfront,18.21,0.62,Townhouse,2122,2832,3,1.5,2,1,0,2012,2012,0,6,4.52,4,866100.0
-6.12547,106.76418,Tech Corridor,12.93,0.97,Single Family,1159,2989,4,2.5,1,3,0,2008,2008,0,3,7.59,8,690000.0
-6.22655,106.84533,Downtown / CBD,1.97,1.73,Single Family,2084,5275,3,3.0,1,3,0,1978,1978,0,6,2.34,5,988800.0
-6.12109,106.7716,Tech Corridor,12.74,0.81,Luxury Villa,2588,13411,5,6.0,2,3,1,2016,2016,0,3,5.05,7,1887900.0
-6.23186,106.82257,South Hills,3.62,0.45,Single Family,1995,6532,4,2.5,1,3,0,2019,2019,0,2,4.69,8,1397000.0
-6.06495,106.91676,North Suburbs,17.81,9.36,Single Family,2393,7558,2,2.0,2,2,0,1986,1986,0,6,5.58,5,810800.0
-6.12887,106.79978,Tech Corridor,10.23,2.23,Single Family,2919,6299,3,3.0,2,2,1,1981,1995,1,1,4.85,5,1172600.0
-6.25777,106.81165,West Waterfront,6.61,0.48,Single Family,1669,3650,3,2.0,1,2,1,2017,2017,0,5,4.15,6,1179500.0
-6.39342,106.83198,South Hills,20.55,0.44,Condominium,748,748,2,1.0,1,0,1,1991,1998,1,6,6.25,5,300700.0
-6.36399,106.81038,South Hills,17.66,9.22,Single Family,1907,6209,4,2.5,2,2,0,2008,2013,1,2,8.88,6,782000.0
-6.17767,106.81411,Tech Corridor,4.92,4.66,Luxury Villa,3979,20993,6,3.5,2,4,1,2015,2015,0,5,5.56,5,2706800.0
-6.12652,106.81066,Tech Corridor,9.92,0.18,Single Family,1932,5193,4,1.5,2,2,0,1977,1977,0,4,3.4,7,755600.0
-6.23198,106.8254,Downtown / CBD,3.41,1.62,Townhouse,1543,1886,4,2.0,3,1,0,1996,1996,0,4,2.51,6,721000.0
-6.24095,106.7136,West Waterfront,15.08,8.69,Condominium,938,938,2,1.5,1,1,1,1996,2006,1,3,6.56,7,422600.0
-6.03154,106.83847,North Suburbs,19.69,10.63,Single Family,2748,9020,3,2.0,1,3,1,1984,1984,0,5,4.12,8,1115900.0
-6.10431,106.76428,Tech Corridor,14.7,4.37,Single Family,2706,7953,3,3.0,1,2,0,1978,1978,0,3,4.18,6,806900.0
-6.25048,106.83632,South Hills,4.74,1.14,Townhouse,1317,1736,2,2.5,2,2,1,1976,2015,1,5,4.29,5,838200.0
-6.37646,106.89425,South Hills,19.38,0.81,Condominium,1314,1314,1,1.0,1,2,1,2009,2009,0,5,5.94,4,456100.0
-6.19494,106.84985,Downtown / CBD,1.61,1.27,Luxury Villa,4211,19335,6,5.0,3,3,1,1976,2012,1,7,2.41,9,4091800.0
-6.18235,106.88348,Downtown / CBD,5.13,0.94,Condominium,834,834,3,1.0,1,1,0,2023,2023,0,6,2.04,6,590800.0
-6.12729,106.84428,Tech Corridor,9.05,4.8,Condominium,925,925,1,1.0,1,1,1,2002,2002,0,5,4.36,4,337800.0
-6.177,106.75489,Tech Corridor,10.67,1.22,Luxury Villa,4104,10956,5,5.0,2,3,1,1982,1982,0,4,6.12,9,1995900.0
-6.25001,106.74008,West Waterfront,12.57,8.28,Condominium,1035,1035,3,1.5,1,1,1,1986,1986,0,4,3.81,7,494900.0
-6.09887,106.81363,Tech Corridor,12.71,0.1,Condominium,1173,1173,1,1.0,1,1,1,2021,2021,0,5,5.37,8,640200.0
-6.24204,106.70208,West Waterfront,16.35,1.86,Single Family,2140,5239,4,2.0,2,2,1,2018,2018,0,7,5.99,8,1598800.0
-6.32921,106.71975,West Waterfront,19.33,8.11,Townhouse,1684,2128,2,1.5,2,1,0,1991,1991,0,2,4.09,6,599400.0
-6.01522,106.93222,North Suburbs,23.54,0.48,Condominium,1686,1686,1,1.0,1,1,1,2016,2016,0,7,7.63,7,808600.0
-6.29323,106.8597,South Hills,9.5,3.95,Condominium,597,597,2,2.0,1,0,1,1977,1987,1,5,6.86,7,247800.0
-6.25734,106.76937,West Waterfront,10.03,0.71,Luxury Villa,5573,14271,4,3.5,2,3,0,2023,2023,0,4,4.12,7,3294200.0
-6.12927,106.79489,Tech Corridor,10.47,2.44,Condominium,957,957,2,1.5,1,1,1,2011,2011,0,7,4.7,5,498100.0
-6.3606,106.9833,South Hills,22.75,15.0,Single Family,3049,9573,4,2.5,2,2,0,2004,2004,0,2,4.63,5,994000.0
-6.31341,106.74365,West Waterfront,16.21,2.56,Townhouse,1662,2126,3,2.0,2,1,0,2003,2011,1,4,5.56,5,736900.0
-6.18894,106.84103,Downtown / CBD,2.26,2.79,Single Family,1733,5780,2,1.5,2,2,0,1982,1982,0,5,3.86,6,833700.0
-6.03636,106.84937,North Suburbs,19.15,15.0,Single Family,2930,8029,4,2.5,2,2,0,2000,2000,0,4,6.3,6,1097100.0
-6.17233,106.80987,Tech Corridor,5.67,1.04,Condominium,1103,1103,1,1.0,1,1,1,1979,1979,0,6,6.88,6,485500.0
-6.23448,106.78057,West Waterfront,7.76,6.52,Condominium,1050,1050,1,2.0,1,1,1,2009,2009,0,4,5.29,4,518900.0
-6.21,106.83975,Downtown / CBD,0.66,1.24,Single Family,2068,6302,5,2.0,1,1,0,1994,1994,0,5,4.74,9,1407900.0
-6.1009,106.91135,North Suburbs,14.03,1.81,Condominium,941,941,1,1.5,1,2,0,2020,2020,0,5,4.55,4,380600.0
-6.0093,106.83164,North Suburbs,22.2,6.56,Townhouse,1231,1593,4,2.5,2,1,0,2020,2020,0,2,6.32,9,527700.0
-6.07997,106.90778,North Suburbs,15.88,0.1,Condominium,1358,1358,2,1.0,1,2,1,2008,2021,1,4,5.26,6,671500.0
-6.0182,106.97496,North Suburbs,25.57,4.73,Luxury Villa,4300,12147,6,4.0,2,3,1,1992,1992,0,6,5.66,7,2021900.0
-6.20208,106.88005,Downtown / CBD,3.9,1.38,Single Family,1689,4703,4,2.0,2,2,0,1976,2018,1,8,3.12,5,1133000.0
-6.07575,106.90999,North Suburbs,16.41,0.1,Single Family,1555,4982,4,3.0,1,2,0,2009,2009,0,7,4.24,7,932200.0
-6.15588,106.78515,Tech Corridor,8.92,0.46,Single Family,1414,3413,3,1.5,2,1,0,2019,2019,0,5,4.99,5,760200.0
-6.12887,106.75176,Tech Corridor,13.68,5.31,Single Family,2153,4800,3,2.5,1,1,0,1997,1997,0,3,5.22,7,920100.0
-6.29284,106.72038,West Waterfront,16.74,1.27,Single Family,2144,4457,3,2.0,2,2,0,2009,2009,0,3,5.64,7,1200700.0
-6.08272,106.72817,Tech Corridor,19.13,3.77,Luxury Villa,3581,13933,5,4.0,2,3,1,2013,2013,0,7,7.84,10,2751900.0
-6.10221,106.76581,Tech Corridor,14.78,1.19,Single Family,2921,7983,3,2.0,2,3,1,2019,2019,0,6,5.54,8,1811300.0
-6.25788,106.75372,Tech Corridor,11.56,0.73,Single Family,1953,6774,3,3.0,1,3,0,1978,1978,0,4,6.93,7,895800.0
-6.33669,106.8552,South Hills,14.24,4.74,Single Family,2186,7153,3,2.0,1,1,0,1987,2005,1,4,4.25,8,1146500.0
-6.30707,106.92183,South Hills,13.81,2.34,Townhouse,998,1409,3,2.0,2,1,0,1982,1982,0,7,6.16,6,363200.0
-6.40711,106.88939,South Hills,22.54,6.85,Single Family,2217,5834,2,2.5,2,2,0,1984,1984,0,3,7.27,7,740000.0
-6.22626,106.71503,West Waterfront,14.62,0.95,Condominium,702,702,2,1.5,1,0,1,2010,2010,0,6,6.96,5,403300.0
-6.12911,106.79779,Tech Corridor,10.32,1.33,Single Family,2442,5469,3,3.0,2,1,1,1978,2014,1,4,3.74,7,1326200.0
-6.13893,106.83589,Tech Corridor,7.83,2.72,Condominium,991,991,2,1.0,1,2,1,2003,2009,1,7,4.03,8,578700.0
-6.30624,106.91873,South Hills,13.52,2.07,Townhouse,1386,1910,2,2.0,2,1,0,1992,1992,0,5,6.16,5,548000.0
-6.30981,106.69064,West Waterfront,20.53,1.21,Townhouse,1666,2650,2,1.5,3,2,0,1988,1993,1,5,3.93,7,651500.0
-6.27513,106.84453,Downtown / CBD,7.36,7.37,Townhouse,1688,2605,3,2.0,3,1,1,1979,1986,1,7,6.87,5,777600.0
-6.28084,106.70733,West Waterfront,17.31,2.12,Condominium,987,987,2,2.0,1,1,1,1997,1997,0,6,5.18,5,509100.0
-6.29799,106.72702,West Waterfront,16.47,5.94,Single Family,2231,7540,3,2.0,2,2,0,1997,1997,0,4,3.87,5,964500.0
-6.19087,106.75383,West Waterfront,10.38,4.67,Condominium,1332,1332,1,1.5,1,0,0,2012,2012,0,5,4.5,7,776100.0
-6.17247,106.84043,Tech Corridor,4.07,3.69,Townhouse,1581,2492,3,2.0,3,2,0,2007,2007,0,7,4.14,4,728500.0
-6.131,106.90918,North Suburbs,11.15,0.4,Single Family,2247,5837,4,2.0,2,1,0,2017,2017,0,7,4.49,5,1192000.0
-6.06087,106.90334,North Suburbs,17.63,4.42,Single Family,2466,4671,3,2.5,2,2,1,2001,2013,1,4,4.62,7,1263600.0
-6.13723,106.80516,Tech Corridor,9.12,2.66,Luxury Villa,5567,15632,5,4.0,3,3,1,1997,2011,1,6,4.82,10,3895600.0
-6.25427,106.86992,Downtown / CBD,5.72,1.05,Townhouse,1820,2812,2,1.5,2,1,0,1992,1992,0,3,4.99,5,674100.0
-6.29639,106.68542,West Waterfront,20.26,1.72,Single Family,2959,7040,3,2.5,2,2,1,1991,2013,1,1,6.6,6,1401000.0
-6.10152,106.79573,Tech Corridor,13.13,3.89,Single Family,2196,4491,3,2.0,2,2,0,1983,1983,0,6,3.42,4,742300.0
-6.21561,106.83633,Tech Corridor,1.28,0.2,Single Family,2046,3793,2,2.0,1,3,0,1988,1988,0,6,4.12,7,1218500.0
-6.10629,106.79451,Tech Corridor,12.71,1.9,Condominium,1293,1293,2,1.5,1,1,0,1997,1997,0,7,3.31,6,558500.0
-6.33812,106.94877,South Hills,18.36,0.59,Single Family,1802,3734,3,2.5,1,1,0,1976,1982,1,4,4.66,5,605300.0
-6.20488,106.88268,Downtown / CBD,4.14,1.21,Townhouse,1883,2906,4,2.5,2,1,0,1982,2019,1,6,5.38,4,958100.0
-6.17597,106.87118,Downtown / CBD,4.62,4.29,Single Family,1358,3886,4,2.0,2,2,0,1993,1993,0,5,2.84,4,559800.0
-5.9522,107.0018,North Suburbs,33.35,1.14,Luxury Villa,5608,15721,5,3.5,3,2,1,2014,2014,0,1,5.35,10,2439500.0
-6.2896,106.89025,South Hills,10.25,3.11,Luxury Villa,4318,18233,5,3.5,3,2,1,2001,2001,0,6,6.5,6,2365100.0
-6.40852,106.96902,South Hills,26.06,1.68,Condominium,935,935,2,1.5,1,0,0,2013,2013,0,3,5.4,9,401900.0
-6.23367,106.82556,Downtown / CBD,3.55,1.29,Townhouse,1375,1859,2,2.5,2,1,0,1982,2005,1,10,2.78,6,814200.0
-6.24474,106.8658,Downtown / CBD,4.58,4.79,Single Family,2769,8753,5,2.5,2,2,1,2014,2014,0,5,3.58,8,1876400.0
-6.12645,106.82373,Tech Corridor,9.46,6.1,Condominium,1138,1138,3,1.0,1,1,0,2020,2020,0,6,5.31,5,519900.0
-6.07689,106.86027,Tech Corridor,14.73,0.79,Condominium,1066,1066,2,2.0,1,1,0,1979,2018,1,2,4.73,7,459100.0
-6.31585,106.86547,South Hills,12.09,2.09,Townhouse,1191,1430,3,1.5,2,1,0,1994,1994,0,4,4.7,6,414100.0
-6.2785,106.69366,West Waterfront,18.56,1.52,Single Family,2522,7776,3,2.0,2,1,0,2008,2008,0,7,5.43,5,1288400.0
-6.03021,106.81964,North Suburbs,20.03,0.1,Single Family,2227,5521,3,2.5,1,2,1,1990,2018,1,5,4.47,8,1244200.0
-6.30291,106.96947,South Hills,17.27,3.14,Single Family,1824,5630,5,2.0,1,2,0,2006,2006,0,4,5.39,8,915300.0
-6.19753,106.8492,Downtown / CBD,1.31,1.07,Townhouse,1772,2292,4,1.5,3,1,0,2007,2007,0,4,3.23,7,1044000.0
-6.07778,106.88623,North Suburbs,15.23,0.16,Condominium,1322,1322,2,2.0,1,1,1,1978,1978,0,1,7.42,6,366700.0
-6.20049,106.76196,West Waterfront,9.33,1.71,Condominium,1163,1163,3,1.0,1,1,1,1982,1982,0,5,3.69,8,627800.0
-6.23875,106.84886,Downtown / CBD,3.34,0.1,Luxury Villa,3513,13257,6,4.0,2,3,1,1993,1993,0,6,5.64,7,2276000.0
-6.06956,106.94436,North Suburbs,18.95,2.07,Townhouse,1725,2664,3,2.0,2,1,0,2021,2021,0,5,6.1,9,942100.0
-6.41632,106.93244,South Hills,24.97,3.71,Townhouse,2230,2594,2,2.0,2,1,0,2013,2013,0,1,5.16,8,673200.0
-6.29182,106.69576,West Waterfront,19.01,3.97,Single Family,1450,2815,2,1.5,2,3,1,2000,2014,1,1,5.69,7,791800.0
-6.19191,106.8455,Downtown / CBD,1.87,2.26,Condominium,787,787,1,1.0,1,0,0,2015,2015,0,6,4.06,6,460100.0
-6.06073,106.85961,North Suburbs,16.51,0.65,Townhouse,1689,2120,3,2.5,2,2,0,1989,1989,0,4,5.96,6,553300.0
-6.21622,106.66243,West Waterfront,20.35,5.72,Luxury Villa,2871,15695,5,3.5,2,4,1,1994,2017,1,3,6.54,9,2392500.0
-6.23399,106.86594,Downtown / CBD,3.59,3.69,Luxury Villa,3917,10095,5,4.0,2,2,1,1999,2015,1,3,4.68,10,3055200.0
-6.16426,106.79909,Tech Corridor,7.15,2.48,Townhouse,2069,2388,2,2.0,2,2,1,1991,1991,0,3,4.36,5,779800.0
-6.16231,106.74402,Tech Corridor,12.4,1.32,Luxury Villa,2491,8269,5,4.0,2,3,0,1995,2012,1,4,6.54,8,1422800.0
-6.35534,106.91896,South Hills,18.19,2.02,Townhouse,1595,2142,3,1.5,2,1,0,2014,2014,0,3,4.96,6,664900.0
-6.29142,106.75886,West Waterfront,13.3,2.06,Townhouse,2017,2777,3,2.0,2,2,0,2023,2023,0,4,5.96,4,1031500.0
-6.00601,106.83698,North Suburbs,22.53,2.1,Townhouse,1133,1263,3,2.0,2,1,0,2008,2019,1,4,6.81,5,434200.0
-6.42217,106.89722,South Hills,24.37,1.74,Single Family,1679,5640,5,2.5,2,2,0,2002,2002,0,4,6.52,6,666900.0
-6.36088,106.89328,South Hills,17.69,3.6,Townhouse,1759,2368,3,1.5,2,1,0,2002,2002,0,3,6.25,8,636100.0
-6.1442,106.88974,Downtown / CBD,8.68,3.31,Condominium,941,941,2,2.0,1,0,0,1991,2001,1,4,5.47,6,451800.0
-5.98993,106.81174,North Suburbs,24.58,5.3,Townhouse,1286,1807,3,2.5,2,2,0,1998,2023,1,4,5.31,6,504200.0
-6.33309,106.93438,South Hills,16.95,2.48,Single Family,1985,6445,3,3.0,1,2,0,1994,1994,0,4,5.98,5,828100.0
-6.26239,106.70517,West Waterfront,16.68,3.44,Luxury Villa,4593,16842,4,3.5,2,3,0,2007,2018,1,5,4.57,6,3086000.0
-6.22572,106.84854,Downtown / CBD,1.91,1.09,Townhouse,1652,2230,3,1.5,2,1,0,2022,2022,0,6,3.49,7,1135100.0
-6.24257,106.78719,West Waterfront,7.49,1.32,Townhouse,1786,2675,3,1.5,2,2,1,1986,1986,0,3,4.85,7,928600.0
-6.3236,106.77325,West Waterfront,15.06,10.73,Townhouse,1629,2299,4,1.5,2,1,0,1979,1979,0,3,3.93,7,558100.0
-6.326,106.8412,South Hills,13.02,2.74,Townhouse,1557,1975,3,2.0,2,1,0,1986,2008,1,5,3.01,5,598900.0
-6.3422,106.80683,South Hills,15.42,1.35,Single Family,1776,4122,4,3.0,1,2,1,2019,2019,0,2,5.16,7,999400.0
-6.12876,106.93734,North Suburbs,13.51,3.86,Single Family,2544,8235,2,2.0,1,2,1,2019,2019,0,8,5.49,7,1689800.0
-6.2553,106.676,West Waterfront,19.52,0.2,Single Family,2128,4736,4,1.5,1,2,0,1986,2018,1,3,4.32,5,1152900.0
-6.28361,106.66341,West Waterfront,21.86,0.21,Single Family,2028,4429,3,2.0,1,1,1,1995,1995,0,5,8.48,7,964800.0
-6.29364,106.82889,South Hills,9.6,1.12,Single Family,2627,7661,4,1.5,1,3,0,2022,2022,0,9,4.24,6,1938400.0
-6.23593,106.81201,Downtown / CBD,4.79,0.79,Single Family,2120,7408,3,3.0,1,2,0,2007,2007,0,7,3.62,7,1577500.0
-6.3111,106.70923,West Waterfront,18.92,3.17,Single Family,2058,6730,2,2.0,2,2,0,1980,1980,0,4,7.03,6,896800.0
-6.1841,106.81695,Downtown / CBD,4.2,1.69,Condominium,1444,1444,2,1.0,1,1,1,1993,2002,1,10,3.12,7,952800.0
-6.1332,106.78892,Tech Corridor,10.49,2.53,Townhouse,2289,3279,2,2.0,2,1,0,1977,2002,1,5,6.35,4,809300.0
-6.18738,106.87382,Downtown / CBD,3.93,0.4,Single Family,2144,7412,3,2.0,2,3,1,2015,2015,0,7,5.81,6,1540400.0
-6.22954,106.68216,West Waterfront,18.29,3.57,Single Family,2519,8637,3,2.0,2,2,1,1996,1996,0,3,5.42,6,1179500.0
-6.10026,106.96007,North Suburbs,17.51,1.32,Condominium,679,679,2,1.5,1,1,1,1995,1995,0,5,4.01,4,224700.0
-5.96313,106.89537,North Suburbs,27.82,2.13,Condominium,925,925,2,1.5,1,1,0,2001,2009,1,1,6.77,4,241100.0
-6.12159,106.8448,Tech Corridor,9.68,2.5,Townhouse,1359,1736,3,2.0,3,1,0,2009,2009,0,4,4.27,7,678400.0
-6.35074,106.99855,South Hills,23.16,5.75,Single Family,1478,2895,4,2.0,2,3,0,2020,2020,0,7,6.56,7,786700.0
-6.12439,106.78633,Tech Corridor,11.45,0.42,Single Family,1901,3556,3,2.5,2,2,0,2004,2004,0,4,6.25,4,680300.0
-6.0051,106.9207,North Suburbs,24.1,2.52,Single Family,2200,6555,3,2.0,1,3,0,2013,2013,0,7,8.25,7,1178900.0
-6.30889,106.65743,West Waterfront,23.66,2.21,Single Family,2776,5480,2,2.0,2,1,0,1977,1993,1,6,5.75,6,1100500.0
-6.13503,106.87615,Tech Corridor,8.86,2.31,Luxury Villa,2433,8742,7,3.5,2,3,1,2005,2005,0,2,5.52,6,1331100.0
-5.98164,107.00676,North Suburbs,30.92,4.8,Single Family,2528,5931,4,3.0,2,3,0,2015,2015,0,3,10.0,8,1041600.0
-6.14771,106.74946,Tech Corridor,12.64,5.63,Townhouse,1316,1448,3,2.5,2,1,0,2005,2005,0,5,5.91,5,577100.0
-6.35647,106.95019,South Hills,20.09,0.1,Townhouse,1124,1697,2,1.5,3,2,0,1983,1996,1,6,5.58,7,451000.0
-6.24614,106.89434,Downtown / CBD,6.82,5.4,Single Family,2381,5046,3,2.5,1,1,1,1988,1988,0,7,4.94,7,1287600.0
-6.03704,106.83019,North Suburbs,19.14,1.31,Condominium,630,630,3,1.5,1,1,0,1985,1985,0,6,4.1,6,248600.0
-6.11335,106.76922,Tech Corridor,13.57,8.77,Townhouse,1596,1773,4,2.5,2,2,1,2015,2015,0,6,5.25,7,828200.0
-6.32276,106.89061,South Hills,13.6,9.26,Townhouse,1187,1310,3,1.5,2,1,0,2022,2022,0,5,3.93,5,561200.0
-6.17528,106.88683,Downtown / CBD,5.9,2.25,Single Family,1306,3899,4,1.5,2,2,0,2022,2022,0,3,1.34,6,779100.0
-6.34009,106.90652,South Hills,16.07,0.29,Townhouse,1599,2263,2,2.5,3,1,1,1993,1993,0,6,6.39,7,764600.0
-6.08319,106.73491,North Suburbs,18.58,0.45,Condominium,486,486,2,1.5,1,1,0,1977,2013,1,5,6.03,4,201700.0
-6.26715,106.73692,West Waterfront,13.69,1.87,Townhouse,1732,2376,3,2.0,3,1,0,2016,2016,0,4,3.37,4,849800.0
-6.05328,106.94797,North Suburbs,20.67,5.56,Townhouse,1368,1711,3,2.5,3,2,0,1987,1987,0,4,6.48,5,376400.0
-6.03999,106.86673,North Suburbs,18.88,0.95,Single Family,1992,5561,3,2.0,2,2,0,1980,1980,0,3,5.05,6,591100.0
-6.20739,106.86717,Downtown / CBD,2.4,0.21,Single Family,2123,7302,3,2.5,1,2,1,1994,1994,0,6,2.5,5,1266500.0
-6.31295,106.84183,South Hills,11.57,2.36,Condominium,780,780,3,1.0,1,1,1,1985,1985,0,7,6.15,6,346700.0
-6.27772,106.67063,West Waterfront,20.87,2.92,Townhouse,1771,2662,3,2.0,3,1,0,2022,2022,0,2,4.42,7,899800.0
-6.12537,106.73565,Tech Corridor,15.32,0.38,Townhouse,1702,2596,2,1.5,2,1,0,1989,1989,0,4,6.12,7,760700.0
-6.24454,106.87505,Downtown / CBD,5.14,1.13,Single Family,2372,6831,3,2.0,1,2,0,1982,1982,0,9,3.06,8,1483000.0
-6.06085,106.83458,Tech Corridor,16.47,2.2,Townhouse,1855,2287,3,2.0,2,1,1,2023,2023,0,2,5.26,6,866600.0
-6.26131,106.88826,South Hills,7.51,0.54,Single Family,2235,7365,2,2.0,2,2,0,1988,2005,1,5,3.65,6,1131200.0
-6.04592,106.87113,North Suburbs,18.3,2.15,Condominium,734,734,1,1.0,1,0,1,2023,2023,0,2,5.23,7,333300.0
-6.20794,106.88079,Downtown / CBD,3.91,3.18,Single Family,3065,8362,4,2.0,2,1,0,2015,2015,0,5,2.75,6,1789000.0
-6.18307,106.86184,Downtown / CBD,3.38,2.17,Single Family,2098,6047,3,2.5,2,2,0,1984,1984,0,8,3.11,5,1087100.0
-6.14892,106.7661,Tech Corridor,11.05,3.15,Townhouse,1650,2347,4,2.5,3,2,0,2017,2017,0,5,4.92,5,837100.0
-6.29715,106.70312,West Waterfront,18.61,2.25,Single Family,2120,4354,2,2.0,1,2,1,1996,2022,1,5,5.06,8,1410200.0
-6.33863,106.96077,South Hills,19.26,3.0,Condominium,761,761,2,1.5,1,1,1,2003,2012,1,4,7.26,5,278900.0
-6.24793,106.85759,Downtown / CBD,4.54,1.46,Single Family,2407,4377,3,1.5,1,2,1,1997,1997,0,5,4.6,5,1119100.0
-6.23652,106.81046,West Waterfront,4.97,0.22,Condominium,1056,1056,2,1.5,1,1,1,2009,2009,0,8,5.9,7,880400.0
-6.23728,106.86094,Downtown / CBD,3.59,4.08,Condominium,1333,1333,1,1.0,1,1,1,1999,1999,0,5,3.73,7,716800.0
-6.17257,106.73346,Tech Corridor,13.08,4.71,Townhouse,1466,2038,3,2.5,2,1,0,2023,2023,0,5,4.24,8,774400.0
-6.4232,106.96628,South Hills,27.31,3.26,Townhouse,2145,2571,3,2.0,2,1,0,2023,2023,0,4,5.91,7,824900.0
-6.3021,106.6892,West Waterfront,20.21,2.5,Condominium,1085,1085,2,1.0,1,1,1,1985,2016,1,3,7.24,8,662600.0
-6.31979,106.98822,South Hills,20.06,7.46,Condominium,560,560,2,1.5,1,1,1,2000,2000,0,4,6.54,5,206000.0
-6.17584,106.87013,Downtown / CBD,4.56,1.52,Condominium,1404,1404,2,1.0,1,1,1,1990,1990,0,8,5.78,6,678200.0
-6.19767,106.86858,Downtown / CBD,2.83,1.13,Condominium,1162,1162,3,1.5,1,0,0,2001,2001,0,7,3.46,7,593900.0
-6.20887,106.76472,West Waterfront,8.98,3.05,Single Family,2200,5528,3,2.5,1,2,1,2019,2019,0,5,6.49,6,1656200.0
-6.24585,106.72884,West Waterfront,13.6,4.13,Condominium,1028,1028,1,1.5,1,2,0,2016,2016,0,6,3.79,5,599300.0
-6.131,106.74713,Tech Corridor,13.93,1.44,Single Family,1454,4778,3,2.5,2,2,0,1982,1982,0,5,6.66,7,656400.0
-6.17047,106.84645,Downtown / CBD,4.26,0.21,Condominium,1275,1275,3,2.0,1,2,1,1986,1986,0,6,2.52,6,554200.0
-6.21023,106.96057,South Hills,12.76,9.72,Single Family,2384,6105,2,2.5,1,2,0,2023,2023,0,8,3.91,5,1337100.0
-6.19101,106.84939,Downtown / CBD,2.02,0.44,Single Family,1632,4150,4,2.5,1,2,0,2010,2010,0,6,4.66,3,867700.0
-6.23808,106.96633,South Hills,13.79,1.07,Single Family,2196,5245,3,2.5,1,2,0,2003,2011,1,7,4.78,5,1036400.0
-6.16357,106.79445,Tech Corridor,7.58,3.17,Single Family,997,2136,3,2.0,1,2,0,2015,2015,0,6,4.34,6,593700.0
-6.24546,106.81023,Downtown / CBD,5.65,1.62,Single Family,2015,4982,3,2.5,2,2,0,1998,1998,0,5,3.21,4,917200.0
-6.251,106.87563,Downtown / CBD,5.75,4.24,Single Family,2046,4908,4,1.5,2,3,0,1989,2018,1,4,4.37,5,1059500.0
-6.22966,106.70153,West Waterfront,16.16,2.32,Townhouse,1178,1517,3,2.0,2,1,0,1979,1979,0,4,5.71,6,426400.0
-6.15853,106.84224,Tech Corridor,5.59,7.75,Single Family,967,2139,4,2.0,1,2,0,1976,1976,0,9,4.57,6,429100.0
-6.09362,106.87121,North Suburbs,13.1,0.53,Luxury Villa,2976,9758,4,4.0,2,2,1,2004,2004,0,8,4.42,9,1975300.0
-6.14086,106.96861,North Suburbs,15.6,1.23,Single Family,2820,9803,3,2.5,1,2,0,2019,2019,0,4,7.96,8,1685100.0
-6.25604,106.73117,West Waterfront,13.74,3.7,Single Family,773,1699,3,2.5,1,3,0,1992,1992,0,5,4.45,7,452100.0
-5.98549,106.9307,North Suburbs,26.53,8.25,Single Family,1455,3922,3,3.0,2,3,1,2013,2013,0,5,6.29,4,605900.0
-5.9906,106.90725,North Suburbs,25.17,1.56,Single Family,2517,5899,3,2.5,2,2,0,2016,2016,0,4,6.72,5,1040100.0
-6.00975,106.8823,North Suburbs,22.47,1.5,Townhouse,2198,3157,3,2.0,2,2,0,2012,2012,0,5,6.11,8,1020600.0
-6.10408,107.01116,North Suburbs,21.74,6.57,Condominium,796,796,2,1.0,1,1,1,1993,1993,0,4,5.84,6,225300.0
-6.20496,106.86341,Downtown / CBD,2.02,5.91,Townhouse,1809,2761,3,2.0,3,1,0,1999,1999,0,5,4.77,5,795800.0
-6.2662,106.82492,Downtown / CBD,6.77,5.16,Single Family,2407,6962,4,3.0,1,2,0,2005,2005,0,4,4.13,6,1256700.0
-6.23073,106.86899,Downtown / CBD,3.56,3.93,Luxury Villa,5628,23796,5,4.0,3,3,1,2014,2014,0,4,4.24,7,4395100.0
-6.17113,106.79816,Downtown / CBD,6.72,1.52,Single Family,1596,3482,3,2.0,2,1,0,1999,1999,0,8,3.21,6,847600.0
-5.96238,106.87107,North Suburbs,27.5,2.08,Condominium,727,727,2,1.0,1,1,1,1995,2014,1,6,6.58,6,275600.0
-6.2261,106.84312,Downtown / CBD,1.94,0.19,Condominium,985,985,1,1.0,1,1,0,1977,1977,0,8,3.86,4,340300.0
-6.18912,106.67957,West Waterfront,18.56,0.3,Condominium,914,914,2,1.0,1,2,1,1994,2012,1,3,5.91,6,497300.0
-6.19337,106.83808,Downtown / CBD,1.91,0.99,Single Family,1441,3376,4,2.5,2,2,0,1978,1978,0,7,3.37,7,715000.0
-5.9346,106.94628,North Suburbs,32.42,0.1,Single Family,2652,8491,3,2.0,1,1,0,1981,1981,0,1,7.94,6,731500.0
-6.25671,106.78638,West Waterfront,8.46,3.6,Luxury Villa,4017,18022,7,4.0,2,2,1,1977,1977,0,5,5.38,8,2404800.0
-6.19339,106.82571,Downtown / CBD,2.79,0.15,Townhouse,1579,1814,3,2.5,3,1,0,2010,2010,0,6,3.55,6,954800.0
-6.00461,106.86782,North Suburbs,22.8,3.26,Condominium,1275,1275,1,2.0,1,0,0,1987,1992,1,4,5.64,8,459400.0
-6.22541,106.88429,Downtown / CBD,4.67,5.49,Condominium,887,887,1,1.0,1,1,1,2009,2009,0,4,3.67,8,473000.0
-6.07329,106.9859,North Suburbs,21.65,8.86,Single Family,1959,6168,3,2.0,2,3,1,2015,2015,0,4,6.38,6,952700.0
-6.32469,106.92009,South Hills,15.29,6.89,Single Family,3164,6821,3,2.0,2,3,0,2014,2014,0,4,5.38,9,1633500.0
-6.09735,106.90562,North Suburbs,14.05,0.1,Single Family,1881,6441,2,2.0,1,3,0,2016,2016,0,6,4.5,7,1198500.0
-6.26636,106.83988,Downtown / CBD,6.42,4.34,Single Family,2465,4596,4,2.5,1,1,0,2009,2009,0,4,3.88,5,1115100.0
-6.28383,106.67586,West Waterfront,20.6,3.64,Single Family,1159,2706,5,3.0,1,2,0,1999,2014,1,4,6.65,6,630500.0
-6.20752,106.68065,West Waterfront,18.31,6.34,Single Family,3242,7766,3,3.0,1,2,0,1978,1995,1,1,8.7,6,1299000.0
-6.10631,106.774,Tech Corridor,13.88,0.82,Single Family,1620,5474,4,2.0,2,2,0,2004,2004,0,3,7.36,5,662700.0
-6.08911,106.80269,Tech Corridor,14.11,4.07,Single Family,2474,5066,2,2.0,1,3,1,1997,2003,1,6,6.66,3,1001900.0
-6.13922,106.95816,North Suburbs,14.69,5.72,Single Family,1803,3282,3,2.0,2,2,1,2006,2012,1,6,6.46,9,1144300.0
-6.05048,106.83243,North Suburbs,17.63,1.04,Luxury Villa,2211,6976,4,3.5,3,3,1,2007,2014,1,4,7.72,9,1480600.0
-6.17377,106.81926,Downtown / CBD,4.87,2.69,Condominium,582,582,2,2.0,1,1,1,1978,2002,1,6,3.92,5,354600.0
-6.17807,106.77251,Tech Corridor,8.8,4.4,Luxury Villa,5494,17689,5,3.5,2,3,1,2003,2003,0,7,2.77,8,3966700.0
-6.35685,106.85931,South Hills,16.5,4.95,Townhouse,2231,2614,3,2.0,2,1,0,2012,2012,0,2,6.31,7,901500.0
-5.97552,107.00681,North Suburbs,31.48,1.79,Single Family,2768,9416,4,2.0,1,2,0,1984,1996,1,2,8.64,4,757300.0
-6.30777,106.91483,South Hills,13.41,10.04,Single Family,2699,8929,5,2.5,2,2,0,1991,2007,1,4,7.84,6,1261600.0
-6.28237,106.70994,West Waterfront,17.13,4.15,Single Family,1403,3488,2,2.5,1,3,1,2010,2010,0,5,4.17,6,810600.0
-6.11014,106.76314,Tech Corridor,14.27,0.1,Townhouse,1724,2748,2,2.0,2,1,0,2008,2023,1,4,3.32,9,847600.0
-6.23916,106.83556,Downtown / CBD,3.55,0.81,Single Family,1296,2960,5,2.5,1,2,0,1990,1996,1,4,3.96,10,739800.0
-6.19396,106.71356,West Waterfront,14.75,2.79,Condominium,927,927,3,1.0,1,2,1,1991,1991,0,8,5.54,6,519000.0
-6.18834,106.81365,Downtown / CBD,4.21,2.69,Luxury Villa,4715,24339,4,5.0,2,4,1,2012,2012,0,7,5.18,8,3882300.0
-6.33591,106.76067,West Waterfront,16.97,1.83,Single Family,1890,6277,3,2.5,2,1,0,1983,2010,1,3,7.66,4,830200.0
-6.25307,106.72182,West Waterfront,14.59,0.1,Townhouse,1745,2691,3,2.5,3,1,0,1993,1993,0,5,7.09,7,961200.0
-6.13755,106.74233,Tech Corridor,13.93,2.74,Single Family,1217,2915,2,2.0,1,2,0,2019,2019,0,3,6.04,7,594400.0
-6.18822,106.8125,Downtown / CBD,4.33,0.85,Single Family,3055,7624,3,2.0,2,1,0,2019,2019,0,8,2.46,5,1731400.0
-6.21339,106.74584,West Waterfront,11.08,0.1,Townhouse,1365,1895,3,2.0,2,2,1,1985,2020,1,4,5.23,6,960500.0
-6.19668,106.8144,Downtown / CBD,3.72,0.69,Townhouse,1855,2779,3,2.0,2,1,0,1997,1997,0,5,4.05,8,1176600.0
-6.04481,106.93126,North Suburbs,20.54,6.45,Condominium,1392,1392,1,1.5,1,0,1,1998,1998,0,2,8.36,7,412000.0
-6.25702,106.8411,Downtown / CBD,5.38,1.58,Luxury Villa,3322,8386,5,3.5,3,3,1,2012,2012,0,8,4.28,6,2279000.0
-6.33116,106.89659,South Hills,14.71,4.58,Townhouse,1569,1777,2,1.5,2,1,0,1987,1987,0,5,6.7,7,553000.0
-6.00037,107.04481,North Suburbs,32.0,0.42,Luxury Villa,3367,9759,4,4.0,2,3,1,2014,2014,0,4,6.51,5,1357600.0
-6.1934,106.83971,Downtown / CBD,1.83,0.22,Luxury Villa,5178,16228,5,3.5,2,3,1,2002,2022,1,8,3.4,9,5546900.0
-6.32136,106.82241,South Hills,12.76,2.4,Condominium,1093,1093,2,1.0,1,0,1,1994,1994,0,5,4.91,5,433700.0
-6.03365,106.88289,North Suburbs,19.88,7.14,Condominium,828,828,1,1.0,1,1,1,1984,1984,0,2,5.81,8,265200.0
-6.31141,106.90089,South Hills,12.94,0.94,Single Family,1913,5358,3,1.5,1,3,1,2010,2010,0,5,6.41,6,1052700.0
-6.06105,106.90729,North Suburbs,17.77,1.11,Luxury Villa,4661,18633,5,3.5,2,2,1,2012,2012,0,3,5.54,9,2777200.0
-6.08232,106.88142,North Suburbs,14.59,4.15,Single Family,3197,9772,4,2.0,1,2,0,1995,1995,0,5,5.16,7,1389800.0
-6.29871,106.97868,South Hills,17.83,2.12,Townhouse,1239,1396,4,2.0,2,2,0,1981,1996,1,3,4.34,5,415300.0
-6.23462,106.91978,South Hills,8.72,0.68,Single Family,2428,5780,3,2.5,2,2,0,2004,2022,1,6,4.02,5,1361400.0
-6.09333,106.79464,Tech Corridor,14.01,2.03,Luxury Villa,4460,18019,6,4.0,2,2,1,1989,1989,0,4,3.51,8,2139100.0
-6.17822,106.78557,Tech Corridor,7.48,3.49,Luxury Villa,6972,27271,6,3.5,2,4,1,1985,1985,0,7,2.84,10,4953000.0
-6.20563,106.73561,West Waterfront,12.21,3.78,Condominium,1047,1047,1,1.0,1,1,0,1989,2009,1,6,5.33,6,573800.0
-6.32652,106.90395,South Hills,14.58,4.84,Single Family,1704,4956,4,1.5,1,1,0,1998,2019,1,4,7.41,6,858200.0
-6.21295,106.87334,Downtown / CBD,3.11,1.99,Single Family,1784,5829,3,2.0,1,2,1,2013,2013,0,4,3.71,6,1140500.0
-6.01671,106.98154,North Suburbs,26.12,2.27,Single Family,2072,6822,5,3.0,1,2,0,1985,1993,1,2,7.94,5,707000.0
-6.27091,106.70682,West Waterfront,16.88,1.92,Condominium,973,973,2,1.0,1,0,0,2003,2015,1,2,6.59,4,403800.0
-6.07798,106.85119,Tech Corridor,14.53,4.76,Single Family,1888,6340,2,2.5,1,1,0,2012,2012,0,4,4.47,6,853600.0
-6.22386,106.80051,Downtown / CBD,5.28,3.82,Townhouse,1364,2068,2,1.5,3,1,0,1981,1989,1,4,4.81,6,544800.0
-6.29816,106.72362,West Waterfront,16.78,1.54,Single Family,2011,5781,3,2.0,2,3,0,1975,1975,0,3,6.27,5,755700.0
-6.35723,106.91441,South Hills,18.16,3.28,Single Family,1402,2957,3,1.5,2,2,0,1993,2005,1,4,6.51,5,572600.0
-6.25544,106.6729,West Waterfront,19.86,0.45,Condominium,861,861,1,1.0,1,1,1,2010,2010,0,2,5.17,6,401300.0
-6.10884,106.74245,Tech Corridor,15.94,4.21,Condominium,730,730,1,1.0,1,1,0,1987,1987,0,4,6.5,5,187100.0
-6.05996,106.85454,North Suburbs,16.55,1.22,Condominium,1061,1061,3,1.0,1,2,1,1992,1992,0,3,7.52,8,410700.0
-6.22313,106.75796,Downtown / CBD,9.86,0.79,Luxury Villa,2758,11372,4,5.0,2,3,1,1990,2018,1,5,4.98,7,1757600.0
-6.09117,106.77511,Tech Corridor,15.22,0.75,Single Family,1622,5308,3,3.0,1,3,0,2020,2020,0,6,5.32,5,904800.0
-6.09645,107.03685,North Suburbs,24.62,10.04,Luxury Villa,5124,27994,4,4.0,2,3,1,2015,2015,0,1,7.65,7,2380700.0
-6.22703,106.86806,South Hills,3.21,0.66,Single Family,2461,6597,3,2.5,2,3,0,1998,2021,1,9,4.86,6,1784700.0
-6.39192,106.73539,West Waterfront,23.72,3.77,Condominium,1247,1247,2,1.0,1,0,1,1989,1989,0,1,7.02,7,443900.0
-6.00776,106.95713,North Suburbs,25.52,1.65,Single Family,1419,4017,2,3.0,2,3,1,1996,1996,0,4,5.93,7,659000.0
-6.20013,106.85062,Tech Corridor,1.11,0.1,Luxury Villa,5145,30661,5,6.0,3,4,1,1979,1994,1,2,5.34,6,3116400.0
-6.15252,106.90167,North Suburbs,8.82,1.76,Condominium,450,450,2,1.5,1,1,1,1985,1985,0,8,2.56,6,266600.0
-6.18926,106.87245,Downtown / CBD,3.69,0.72,Townhouse,1306,1542,4,2.5,3,1,0,1982,1982,0,6,4.57,7,545500.0
-6.21103,106.83272,Downtown / CBD,1.45,0.71,Single Family,2032,5687,4,1.5,2,2,1,2015,2015,0,7,4.74,4,1235700.0
-6.14475,106.70385,Tech Corridor,17.27,2.35,Single Family,2387,5559,4,2.0,1,2,1,1994,1994,0,4,9.04,8,1151200.0
-6.1464,106.98706,North Suburbs,17.16,4.37,Luxury Villa,3790,22516,5,4.0,3,4,1,2016,2016,0,7,4.81,9,3175900.0
-6.28701,106.91097,South Hills,11.31,1.61,Single Family,2271,5562,4,2.0,2,2,0,1983,1983,0,5,5.84,6,903700.0
-6.24166,106.76662,South Hills,9.5,2.22,Single Family,927,2916,5,2.0,2,2,0,1997,2007,1,7,4.13,5,488900.0
-6.23486,106.64683,West Waterfront,22.25,6.24,Condominium,871,871,2,1.5,1,0,0,1975,1975,0,2,5.26,7,285900.0
-5.99379,107.00121,North Suburbs,29.46,1.36,Condominium,1042,1042,2,2.0,1,1,1,2023,2023,0,2,7.48,7,469000.0
-6.0585,106.93243,North Suburbs,19.27,14.81,Single Family,2267,4196,4,3.0,1,2,1,2017,2017,0,4,6.19,6,858500.0
-6.14225,106.86809,Tech Corridor,7.8,0.87,Single Family,1678,4276,3,2.5,2,2,0,1992,1992,0,6,3.63,5,809000.0
-6.19642,106.91879,Downtown / CBD,8.24,11.62,Condominium,597,597,2,1.5,1,0,1,2016,2016,0,4,7.07,8,349200.0
-6.23808,106.75326,West Waterfront,10.75,0.36,Condominium,739,739,2,1.5,1,0,1,1989,1989,0,4,4.99,7,338200.0
-6.1547,106.71269,West Waterfront,15.93,2.21,Single Family,1793,5011,4,2.0,2,2,0,1987,1987,0,3,4.54,7,858300.0
-6.26302,106.73899,West Waterfront,13.28,1.93,Single Family,2297,5904,4,2.0,1,2,0,2018,2018,0,3,2.08,5,1183300.0
-6.15799,106.78183,Tech Corridor,9.05,4.75,Luxury Villa,5085,28222,5,5.0,2,2,0,2021,2021,0,5,3.79,9,4332700.0
-6.32245,106.88023,South Hills,13.19,13.12,Single Family,2190,4659,2,2.5,2,2,0,2020,2020,0,4,3.89,5,1014400.0
-6.20849,106.83611,Downtown / CBD,1.05,1.06,Townhouse,1429,1797,3,2.5,3,2,0,2008,2008,0,5,3.19,6,809100.0
-6.16266,106.85991,Downtown / CBD,5.36,0.52,Townhouse,1457,1943,3,1.5,2,1,0,1983,1983,0,3,3.78,6,525400.0
-5.98716,106.89841,North Suburbs,25.29,3.38,Condominium,884,884,2,1.0,1,0,0,1983,1983,0,5,6.39,5,227000.0
-6.15045,106.71502,Tech Corridor,15.88,2.09,Single Family,2250,6276,5,3.0,2,2,1,2006,2006,0,6,6.43,5,1179900.0
-6.17342,106.83464,Downtown / CBD,4.11,6.19,Townhouse,1547,2072,4,2.0,3,1,0,1993,2017,1,4,3.88,6,967200.0
-6.14068,106.84745,Downtown / CBD,7.56,0.57,Single Family,3079,8108,3,2.0,1,1,1,1980,1980,0,4,4.39,5,1224000.0
-6.15052,106.79402,Tech Corridor,8.64,0.98,Townhouse,1976,2390,3,2.0,2,1,1,1975,1975,0,5,5.22,7,803200.0
-6.25856,106.79011,West Waterfront,8.27,1.42,Single Family,1762,4657,3,2.5,2,2,0,1996,1996,0,6,4.42,6,1042600.0
-6.29309,106.66644,West Waterfront,21.98,3.93,Single Family,1660,5148,4,2.0,1,3,1,1983,1983,0,5,9.9,5,729300.0
-6.28752,106.94182,South Hills,13.8,3.04,Single Family,2448,6810,3,2.5,1,3,0,1990,2018,1,5,5.67,5,1264800.0
-6.13328,106.84317,Tech Corridor,8.39,1.52,Single Family,1760,4567,3,3.0,1,3,0,1989,1989,0,6,3.93,4,784100.0
-6.34844,106.74043,West Waterfront,19.4,11.2,Townhouse,1713,1947,4,2.0,2,2,0,2008,2008,0,4,7.81,6,730600.0
-5.92833,106.92524,North Suburbs,32.36,0.64,Condominium,1061,1061,2,1.0,1,2,1,1993,1993,0,2,7.82,5,301800.0
-6.25672,106.70604,West Waterfront,16.38,9.24,Single Family,2416,6861,3,3.0,2,1,0,2023,2023,0,3,6.28,5,1148600.0
-6.21013,106.77169,West Waterfront,8.21,0.15,Single Family,1772,3754,4,3.0,1,3,1,2005,2005,0,6,1.23,7,1312600.0
-6.08813,106.93275,North Suburbs,16.52,0.73,Condominium,671,671,2,1.0,1,0,1,2021,2021,0,4,3.56,7,368300.0
-6.10367,106.81123,Tech Corridor,12.28,3.1,Single Family,2144,4683,3,1.5,1,2,1,2016,2016,0,1,4.56,8,1043600.0
-6.22012,106.80979,Tech Corridor,4.17,0.1,Condominium,1194,1194,1,1.0,1,1,1,1986,1986,0,8,4.5,5,526700.0
-6.09048,106.76988,Tech Corridor,15.59,2.11,Single Family,1885,4888,4,3.0,1,1,1,1992,1992,0,6,4.41,6,864500.0
-6.18792,106.65747,West Waterfront,21.01,15.0,Single Family,2151,7294,3,2.0,2,1,1,2004,2010,1,5,5.52,7,1206000.0
-6.34215,106.91059,South Hills,16.47,2.32,Townhouse,1592,2425,3,1.5,2,2,0,1998,1998,0,6,6.67,7,729600.0
-6.30281,106.98734,South Hills,18.88,0.82,Single Family,2211,4893,4,2.0,1,3,1,2008,2022,1,4,3.2,5,999900.0
-6.13035,106.89029,North Suburbs,10.02,0.47,Condominium,876,876,1,1.5,1,1,1,2009,2009,0,8,4.7,8,529800.0
-6.25763,106.90214,Downtown / CBD,8.29,0.69,Condominium,849,849,2,1.5,1,2,1,2015,2015,0,8,3.97,8,609600.0
-6.20663,106.67208,West Waterfront,19.26,0.82,Townhouse,1667,2639,4,2.0,2,1,0,2019,2019,0,1,4.15,6,796200.0
-6.31354,106.92024,South Hills,14.28,1.32,Single Family,2249,4055,3,1.5,2,2,0,2023,2023,0,3,5.94,5,854100.0
-6.2033,106.8768,Downtown / CBD,3.52,1.18,Luxury Villa,5123,26554,7,5.0,2,2,1,2014,2014,0,8,3.73,8,4940900.0
-6.14826,106.77644,Tech Corridor,10.2,0.1,Townhouse,821,1171,3,1.5,3,2,0,1999,1999,0,4,6.65,4,320600.0
-6.10102,106.93946,North Suburbs,15.86,2.41,Condominium,968,968,2,1.0,1,1,0,1988,1988,0,6,6.06,5,361000.0
-6.16476,106.73938,Tech Corridor,12.76,0.29,Single Family,3009,6227,3,2.0,2,2,0,2000,2000,0,5,4.32,6,1316300.0
-6.20272,106.7083,West Waterfront,15.25,11.4,Condominium,773,773,2,1.5,1,1,0,1984,1998,1,5,4.3,8,414600.0
-6.23035,106.80459,Downtown / CBD,5.14,0.87,Luxury Villa,5962,19277,4,6.0,3,4,1,1993,2001,1,7,5.33,9,4956300.0
-6.1984,106.95011,South Hills,11.66,0.1,Townhouse,1175,1651,3,2.0,2,1,0,1990,1990,0,4,5.18,8,568300.0
-6.28164,106.90219,South Hills,10.24,0.16,Single Family,1550,5278,3,1.5,2,2,0,1992,1992,0,6,4.93,6,747600.0
-6.25132,106.75597,West Waterfront,11.01,2.15,Townhouse,1530,2307,3,2.5,2,1,0,1977,1993,1,8,3.62,7,896600.0
-6.09324,106.77889,Tech Corridor,14.81,0.1,Condominium,1042,1042,1,2.0,1,1,1,2014,2014,0,4,6.12,5,421700.0
-6.11964,106.81875,Tech Corridor,10.34,1.92,Condominium,966,966,1,2.0,1,1,0,2006,2015,1,3,4.39,7,486900.0
-6.20665,106.81344,Downtown / CBD,3.58,2.21,Luxury Villa,4491,26824,5,4.0,2,2,1,2014,2014,0,7,3.26,7,3836800.0
-6.18626,106.90122,Downtown / CBD,6.66,1.23,Luxury Villa,4615,21072,5,5.0,2,3,0,2020,2020,0,9,3.49,7,4018600.0
-6.20741,106.80034,West Waterfront,5.03,0.75,Single Family,2536,7400,3,2.5,2,2,1,1996,1996,0,5,1.84,3,1196300.0
-6.22366,106.71632,West Waterfront,14.45,3.68,Condominium,946,946,2,1.0,1,2,1,1998,1998,0,2,4.65,5,402200.0
-6.34415,106.91962,South Hills,17.12,15.0,Single Family,1573,3373,4,2.5,2,2,0,2020,2020,0,2,5.89,7,672400.0
-6.09213,106.73783,Tech Corridor,17.63,0.31,Single Family,2566,8872,3,2.0,1,3,0,2012,2012,0,4,3.85,6,1209200.0
-6.04168,106.8675,North Suburbs,18.71,4.61,Single Family,2061,3804,3,2.0,1,3,0,1991,1991,0,7,4.3,6,857600.0
-6.35175,106.64604,West Waterfront,27.25,1.75,Single Family,2723,5018,5,2.0,2,2,0,2010,2010,0,5,6.27,6,1124500.0
-6.21014,106.7139,West Waterfront,14.62,0.65,Townhouse,1033,1471,3,1.5,3,2,0,2020,2020,0,2,5.47,8,669800.0
-6.18618,106.72941,Tech Corridor,13.14,1.91,Single Family,2558,5861,5,2.0,1,2,0,1991,1991,0,5,4.54,5,1011500.0
-6.18603,106.85362,Tech Corridor,2.68,0.1,Condominium,739,739,1,1.0,1,0,1,1998,2010,1,9,6.13,5,410400.0
-6.20257,106.84905,Downtown / CBD,0.79,1.09,Condominium,1126,1126,3,2.0,1,1,1,2000,2000,0,8,5.34,6,788300.0
-6.20065,106.8408,Downtown / CBD,1.05,1.17,Condominium,1383,1383,2,1.5,1,1,1,2022,2022,0,5,4.02,7,886400.0
-6.27318,106.71452,West Waterfront,16.21,0.21,Single Family,2424,6227,3,2.0,2,1,0,1984,1984,0,6,7.59,7,1022000.0
-6.11563,106.69866,Tech Corridor,19.31,6.22,Single Family,1890,4542,2,2.5,2,2,0,1996,1996,0,5,7.06,6,722600.0
-6.32089,106.70073,West Waterfront,20.33,0.61,Single Family,1966,4243,4,1.5,2,2,1,1997,2007,1,3,4.21,4,822300.0
-6.11806,106.83487,Tech Corridor,10.14,1.75,Townhouse,1300,1651,3,2.5,3,2,0,2022,2022,0,3,2.86,7,651300.0
-6.02694,106.8979,North Suburbs,21.0,3.08,Townhouse,2580,3327,2,1.5,3,2,0,2007,2007,0,1,7.04,5,708700.0
-6.05058,106.94076,North Suburbs,20.49,0.45,Condominium,1028,1028,1,1.0,1,1,0,1998,1998,0,2,5.46,7,315400.0
-6.26263,106.7125,West Waterfront,15.94,0.1,Single Family,2259,7854,3,2.0,2,1,0,2004,2004,0,9,6.46,5,1356100.0
-6.19555,106.91106,North Suburbs,7.41,3.07,Single Family,1878,6372,5,2.0,2,1,1,1991,1991,0,8,4.14,4,935400.0
-6.13376,106.76495,Tech Corridor,12.23,2.78,Single Family,2489,5646,4,2.0,2,1,0,2015,2015,0,8,5.43,7,1416800.0
-6.09962,106.73108,Tech Corridor,17.56,2.97,Luxury Villa,4393,24915,7,5.0,2,3,0,2008,2008,0,5,7.52,7,2600900.0
-6.22544,106.70895,West Waterfront,15.28,1.11,Luxury Villa,3619,13357,6,6.0,2,3,1,1997,2022,1,4,5.53,9,3087800.0
-6.22813,106.67206,West Waterfront,19.38,2.64,Luxury Villa,4634,11623,4,4.0,2,2,1,1994,1994,0,3,6.82,7,2250000.0
-6.22435,106.9079,Downtown / CBD,7.13,0.83,Single Family,2281,6642,4,2.0,2,3,1,2018,2018,0,6,3.27,6,1584600.0
-6.18904,106.81287,Downtown / CBD,4.24,0.16,Condominium,1164,1164,2,1.5,1,0,1,1975,1975,0,5,6.32,6,461400.0
-6.37825,106.91269,South Hills,20.23,1.25,Condominium,856,856,2,2.0,1,0,0,2017,2017,0,5,6.02,6,363300.0
-6.16483,106.86129,Downtown / CBD,5.18,1.14,Condominium,466,466,2,2.0,1,0,1,1981,1981,0,8,5.83,5,214700.0
-6.07261,106.83613,North Suburbs,15.15,8.04,Townhouse,1542,2114,4,2.5,2,1,0,2016,2016,0,5,6.47,6,657200.0
-6.36015,106.78008,South Hills,18.31,1.9,Luxury Villa,4195,19541,5,3.5,2,3,1,1981,1981,0,3,5.35,6,1602200.0
-6.32524,106.71134,West Waterfront,19.73,6.57,Single Family,1864,4320,3,1.5,1,2,1,2011,2011,0,4,7.39,5,877200.0
-6.10421,106.85827,Tech Corridor,11.69,0.16,Luxury Villa,4119,11698,6,5.0,2,3,1,1982,1988,1,4,3.83,8,2192800.0
-6.15495,106.89234,North Suburbs,7.91,0.1,Townhouse,1191,1530,3,1.5,2,1,0,2015,2015,0,8,4.96,8,811500.0
-6.16741,106.81001,North Suburbs,6.06,1.44,Single Family,2401,4481,3,2.0,2,2,0,2018,2018,0,4,4.68,6,1373000.0
-6.22838,106.85144,Downtown / CBD,2.27,0.5,Luxury Villa,4567,26241,4,3.5,2,4,1,2011,2011,0,6,2.25,6,3899400.0
-6.14579,106.76805,Tech Corridor,11.09,1.34,Townhouse,1476,2144,3,2.5,2,1,0,1996,2020,1,5,5.55,5,724700.0
-6.18313,106.91406,North Suburbs,8.12,0.4,Single Family,552,1021,2,2.0,1,3,1,1989,1989,0,5,3.37,7,309300.0
-6.18801,106.72883,West Waterfront,13.17,4.78,Single Family,2390,4460,5,2.5,2,2,1,2018,2018,0,7,5.33,7,1727700.0
-6.28785,106.75216,West Waterfront,13.59,3.6,Single Family,1943,3854,3,2.5,2,2,0,1983,1983,0,8,2.93,5,865900.0
-6.08767,106.73254,Tech Corridor,18.39,4.99,Townhouse,2095,3310,2,2.5,2,2,0,1981,2015,1,5,4.37,7,935800.0
-6.24247,106.68137,West Waterfront,18.61,1.66,Townhouse,1725,1904,4,2.0,2,1,0,1990,1990,0,4,4.15,5,618800.0
-6.31359,106.97714,South Hills,18.67,1.31,Single Family,1334,2964,4,2.5,1,2,0,2018,2018,0,3,5.11,6,578100.0
-6.19128,106.82131,Downtown / CBD,3.32,3.02,Townhouse,1773,2830,3,1.5,2,1,1,2011,2011,0,4,3.02,7,1099100.0
-6.27069,106.6457,West Waterfront,23.23,0.72,Townhouse,1523,2427,2,1.5,2,1,1,1991,1991,0,3,5.83,6,662600.0
-6.08798,106.87925,North Suburbs,13.92,2.28,Single Family,1629,5521,3,1.5,2,2,0,2006,2006,0,10,5.95,7,891400.0
-6.25642,106.72179,West Waterfront,14.72,2.05,Single Family,1038,2902,3,3.0,2,1,1,2014,2014,0,5,4.77,8,802600.0
-5.97491,106.94111,North Suburbs,28.04,3.91,Single Family,2036,4306,2,2.0,2,2,1,2023,2023,0,3,6.37,5,795000.0
-6.25885,106.77749,West Waterfront,9.38,0.86,Single Family,2674,6644,4,2.0,2,3,0,2013,2013,0,5,3.95,6,1697200.0
-6.18614,106.84195,Downtown / CBD,2.55,0.1,Single Family,2604,4803,4,2.0,2,2,0,1990,2017,1,5,4.32,7,1773100.0
-6.20527,106.72415,West Waterfront,13.49,0.96,Condominium,852,852,2,1.5,1,1,0,1988,1988,0,5,4.39,7,421200.0
-6.17932,106.81357,Downtown / CBD,4.83,2.28,Condominium,1072,1072,1,1.5,1,1,1,2012,2012,0,5,2.72,6,622400.0
-6.02931,106.80012,Tech Corridor,20.55,1.66,Single Family,1546,3325,3,2.0,2,2,1,1978,1978,0,2,7.19,5,445400.0
-6.03089,107.02751,North Suburbs,28.24,3.34,Single Family,2019,4202,4,3.0,1,2,0,2021,2021,0,2,6.18,6,789800.0
-6.30285,106.70041,West Waterfront,19.2,13.75,Townhouse,1587,1841,2,1.5,2,2,0,2014,2014,0,4,5.22,6,657400.0
-6.35815,106.85652,South Hills,16.62,0.41,Single Family,2182,6616,5,1.5,1,2,1,1998,1998,0,3,4.0,6,852000.0
-6.36054,106.95304,South Hills,20.64,0.47,Townhouse,1975,2559,4,2.0,2,2,0,1989,1996,1,7,5.78,6,716200.0
-6.27689,106.92087,South Hills,11.27,5.51,Luxury Villa,2548,8504,5,3.5,2,4,1,1997,1997,0,6,4.36,7,1431800.0
-6.30594,106.89256,South Hills,11.98,0.53,Single Family,2113,5225,3,2.5,2,3,1,1990,1990,0,6,4.19,5,1047300.0
-6.24507,106.72766,West Waterfront,13.7,1.23,Single Family,1836,6323,4,2.0,1,3,0,2008,2022,1,7,5.14,8,1406400.0
-6.2496,106.79847,Downtown / CBD,6.92,1.18,Single Family,1523,3227,3,3.0,2,2,0,2009,2009,0,6,2.11,7,912500.0
-6.06251,106.83491,North Suburbs,16.28,5.33,Single Family,2459,7228,4,3.0,2,3,1,2022,2022,0,4,5.05,6,1290200.0
-6.17001,106.78031,Tech Corridor,8.43,0.1,Single Family,2600,7351,3,2.5,2,2,0,1976,1976,0,6,4.84,9,1324300.0
-6.35773,106.9349,South Hills,19.27,10.05,Townhouse,1712,2724,2,1.5,2,2,0,2008,2008,0,3,6.97,6,597100.0
-6.35176,106.92631,South Hills,18.22,1.25,Townhouse,1848,2946,3,2.0,2,1,0,2007,2007,0,5,4.79,7,783200.0
-6.22956,106.84472,Downtown / CBD,2.31,1.33,Luxury Villa,4129,18941,7,3.5,2,3,1,2011,2011,0,8,3.29,9,4286400.0
-6.01752,106.90742,North Suburbs,22.31,3.0,Townhouse,1760,1953,4,2.5,3,2,0,1997,1997,0,5,5.33,5,587700.0
-6.23242,106.80841,West Waterfront,4.89,0.36,Single Family,2457,8112,3,2.5,1,2,1,1981,1981,0,5,2.13,5,1192100.0
-6.1757,106.84288,Downtown / CBD,3.69,0.77,Townhouse,1214,1744,4,1.5,3,1,0,1998,1998,0,4,1.99,5,579300.0
-6.29787,106.77253,West Waterfront,12.79,0.24,Single Family,2436,8368,3,1.5,1,3,0,1983,2020,1,5,4.35,6,1547300.0
-6.21601,106.83166,Downtown / CBD,1.74,3.18,Luxury Villa,2254,7101,4,4.0,2,4,1,2013,2013,0,6,1.92,8,2031200.0
-6.25105,106.87889,Downtown / CBD,5.97,2.89,Luxury Villa,3245,16686,4,5.0,2,3,1,2018,2018,0,6,5.84,10,3144100.0
-6.04834,106.89549,North Suburbs,18.65,8.24,Townhouse,1019,1157,2,2.0,3,1,0,2004,2004,0,2,6.27,9,430100.0
-6.25601,106.79587,South Hills,7.61,3.16,Single Family,2094,6660,5,3.0,2,2,1,2010,2010,0,4,4.69,6,1434600.0
-6.28185,106.9129,South Hills,11.03,7.08,Single Family,2650,7518,4,2.0,1,2,0,1979,1979,0,3,4.45,5,821300.0
-6.07391,106.89992,North Suburbs,16.14,1.24,Townhouse,1765,2572,3,2.0,3,2,1,2018,2018,0,5,5.37,5,830500.0
-6.16779,106.84604,Downtown / CBD,4.55,11.03,Condominium,871,871,2,2.0,1,1,0,1991,2018,1,6,7.17,6,492700.0
-6.21557,106.82839,Downtown / CBD,2.05,0.5,Single Family,2317,6509,2,2.5,1,2,0,1975,1975,0,7,4.23,8,1185400.0
-6.27284,106.90696,South Hills,9.84,0.1,Luxury Villa,4456,18457,5,5.0,3,4,1,2001,2021,1,2,4.18,7,2848200.0
-6.1534,106.854,Downtown / CBD,6.22,1.02,Condominium,1265,1265,3,1.5,1,1,1,1979,1979,0,6,2.93,7,561100.0
-6.35443,106.91871,South Hills,18.09,0.78,Luxury Villa,4007,12378,6,3.5,2,2,1,1984,1984,0,4,5.34,7,1681700.0
-6.2032,106.82697,Downtown / CBD,2.16,0.67,Condominium,768,768,2,1.5,1,1,1,2017,2017,0,8,4.8,3,456300.0
-6.18388,106.88877,North Suburbs,5.53,3.81,Luxury Villa,5370,30349,5,3.5,2,3,0,1987,2009,1,6,3.91,8,4135200.0
-6.04288,106.74606,North Suburbs,21.48,3.77,Condominium,694,694,2,1.0,1,1,1,1981,1981,0,6,7.72,6,259900.0
-6.3215,106.87282,South Hills,12.87,1.07,Single Family,1627,5370,4,2.5,2,2,0,1982,1982,0,7,3.4,5,705200.0
-6.06651,106.9363,North Suburbs,18.73,1.68,Single Family,1950,4704,5,2.0,1,3,0,2012,2012,0,4,6.36,5,815600.0
-5.97335,107.03305,North Suburbs,33.41,4.22,Single Family,1258,2457,4,3.0,2,2,1,1995,1995,0,3,7.2,5,409600.0
-6.06499,106.80422,Tech Corridor,16.61,2.05,Single Family,2053,6948,2,2.5,2,3,1,2015,2015,0,3,5.39,8,1193100.0
-6.2027,106.83361,Downtown / CBD,1.49,0.22,Condominium,919,919,3,2.0,1,1,1,2006,2015,1,7,4.04,6,676500.0
-6.24305,106.75033,West Waterfront,11.24,1.03,Townhouse,1414,2153,3,2.0,3,2,0,2016,2016,0,7,5.8,4,859900.0
-6.34876,106.8689,South Hills,15.75,2.69,Single Family,1466,2990,5,2.0,2,2,1,1980,1980,0,3,6.84,4,439000.0
-6.1006,106.77234,Tech Corridor,14.5,1.16,Single Family,2788,6003,4,2.0,1,1,0,1978,2022,1,3,5.51,6,1207200.0
-6.22681,106.8574,Downtown / CBD,2.39,0.89,Condominium,458,458,2,1.0,1,1,0,1980,1995,1,4,5.48,7,244800.0
-6.21543,106.82636,Downtown / CBD,2.26,0.16,Luxury Villa,5837,22902,5,6.0,2,2,1,1993,1993,0,7,4.0,9,4226400.0
-6.34945,106.93973,South Hills,18.79,1.58,Townhouse,1336,1671,3,1.5,2,1,0,1987,2022,1,3,6.2,8,637100.0
-6.11446,106.87109,Tech Corridor,10.85,0.72,Single Family,2924,9569,4,2.0,2,2,1,1977,1977,0,4,5.73,9,1395300.0
-6.38688,106.96606,South Hills,23.86,10.68,Condominium,1286,1286,3,1.5,1,1,0,2008,2013,1,3,3.9,6,441300.0
-6.15851,106.80797,Downtown / CBD,6.97,4.71,Condominium,797,797,3,1.0,1,1,1,1996,1996,0,5,2.16,6,386800.0
-6.18047,106.81143,Tech Corridor,4.93,1.69,Single Family,2113,5993,3,2.5,1,2,0,2011,2011,0,6,5.47,6,1220400.0
-6.22926,106.86685,Downtown / CBD,3.27,1.95,Townhouse,1782,2819,4,2.0,2,2,0,2013,2013,0,7,4.6,8,1312100.0
-6.12946,106.88509,North Suburbs,9.84,6.04,Single Family,3537,9387,5,3.0,1,2,1,1995,1995,0,5,6.27,4,1368800.0
-5.98351,106.95027,North Suburbs,27.57,3.7,Single Family,2440,8272,3,2.0,2,2,0,2000,2000,0,3,6.73,7,1001300.0
-6.20135,106.86639,Downtown / CBD,2.45,0.1,Condominium,1391,1391,2,1.5,1,1,1,2023,2023,0,7,4.64,5,861100.0
-6.08348,106.88483,North Suburbs,14.58,1.68,Townhouse,1707,2293,3,2.5,3,1,0,1977,1977,0,4,5.3,6,540900.0
-6.44409,106.90424,South Hills,26.92,2.84,Luxury Villa,3958,13782,5,5.0,2,3,1,1986,1993,1,2,6.49,7,1715200.0
-6.04109,106.9467,Tech Corridor,21.74,6.39,Condominium,1300,1300,2,1.0,1,0,1,1986,2004,1,1,7.25,7,401100.0
-6.11277,106.84664,Tech Corridor,10.66,3.77,Townhouse,1661,2051,4,1.5,3,1,0,2005,2023,1,6,6.34,9,1104700.0
-6.25103,106.89406,Downtown / CBD,7.13,0.48,Single Family,2277,6489,5,2.5,1,3,0,2018,2018,0,6,4.5,7,1593300.0
-6.27861,106.96376,South Hills,15.23,1.12,Single Family,2228,7007,2,2.5,1,3,0,1980,1980,0,2,4.58,2,536700.0
-6.30173,106.92867,South Hills,13.84,0.1,Luxury Villa,4228,15562,5,4.0,2,3,1,1991,1991,0,5,7.6,9,2444400.0
-6.237,106.86319,Downtown / CBD,3.69,1.55,Single Family,2105,4329,4,3.0,1,2,0,1984,1984,0,7,4.95,8,1125600.0
-6.05175,107.04014,North Suburbs,27.75,8.87,Condominium,568,568,2,1.0,1,1,1,1988,2006,1,3,8.78,6,190700.0
-6.12964,106.87819,North Suburbs,9.5,1.46,Single Family,1363,3523,3,2.0,2,2,0,2005,2005,0,5,4.98,3,559700.0
-5.97602,106.9855,North Suburbs,30.15,8.26,Townhouse,1654,1838,3,1.5,2,2,0,1991,1991,0,6,8.98,7,485500.0
-6.23362,106.8511,Downtown / CBD,2.82,0.34,Townhouse,1883,2344,3,1.5,2,1,1,2019,2019,0,7,3.24,6,1216000.0
-6.32164,106.90981,South Hills,14.41,0.1,Townhouse,856,1189,3,2.5,2,1,1,2008,2021,1,4,6.48,7,489900.0
-6.23359,106.67645,West Waterfront,18.98,2.36,Single Family,2335,5082,3,3.0,1,2,1,1982,1982,0,2,6.14,6,970200.0
-6.06313,106.99148,North Suburbs,22.88,0.31,Townhouse,1760,2645,2,2.0,2,1,1,1979,1984,1,4,6.71,4,462100.0
-6.12883,106.73736,Tech Corridor,14.94,4.1,Single Family,2062,4263,4,2.5,1,1,0,2003,2003,0,2,6.47,6,820400.0
-6.23057,106.72583,West Waterfront,13.51,3.5,Townhouse,1406,1621,3,2.0,2,2,0,1996,1996,0,4,4.81,4,515600.0
-6.11195,106.82883,Tech Corridor,10.91,5.99,Condominium,549,549,2,1.0,1,1,1,1978,1978,0,6,7.68,4,179300.0
-6.12825,106.79445,Tech Corridor,10.59,1.29,Single Family,2030,5979,4,2.5,1,2,0,1980,1980,0,3,5.58,7,739600.0
-6.1093,106.84126,Tech Corridor,11.06,0.68,Condominium,1461,1461,2,1.0,1,1,1,1986,1986,0,3,3.67,6,480700.0
-6.19809,106.84805,Downtown / CBD,1.22,2.93,Single Family,2425,4402,3,3.0,2,2,1,2015,2015,0,6,4.23,6,1782100.0
-6.08955,106.78551,Tech Corridor,14.82,11.66,Single Family,2080,7021,3,2.5,2,2,0,1988,2004,1,1,5.24,7,839200.0
-6.32277,106.97645,South Hills,19.26,0.14,Single Family,2262,7451,3,2.0,1,2,0,2023,2023,0,4,6.89,7,1177600.0
-6.18389,106.82077,Downtown / CBD,3.9,0.73,Single Family,3045,7974,3,3.0,2,2,0,1998,2009,1,8,2.62,4,1765900.0
-6.10401,106.85848,North Suburbs,11.72,2.83,Single Family,1560,5322,3,2.0,2,2,1,2020,2020,0,6,2.37,7,1015800.0
-6.41304,106.89114,South Hills,23.23,6.77,Single Family,1306,2621,2,2.5,1,3,0,1985,1985,0,6,5.95,7,561700.0
-6.4122,106.8559,South Hills,22.61,1.57,Single Family,2290,7651,3,2.0,2,2,0,2010,2010,0,2,6.66,6,844700.0
-6.24814,106.75761,West Waterfront,10.7,2.25,Single Family,1769,4246,4,2.0,2,1,0,2013,2013,0,4,5.21,8,1211500.0
-6.3478,106.90541,South Hills,16.8,3.58,Single Family,2020,5423,3,3.0,2,1,0,1996,2010,1,4,5.26,6,915800.0
-6.2788,106.98032,South Hills,16.85,3.14,Single Family,1504,3663,3,3.0,1,2,1,2005,2005,0,3,5.69,4,570100.0
-6.16774,106.78661,Downtown / CBD,7.98,1.84,Single Family,1564,3872,3,3.0,2,3,0,2022,2022,0,8,5.37,6,1199700.0
-6.30636,106.96504,South Hills,17.12,2.47,Luxury Villa,5070,28234,5,3.5,2,3,1,2022,2022,0,6,6.05,7,3675000.0
-6.19302,106.81635,Tech Corridor,3.69,2.72,Townhouse,1732,1920,3,2.5,2,1,1,2006,2006,0,6,4.03,6,909100.0
-6.16003,106.88056,North Suburbs,6.66,0.11,Townhouse,1488,2013,3,2.0,2,2,1,1991,2019,1,9,3.68,4,915000.0
-6.22372,106.79389,West Waterfront,5.97,2.48,Single Family,1502,4502,4,3.0,2,3,0,1980,1980,0,6,5.13,6,831100.0
-6.22343,106.87301,Downtown / CBD,3.45,0.99,Condominium,1037,1037,1,1.5,1,1,1,1989,1989,0,6,3.91,6,536400.0
-6.28576,106.72138,West Waterfront,16.22,1.19,Single Family,1579,3758,4,2.0,2,2,1,2016,2016,0,4,4.21,4,883900.0
-6.17508,106.91159,North Suburbs,8.23,0.34,Single Family,2248,7561,5,2.5,2,2,1,1992,1992,0,7,1.92,6,1177100.0
-6.24513,106.72825,West Waterfront,13.64,0.38,Condominium,1225,1225,1,2.0,1,1,1,1994,1994,0,4,5.7,6,617100.0
-6.37262,106.89391,South Hills,18.96,0.44,Single Family,2297,5519,4,1.5,2,2,0,2012,2012,0,3,5.63,5,852600.0
-6.2454,106.73323,West Waterfront,13.12,4.93,Condominium,804,804,2,2.0,1,1,1,1991,1991,0,3,4.2,7,383600.0
-6.23888,106.76787,Downtown / CBD,9.25,3.92,Single Family,2241,5315,3,2.0,2,2,1,2021,2021,0,5,4.2,5,1064100.0
-6.13197,106.79538,Tech Corridor,10.19,0.49,Townhouse,1835,2557,3,2.0,2,2,0,2009,2009,0,6,4.8,6,923400.0
-6.14342,106.84537,Tech Corridor,7.26,9.48,Single Family,3208,7807,5,2.5,2,3,0,2013,2013,0,8,3.65,8,2183500.0
-6.11599,106.95135,North Suburbs,15.62,4.71,Condominium,944,944,1,1.5,1,1,0,2016,2016,0,4,5.36,7,445400.0
-6.29072,106.87807,South Hills,9.78,5.89,Condominium,1132,1132,2,2.0,1,0,1,1990,2023,1,4,6.51,4,518300.0
-6.33802,106.70125,West Waterfront,21.51,0.14,Single Family,2826,8557,2,2.5,2,2,0,1981,1981,0,2,8.0,8,1260200.0
-6.28993,106.97269,South Hills,16.74,6.83,Condominium,1112,1112,2,1.5,1,0,1,1992,1992,0,4,4.41,7,414700.0
-6.10919,106.823,Tech Corridor,11.34,8.03,Condominium,966,966,2,1.0,1,1,1,1993,1993,0,4,1.69,3,289900.0
-6.32504,106.91242,South Hills,14.88,0.13,Condominium,890,890,1,1.5,1,0,0,2023,2023,0,7,6.8,5,436900.0
-6.32966,106.92936,South Hills,16.32,0.55,Luxury Villa,5857,32071,4,4.0,2,2,1,2003,2003,0,3,5.07,9,3789200.0
-6.42214,106.84174,South Hills,23.68,6.19,Townhouse,1720,2399,3,2.5,2,1,0,1999,1999,0,5,4.88,8,717900.0
-6.33802,106.95574,South Hills,18.85,1.67,Single Family,2242,5029,4,3.0,2,1,0,2016,2016,0,3,4.67,7,974400.0
-6.08757,106.94897,North Suburbs,17.68,1.25,Townhouse,1136,1691,3,2.0,2,2,0,2012,2012,0,6,4.31,5,532200.0
-6.24807,106.86676,South Hills,4.95,0.89,Townhouse,1883,2166,3,2.5,2,1,1,1993,2019,1,3,5.58,8,1224400.0
-6.04423,106.87742,North Suburbs,18.61,0.59,Single Family,2059,5013,3,1.5,2,3,0,2000,2000,0,4,7.49,6,827200.0
-6.14979,106.86657,North Suburbs,6.95,5.05,Condominium,1079,1079,2,2.0,1,0,1,1979,1993,1,7,3.39,9,637800.0
-6.09532,106.7929,Tech Corridor,13.89,1.11,Condominium,1007,1007,1,1.0,1,1,1,2009,2009,0,6,4.59,6,460600.0
-6.02268,107.00786,North Suburbs,27.41,2.79,Condominium,923,923,2,2.0,1,0,1,2017,2017,0,3,7.82,6,323000.0
-6.29458,106.77058,West Waterfront,12.65,2.31,Single Family,2438,7577,3,1.5,1,2,0,2002,2002,0,6,6.42,7,1482800.0
-6.24884,106.7711,West Waterfront,9.39,0.38,Townhouse,1718,2203,4,2.5,3,2,1,2020,2020,0,5,5.04,7,1282300.0
-6.2719,106.9097,South Hills,9.98,3.21,Townhouse,509,616,2,2.5,2,2,0,2023,2023,0,6,3.88,4,288700.0
-6.11593,106.78547,Tech Corridor,12.28,1.25,Single Family,2689,6315,4,2.0,1,3,0,2005,2005,0,6,4.34,4,1189200.0
-6.26974,106.76355,West Waterfront,11.34,0.74,Single Family,2843,5719,4,2.0,2,1,1,2018,2018,0,3,4.21,9,2076800.0
-6.09455,106.74722,Tech Corridor,16.74,7.35,Single Family,2264,6646,4,2.5,2,1,1,1977,1977,0,3,5.04,5,650700.0
-6.12768,106.75933,Tech Corridor,13.14,0.6,Luxury Villa,3281,19555,4,5.0,2,3,1,2001,2001,0,3,4.36,10,2149100.0
-6.21856,106.75113,West Waterfront,10.54,1.71,Condominium,1105,1105,3,1.0,1,1,1,2016,2016,0,4,3.06,5,596200.0
-6.32477,106.90387,South Hills,14.41,6.26,Single Family,1839,4738,4,2.5,1,1,0,1978,1978,0,4,3.15,3,504000.0
-6.33881,106.96049,South Hills,19.26,1.3,Luxury Villa,4591,16145,5,4.0,2,3,1,1995,1995,0,5,6.32,10,2989800.0
-6.30351,106.67269,West Waterfront,21.88,1.63,Condominium,1137,1137,2,1.0,1,2,0,1985,1985,0,6,5.71,6,475600.0
-6.30751,106.86636,South Hills,11.2,0.74,Townhouse,1721,2391,3,2.5,3,1,1,2020,2020,0,4,4.27,7,1083400.0
-6.2051,106.70954,West Waterfront,15.11,7.53,Condominium,774,774,1,1.0,1,0,0,2020,2020,0,6,6.7,6,397200.0
-6.009,106.91661,North Suburbs,23.54,2.68,Townhouse,1699,2258,2,1.5,2,2,0,2016,2016,0,3,7.54,5,590000.0
-6.11742,106.78739,Tech Corridor,12.03,1.54,Townhouse,1505,1956,4,2.0,3,2,0,2010,2010,0,5,5.84,6,721800.0
-5.97622,106.94885,North Suburbs,28.25,0.98,Townhouse,2150,2865,3,1.5,3,1,0,2010,2010,0,3,6.51,7,724100.0
-6.18358,106.86528,Downtown / CBD,3.55,0.92,Single Family,791,2021,2,2.0,2,2,0,1977,1977,0,5,3.03,5,366700.0
-6.17721,106.82304,Downtown / CBD,4.31,3.34,Single Family,2337,4263,4,2.5,1,2,1,1989,1989,0,6,5.17,6,1224300.0
-6.15089,106.99856,North Suburbs,18.15,4.68,Townhouse,1731,2595,2,1.5,2,1,0,2013,2013,0,6,5.93,6,722700.0
-6.08077,106.7189,Tech Corridor,19.99,0.98,Luxury Villa,4225,18179,4,3.5,2,4,1,2002,2017,1,4,6.29,8,2280700.0
-6.04584,106.94341,North Suburbs,21.1,0.23,Townhouse,2272,3178,3,2.5,2,1,0,1981,2011,1,2,5.29,8,853500.0
-6.20253,106.80883,Downtown / CBD,4.14,3.26,Single Family,1664,3604,4,2.5,1,2,0,1993,1993,0,3,5.1,5,723500.0
-6.19368,106.92365,Downtown / CBD,8.82,1.02,Townhouse,1223,1549,2,1.5,2,1,0,2021,2021,0,4,6.08,7,653900.0
-6.16148,106.86063,Downtown / CBD,5.51,5.2,Luxury Villa,4345,20077,5,5.0,2,3,0,2009,2009,0,6,5.09,7,2694100.0
-6.23701,106.82184,West Waterfront,4.09,2.37,Condominium,967,967,1,1.5,1,0,1,2002,2002,0,4,3.28,5,463700.0
-6.13461,106.76815,Tech Corridor,11.9,3.55,Townhouse,1576,2500,3,2.5,3,1,1,1985,1994,1,3,4.96,4,502100.0
-6.11833,106.75137,Tech Corridor,14.5,5.04,Single Family,2016,4623,5,1.5,1,1,0,1998,1998,0,5,4.86,6,834500.0
-6.3548,106.92097,South Hills,18.24,2.28,Townhouse,2010,3133,4,2.5,2,2,1,2023,2023,0,6,4.67,8,1335900.0
-6.26759,106.80167,Downtown / CBD,8.15,0.68,Luxury Villa,1960,6899,6,4.0,2,3,1,2002,2002,0,5,6.11,8,1478500.0
-6.22219,106.84504,Downtown / CBD,1.49,1.18,Single Family,1719,3237,4,2.0,2,1,1,2008,2013,1,6,3.93,5,994600.0
-6.07971,106.88348,North Suburbs,14.93,0.26,Single Family,1646,3562,2,1.5,2,2,0,1993,1993,0,4,4.71,5,553500.0
-6.21023,106.87147,Downtown / CBD,2.88,0.37,Luxury Villa,4942,24762,6,3.5,2,3,1,1975,1975,0,6,3.97,9,3458700.0
-6.0744,106.96295,North Suburbs,19.8,0.16,Condominium,902,902,2,2.0,1,1,0,2002,2019,1,6,6.13,9,505400.0
-6.30345,106.72504,West Waterfront,17.01,0.1,Luxury Villa,3377,17974,7,3.5,2,3,1,1991,1991,0,5,5.72,7,2354600.0
-6.08668,106.81044,Tech Corridor,14.11,0.37,Townhouse,2267,3213,4,2.0,3,1,0,1991,2014,1,1,6.73,5,853200.0
-6.06303,106.89136,North Suburbs,16.96,3.2,Single Family,3591,12328,4,2.5,2,1,0,1996,2008,1,5,3.76,3,1258600.0
-6.15592,106.76774,Tech Corridor,10.45,1.8,Single Family,1797,4407,5,3.0,2,3,1,2022,2022,0,2,5.06,5,1036900.0
-6.20289,106.87701,Downtown / CBD,3.55,1.97,Single Family,2993,6198,3,1.5,1,2,0,2019,2019,0,6,5.45,6,1913000.0
-6.10142,106.82675,Tech Corridor,12.1,0.34,Single Family,2207,4774,3,1.5,2,2,1,1980,1999,1,4,5.63,4,942300.0
-6.17334,106.90585,North Suburbs,7.76,0.97,Luxury Villa,5223,22292,4,4.0,2,2,1,2016,2016,0,8,5.71,8,3720100.0
-6.23141,106.8712,Downtown / CBD,3.79,3.53,Single Family,1317,4502,3,3.0,2,3,0,2018,2018,0,8,3.69,7,1091300.0
-6.1798,106.78266,Tech Corridor,7.69,0.15,Single Family,1978,4941,3,2.0,2,2,0,2005,2005,0,5,4.09,5,940700.0
-6.29289,106.91462,South Hills,12.08,1.1,Luxury Villa,6017,31425,4,4.0,3,4,1,1994,2021,1,7,5.38,10,5144700.0
-6.02941,106.87819,North Suburbs,20.24,4.71,Single Family,2119,4850,3,2.5,1,2,0,1994,1994,0,2,8.39,7,663800.0
-6.25824,106.76251,West Waterfront,10.73,1.99,Single Family,2726,6740,3,2.0,2,1,1,2009,2009,0,5,5.38,4,1511900.0
-6.24426,106.74966,West Waterfront,11.35,4.41,Single Family,2594,6936,3,2.5,2,2,0,1991,2013,1,6,7.9,7,1649000.0
-6.32674,106.89904,South Hills,14.37,0.8,Townhouse,1973,3094,3,2.0,2,2,0,1996,1996,0,3,7.21,6,786200.0
-6.24777,106.74894,West Waterfront,11.57,0.1,Luxury Villa,2888,16762,4,6.0,2,2,1,1983,1983,0,4,5.94,7,1617200.0
-6.286,106.76715,West Waterfront,12.22,1.64,Townhouse,1406,1554,3,2.5,2,1,1,2013,2013,0,4,5.97,4,682100.0
-6.14441,106.78837,Tech Corridor,9.56,0.72,Luxury Villa,4390,19265,6,3.5,2,3,1,1991,1991,0,5,3.57,8,2908000.0
-6.17073,106.80334,Tech Corridor,6.31,4.59,Luxury Villa,2756,7837,5,6.0,2,3,1,2015,2015,0,4,4.09,9,2277800.0
-6.13829,106.74842,Tech Corridor,13.33,4.42,Townhouse,1518,2377,3,2.0,3,2,0,2003,2003,0,3,3.28,6,673100.0
-6.16796,106.79457,Tech Corridor,7.25,1.37,Luxury Villa,3647,13747,5,4.0,2,3,1,2007,2007,0,5,2.49,8,2534800.0
-6.17449,106.82129,Downtown / CBD,4.67,0.84,Luxury Villa,4481,18882,4,4.0,2,4,1,1989,2015,1,5,3.7,8,3809200.0
-6.22886,106.73382,West Waterfront,12.61,3.52,Luxury Villa,4045,21378,5,3.5,2,2,1,1993,2011,1,6,4.31,10,3744900.0
-5.98069,106.95766,North Suburbs,28.21,10.15,Single Family,3328,8488,3,2.0,2,1,0,2000,2000,0,3,5.15,4,799300.0
-6.40088,106.89464,South Hills,22.0,1.66,Single Family,1754,3555,3,2.5,1,2,0,2004,2004,0,2,7.38,4,544800.0
-6.1768,106.83251,Downtown / CBD,3.84,2.72,Luxury Villa,3832,11217,5,3.5,2,3,1,1985,1985,0,4,2.96,6,1749200.0
-6.03636,106.98996,North Suburbs,24.96,0.32,Single Family,976,2188,4,2.0,2,1,1,2014,2014,0,4,7.24,4,410900.0
-6.20347,106.80341,Downtown / CBD,4.72,0.7,Luxury Villa,3910,22079,6,3.5,2,3,1,2018,2018,0,5,4.58,9,3773000.0
-6.1891,106.83586,Downtown / CBD,2.44,0.37,Single Family,1608,4349,4,1.5,2,3,0,2013,2013,0,4,4.21,8,1050000.0
-6.18937,106.84739,Downtown / CBD,2.17,1.59,Single Family,1729,5724,3,2.0,2,2,1,2006,2006,0,7,1.88,6,1128800.0
-6.37618,106.93224,South Hills,20.92,0.76,Single Family,2847,5224,5,2.0,1,2,1,1993,1993,0,1,4.08,7,1041200.0
-6.13946,106.988,North Suburbs,17.58,5.44,Single Family,1625,3040,3,2.5,1,2,0,1990,2017,1,5,3.59,6,750300.0
-6.23032,106.92994,South Hills,9.66,1.17,Condominium,1298,1298,2,2.0,1,1,1,1978,1978,0,5,1.16,4,439500.0
-6.22473,106.85842,Downtown / CBD,2.27,1.54,Townhouse,1565,1782,4,1.5,3,1,0,1991,1991,0,8,2.84,5,758100.0
-6.33318,106.88983,South Hills,14.65,3.1,Single Family,2468,8090,2,3.0,2,1,0,2006,2006,0,4,4.85,5,1080200.0
-6.37917,106.95209,South Hills,22.3,6.02,Single Family,1816,3659,3,2.5,2,2,0,1982,1982,0,4,6.9,9,703900.0
-6.07143,106.87945,North Suburbs,15.7,1.49,Single Family,1811,4623,4,3.0,1,2,0,2008,2008,0,6,5.2,5,940600.0
-6.13952,106.79027,Tech Corridor,9.84,4.58,Single Family,1988,4933,3,3.0,2,3,0,2023,2023,0,3,5.78,7,1052200.0
-6.06081,106.8444,Tech Corridor,16.43,1.11,Single Family,2808,8480,4,2.5,1,2,0,1994,1994,0,7,4.21,8,1466400.0
-6.07496,106.79481,Tech Corridor,15.89,1.45,Townhouse,1260,2014,4,2.0,2,2,1,2002,2020,1,3,7.17,6,682600.0
-6.19812,106.77754,Tech Corridor,7.65,1.66,Single Family,1228,3774,4,2.0,1,2,1,2023,2023,0,5,4.51,6,859800.0
-6.2736,106.70959,West Waterfront,16.72,3.74,Single Family,1724,4357,4,2.0,1,2,1,2023,2023,0,3,5.12,7,1115700.0
-6.1288,106.80866,Tech Corridor,9.78,4.31,Condominium,1185,1185,2,1.0,1,1,0,1994,1994,0,7,4.42,5,431700.0
-6.36078,106.94642,South Hills,20.24,0.3,Single Family,2240,7460,3,3.0,1,3,0,2014,2014,0,6,7.22,7,1206600.0
-6.13518,106.82464,North Suburbs,8.5,2.03,Luxury Villa,4555,18901,6,4.0,2,3,0,1978,1978,0,4,5.41,5,1652700.0
-6.27336,106.75479,West Waterfront,12.37,4.78,Single Family,2451,4961,2,2.0,2,1,0,1979,1979,0,3,4.21,6,895600.0
-6.19045,106.85342,Downtown / CBD,2.21,2.66,Condominium,943,943,2,1.0,1,0,1,1996,2021,1,8,4.19,6,698300.0
-6.10699,106.78401,Tech Corridor,13.21,0.62,Condominium,671,671,1,2.0,1,1,1,2004,2009,1,4,4.51,6,296200.0
-6.12966,106.72668,Tech Corridor,15.86,0.1,Townhouse,1377,1732,3,1.5,2,1,0,1984,2011,1,6,4.24,7,663700.0
-6.23798,106.87756,South Hills,4.8,0.87,Single Family,1838,3348,2,2.5,1,2,0,1987,1992,1,3,3.78,4,640400.0
-6.28799,106.88249,South Hills,9.7,1.07,Single Family,3106,8914,3,2.5,1,1,0,2010,2010,0,3,3.87,4,1246000.0
-6.39096,106.9284,South Hills,22.21,4.65,Condominium,766,766,2,2.0,1,1,1,1988,1996,1,3,6.81,8,299700.0
-6.20849,106.76946,West Waterfront,8.45,0.61,Townhouse,1232,1449,2,2.0,3,2,0,2021,2021,0,5,5.95,3,525500.0
-6.34066,106.69753,West Waterfront,22.01,1.08,Single Family,2341,7634,4,2.0,1,1,1,2006,2012,1,4,7.08,5,1203800.0
-6.22217,106.85066,Downtown / CBD,1.59,1.1,Townhouse,1166,1798,4,1.5,2,1,0,2008,2008,0,5,1.29,5,557400.0
-6.229,106.67534,West Waterfront,19.03,2.33,Single Family,2950,8354,3,2.0,2,2,0,1992,1992,0,4,4.92,6,1264100.0
-6.13649,106.89249,North Suburbs,9.57,1.2,Single Family,2062,6502,4,3.0,1,2,0,1998,1998,0,8,3.29,6,1095800.0
-6.14181,106.85918,North Suburbs,7.59,1.34,Single Family,1531,3010,3,2.0,1,1,0,2011,2011,0,4,6.23,5,650900.0
-6.09998,106.74589,Tech Corridor,16.38,0.49,Townhouse,1559,2041,3,1.5,2,1,0,1997,1997,0,6,5.28,5,578200.0
-6.0768,106.9682,North Suburbs,20.0,0.22,Luxury Villa,3871,12219,5,4.0,3,3,0,2020,2020,0,5,5.36,9,2362000.0
-6.27109,106.70545,West Waterfront,17.02,0.15,Single Family,1919,4794,2,3.0,1,2,0,2006,2006,0,7,5.89,7,1219700.0
-6.18834,106.84481,Downtown / CBD,2.27,0.1,Single Family,2819,6581,4,2.5,2,2,0,2009,2009,0,5,3.89,7,1667400.0
-6.03887,106.93103,North Suburbs,21.11,0.89,Luxury Villa,4512,19444,5,4.0,3,3,1,2018,2018,0,5,6.08,10,3248300.0
-6.14621,106.86581,Tech Corridor,7.3,0.19,Townhouse,1421,1795,3,2.0,2,2,0,2019,2019,0,7,2.63,2,628600.0
-6.12837,106.81884,Tech Corridor,9.41,0.55,Luxury Villa,3991,20635,6,4.0,2,3,1,2006,2013,1,4,3.84,10,3320500.0
-6.22567,106.89645,Downtown / CBD,5.95,4.1,Single Family,1869,3853,5,3.0,1,2,0,2018,2018,0,6,2.45,4,879400.0
-6.32208,106.92166,South Hills,15.15,1.88,Single Family,2164,4775,3,1.5,2,2,0,2019,2019,0,6,7.24,7,1153600.0
-6.26508,106.78578,West Waterfront,9.12,3.27,Single Family,2235,4914,4,2.0,1,2,1,1975,1975,0,6,5.04,5,951500.0
-6.29116,106.8781,South Hills,9.83,13.6,Single Family,3215,8091,3,2.0,2,1,0,1997,1997,0,6,4.78,6,1427900.0
-6.10191,106.79678,Tech Corridor,13.04,10.17,Townhouse,1484,2329,3,2.5,2,1,0,2017,2017,0,5,5.37,5,603900.0
-6.16571,106.87744,Tech Corridor,5.95,0.68,Townhouse,2197,3109,2,1.5,2,2,0,1976,1976,0,8,3.94,6,957900.0
-6.2227,106.88512,Downtown / CBD,4.65,2.22,Single Family,2593,6965,5,1.5,1,2,0,2008,2019,1,7,4.18,8,1806600.0
-5.96911,106.97913,North Suburbs,30.46,8.46,Townhouse,1525,2188,2,2.0,2,2,0,2005,2005,0,4,8.19,8,512500.0
-6.16238,106.75627,Tech Corridor,11.17,4.42,Single Family,2031,7025,4,2.0,2,2,0,2003,2009,1,4,5.37,5,986800.0
-6.16254,106.93565,North Suburbs,11.24,2.91,Townhouse,1498,2316,2,2.0,3,2,0,2007,2007,0,5,7.1,6,740000.0
-6.116,106.84039,Tech Corridor,10.32,0.91,Single Family,1568,5400,3,2.5,1,3,0,2020,2020,0,8,4.42,6,1104500.0
-6.20214,106.85361,Downtown / CBD,1.16,0.28,Townhouse,1818,2130,3,2.0,2,2,0,1995,2002,1,9,5.65,6,1177700.0
-6.31438,106.69855,West Waterfront,20.09,6.45,Single Family,2068,6339,4,1.5,1,3,0,2000,2000,0,3,5.13,6,787300.0
-6.01844,106.92324,North Suburbs,22.82,6.7,Single Family,2331,8027,3,2.0,1,3,0,1975,2019,1,6,2.26,5,1084000.0
-6.04997,106.92131,North Suburbs,19.53,7.94,Single Family,1280,2386,4,2.5,2,2,0,2019,2019,0,3,7.24,4,501900.0
-6.32087,106.97183,South Hills,18.74,4.56,Luxury Villa,4241,21731,4,5.0,2,3,1,1976,1976,0,2,3.52,7,1641000.0
-6.25622,106.78406,West Waterfront,8.62,1.46,Single Family,2460,5097,4,1.5,1,2,1,1975,1995,1,6,4.95,9,1701200.0
-6.27448,106.72212,West Waterfront,15.52,15.0,Single Family,2562,5723,3,3.0,1,2,0,2000,2020,1,2,5.7,6,1196300.0
-6.41655,106.88246,South Hills,23.42,0.59,Single Family,2892,9751,4,2.0,2,2,0,1992,1992,0,4,7.42,7,1294600.0
-6.00209,106.92288,North Suburbs,24.5,9.61,Single Family,1444,2799,4,2.0,2,2,0,1987,1987,0,5,6.67,8,551500.0
-6.18753,106.86496,Downtown / CBD,3.19,0.76,Single Family,1907,4599,4,2.5,1,2,0,1994,1994,0,5,1.59,5,916600.0
-6.12314,106.8494,North Suburbs,9.52,7.65,Single Family,3338,9532,4,2.0,1,3,1,1992,1992,0,7,2.08,7,1744600.0
-6.03906,106.94653,North Suburbs,21.92,0.67,Townhouse,1068,1396,4,2.0,2,1,0,1978,1983,1,3,6.61,7,355400.0
-6.21224,106.88161,Downtown / CBD,4.02,2.24,Condominium,454,454,2,1.0,1,1,0,1986,1986,0,6,2.65,7,224100.0
-6.28164,106.97499,South Hills,16.48,9.4,Townhouse,2082,3163,4,2.0,2,1,0,2022,2022,0,3,4.1,5,700500.0
-6.20725,106.64977,West Waterfront,21.74,1.2,Single Family,1765,4121,4,3.0,1,2,0,2003,2003,0,6,6.37,4,840700.0
-6.3253,107.00322,South Hills,21.76,1.16,Single Family,3152,7383,2,2.5,1,3,0,1989,1989,0,3,7.49,5,999600.0
-6.2555,106.85789,Downtown / CBD,5.36,0.1,Single Family,2914,8503,4,2.0,2,2,0,2020,2020,0,5,2.31,4,1403600.0
-6.26998,106.87007,Downtown / CBD,7.31,5.83,Single Family,1736,3837,4,2.5,1,2,0,2012,2012,0,7,4.47,6,961700.0
-6.22648,106.84542,Downtown / CBD,1.96,2.56,Single Family,1964,5196,3,2.0,1,2,0,2016,2016,0,6,3.53,6,1234200.0
-6.22804,106.74473,West Waterfront,11.4,0.39,Condominium,1339,1339,1,2.0,1,1,0,1975,2010,1,5,4.26,6,676200.0
-6.18535,106.84607,Downtown / CBD,2.6,0.1,Townhouse,1515,2249,4,2.5,3,2,1,1981,1981,0,6,5.71,8,933900.0
-6.21334,106.74396,West Waterfront,11.29,1.29,Luxury Villa,4159,16994,7,4.0,2,4,1,2004,2004,0,3,5.98,8,3098000.0
-6.31083,106.86616,South Hills,11.55,4.23,Single Family,1582,4361,3,2.0,1,2,0,1997,1997,0,8,4.22,7,883700.0
-6.29606,106.71601,West Waterfront,17.34,0.72,Single Family,2075,5282,3,2.5,2,2,0,2014,2014,0,4,6.52,4,972000.0
-6.1487,106.82865,Tech Corridor,6.93,0.24,Single Family,2125,3831,3,2.5,2,1,1,1985,1997,1,5,3.97,7,1088600.0
-6.15642,106.97228,North Suburbs,15.22,1.0,Single Family,1176,2277,4,2.5,1,2,0,1986,1986,0,5,5.21,5,446400.0
-6.29784,106.88115,South Hills,10.64,7.77,Condominium,780,780,1,1.0,1,2,1,1979,1979,0,5,4.88,4,244300.0
-6.39249,106.97534,South Hills,24.96,0.44,Townhouse,1265,1607,3,2.0,2,1,0,2012,2012,0,2,4.6,5,396200.0
-6.27955,106.72124,West Waterfront,15.88,10.82,Townhouse,1393,2036,2,2.0,3,1,1,2018,2018,0,5,6.0,7,903700.0
-6.22571,106.85071,Downtown / CBD,1.96,0.1,Single Family,1721,5983,3,1.5,1,2,0,2018,2018,0,5,4.47,9,1310500.0
-5.99414,107.02048,North Suburbs,30.73,7.87,Single Family,2452,4616,4,2.0,1,2,0,2021,2021,0,3,5.45,6,792800.0
-6.2998,106.72844,West Waterfront,16.47,1.53,Single Family,2363,5504,3,2.5,1,1,0,2006,2006,0,3,5.25,6,1082800.0
-6.38384,106.91224,South Hills,20.79,1.92,Single Family,1584,5292,4,1.5,2,2,0,1983,1983,0,6,5.56,7,682700.0
-6.24623,106.80319,Downtown / CBD,6.28,0.58,Single Family,1903,4238,3,1.5,1,2,0,1976,1976,0,5,5.43,8,850600.0
-6.25112,106.95311,South Hills,12.83,2.27,Luxury Villa,3966,12744,4,5.0,2,2,0,2007,2007,0,3,7.5,10,2222700.0
-6.21908,106.82337,Tech Corridor,2.72,7.2,Townhouse,1509,2399,3,2.5,3,1,0,1995,1995,0,4,4.59,4,569700.0
-6.15953,106.78076,Tech Corridor,9.04,7.8,Single Family,2203,4704,4,3.0,2,1,0,1977,1977,0,4,3.0,5,723100.0
-6.11045,106.80545,North Suburbs,11.79,4.97,Luxury Villa,4536,11696,4,4.0,3,4,1,1982,1982,0,5,5.46,7,1854600.0
-6.25188,106.86387,Downtown / CBD,5.19,0.73,Single Family,1239,2233,3,2.5,2,3,1,2023,2023,0,8,6.0,9,1295900.0
-6.19902,106.81559,Downtown / CBD,3.5,0.1,Single Family,2569,6529,3,2.0,2,2,0,1987,1987,0,9,4.39,5,1372800.0
-6.23146,106.86063,Downtown / CBD,3.02,0.67,Single Family,2036,3874,4,2.5,1,2,0,2001,2001,0,10,4.56,7,1420700.0
-6.24481,106.82612,Downtown / CBD,4.54,0.42,Townhouse,1403,2023,3,2.0,2,1,0,1983,1983,0,5,2.99,3,478700.0
-6.21811,106.83644,Downtown / CBD,1.45,0.49,Townhouse,1431,1836,4,2.0,2,1,0,2012,2012,0,5,4.9,4,676600.0
-6.1915,106.84197,Downtown / CBD,1.96,2.93,Townhouse,1297,1607,2,2.0,2,1,0,2001,2001,0,8,3.14,6,785500.0
-6.25777,106.89875,South Hills,8.02,0.35,Single Family,1915,4884,3,2.0,1,2,1,2003,2008,1,6,2.98,7,1151900.0
-6.1951,106.93973,Downtown / CBD,10.56,0.1,Townhouse,1232,1520,4,2.0,2,2,1,2002,2012,1,3,5.11,5,610400.0
-6.06131,106.93734,North Suburbs,19.28,0.96,Townhouse,1395,1836,3,2.0,2,1,1,1994,1994,0,7,6.07,5,533100.0
-6.2029,106.87251,Downtown / CBD,3.06,0.84,Condominium,1230,1230,2,1.5,1,1,1,2019,2019,0,8,0.8,5,640500.0
-6.28335,106.73341,West Waterfront,14.95,4.32,Condominium,1090,1090,3,1.0,1,1,0,1987,2013,1,5,4.97,5,543300.0
-6.15084,106.68735,Tech Corridor,18.71,6.95,Single Family,1800,4887,3,1.5,2,3,0,1986,1986,0,2,6.65,5,601300.0
-6.22185,106.65588,West Waterfront,21.11,2.57,Condominium,1187,1187,1,1.0,1,1,0,2015,2015,0,3,4.51,6,498500.0
-5.99333,106.98879,North Suburbs,28.72,13.89,Condominium,1162,1162,3,1.0,1,1,0,1986,1986,0,2,7.24,8,324800.0
-6.09446,106.81097,Tech Corridor,13.26,10.1,Single Family,1751,4373,2,2.0,1,2,1,2010,2010,0,6,2.78,5,851400.0
-6.22559,106.71077,West Waterfront,15.08,3.13,Single Family,1567,3632,3,2.5,1,3,0,2008,2008,0,4,6.59,7,956000.0
-6.12266,106.85019,Tech Corridor,9.58,0.69,Single Family,2748,9485,4,2.0,1,3,1,1990,1990,0,3,4.32,7,1387900.0
-6.23455,106.89397,Downtown / CBD,6.08,3.14,Single Family,1646,4169,3,2.0,2,3,0,2007,2007,0,5,4.54,8,1162600.0
-6.24663,106.85553,Downtown / CBD,4.34,1.07,Single Family,2278,6056,5,2.0,1,2,0,1979,1979,0,6,3.09,7,1239400.0
-6.34585,106.86953,South Hills,15.44,0.3,Townhouse,1303,1898,3,2.5,2,1,0,1982,1982,0,5,5.91,9,607700.0
-6.23271,106.85966,Downtown / CBD,3.08,0.92,Townhouse,1791,2781,2,2.0,2,2,1,1982,1982,0,8,3.8,7,990300.0
-6.20035,107.11329,North Suburbs,29.73,6.66,Single Family,1722,5939,4,1.5,2,2,0,2019,2019,0,4,6.99,5,604200.0
-6.15884,106.87411,Downtown / CBD,6.39,5.29,Townhouse,2109,2397,2,2.0,2,2,0,1997,1997,0,5,4.73,6,965400.0
-6.21533,106.84485,Downtown / CBD,0.73,1.13,Single Family,1305,3916,5,2.0,1,2,0,2000,2023,1,2,3.94,6,831500.0
-6.08002,106.83978,North Suburbs,14.31,5.81,Single Family,2128,5534,5,2.0,2,3,0,2011,2011,0,2,5.94,8,1158000.0
-6.34855,106.96756,South Hills,20.59,5.41,Single Family,1351,3192,2,2.0,2,2,1,1982,1999,1,2,4.48,5,467000.0
-6.19158,106.86414,Tech Corridor,2.81,1.54,Condominium,948,948,1,1.5,1,1,1,2014,2014,0,7,3.31,5,598400.0
-6.18081,106.72186,Tech Corridor,14.08,1.04,Single Family,2028,4296,3,1.5,1,2,0,1991,1991,0,5,4.45,7,832700.0
-6.2465,106.77714,West Waterfront,8.68,3.2,Townhouse,1761,2713,2,2.5,2,1,1,2019,2019,0,4,5.02,4,936800.0
-6.22567,106.85154,Downtown / CBD,1.99,8.99,Townhouse,1740,2254,3,1.5,2,1,0,2000,2000,0,6,1.95,5,865700.0
-6.10666,106.90459,North Suburbs,13.09,2.52,Luxury Villa,2787,14172,5,3.5,2,2,0,2023,2023,0,6,4.8,6,1857800.0
-6.26771,106.89146,South Hills,8.29,2.57,Townhouse,1129,1755,4,2.5,3,1,0,2019,2019,0,7,3.91,6,698700.0
-6.08669,106.87949,North Suburbs,14.07,0.48,Condominium,984,984,3,2.0,1,1,1,2009,2009,0,5,4.87,6,513800.0
-6.17659,106.78622,Downtown / CBD,7.5,2.58,Townhouse,1515,2109,2,2.0,2,1,0,1990,1990,0,7,4.03,6,643100.0
-6.00587,106.99182,North Suburbs,27.76,0.28,Single Family,1786,4479,4,2.0,2,2,1,1990,1990,0,2,5.38,7,652300.0
-6.1326,106.78776,Tech Corridor,10.62,2.64,Townhouse,1567,1806,2,2.5,2,2,0,2004,2004,0,4,4.53,8,791800.0
-6.11487,106.86002,North Suburbs,10.55,5.08,Single Family,2080,6076,3,2.0,1,3,0,1978,2011,1,4,3.18,5,946400.0
-6.37968,106.92089,South Hills,20.73,0.6,Single Family,2222,6929,4,2.0,2,1,1,1987,1994,1,2,5.44,7,810400.0
-6.07305,106.85987,North Suburbs,15.15,3.23,Luxury Villa,4167,18288,5,4.0,2,2,1,2008,2008,0,6,5.83,9,3119300.0
-6.24865,106.85233,Downtown / CBD,4.49,3.49,Townhouse,1196,1784,3,2.0,3,1,1,1996,1996,0,6,4.02,5,575700.0
-6.19675,106.81641,Downtown / CBD,3.51,0.63,Single Family,1432,4355,2,1.5,1,1,1,1984,2021,1,4,4.06,4,735200.0
-6.2159,106.71403,West Waterfront,14.63,5.64,Single Family,2049,3796,3,2.0,1,1,0,2011,2011,0,5,2.19,7,1068500.0
-6.24093,106.87315,Downtown / CBD,4.7,0.81,Condominium,1097,1097,1,1.0,1,0,1,1996,1996,0,5,4.15,7,582500.0
-6.07588,106.85564,North Suburbs,14.8,1.12,Single Family,1998,6660,4,1.5,1,2,0,2005,2022,1,3,5.38,3,774900.0
-6.3928,106.89347,South Hills,21.1,1.77,Townhouse,1619,1810,2,2.0,2,1,0,1996,1996,0,3,7.0,4,379900.0
-6.15287,106.8618,Tech Corridor,6.46,1.68,Single Family,2002,5145,2,2.0,2,2,0,1992,1992,0,5,5.45,5,888400.0
-6.33821,106.90974,South Hills,16.03,1.6,Condominium,1279,1279,2,1.5,1,1,1,1992,1992,0,5,5.19,7,497000.0
-6.20315,106.7688,West Waterfront,8.55,2.48,Luxury Villa,4849,24061,4,4.0,3,3,1,2016,2016,0,4,3.9,9,4181000.0
-6.13384,106.74529,Tech Corridor,13.9,4.28,Townhouse,1840,2122,3,2.0,3,1,0,1994,2018,1,6,5.54,7,788200.0
-6.27926,106.85701,South Hills,7.92,2.18,Single Family,2792,8195,3,2.5,2,2,0,1980,1980,0,5,6.27,5,1060100.0
-6.27806,106.89091,South Hills,9.19,7.82,Single Family,2480,6522,5,3.0,2,2,0,1992,1992,0,6,4.35,4,1117500.0
-6.12741,106.83428,North Suburbs,9.12,1.1,Single Family,3461,11854,3,2.0,1,2,0,1986,1986,0,5,5.3,7,1493900.0
-6.02704,106.88655,North Suburbs,20.68,0.74,Condominium,807,807,2,1.5,1,1,1,2010,2010,0,7,5.36,5,354500.0
-6.05663,106.82507,Tech Corridor,17.04,0.64,Single Family,2868,9150,3,2.5,2,2,1,2015,2015,0,2,4.79,5,1374000.0
-6.20074,106.70618,West Waterfront,15.5,1.46,Luxury Villa,4767,13109,4,4.0,2,2,1,1978,1978,0,4,5.2,9,2249500.0
-6.25327,106.73152,West Waterfront,13.59,8.52,Single Family,1491,2882,3,3.0,1,2,1,2006,2006,0,5,5.0,5,809800.0
-6.13543,106.84019,Downtown / CBD,8.17,1.72,Condominium,969,969,2,1.5,1,0,1,1996,1996,0,8,4.92,8,585400.0
-6.19777,106.77484,West Waterfront,7.95,0.81,Townhouse,1790,2523,3,1.5,2,2,0,2021,2021,0,6,2.97,6,1147700.0
-6.08604,106.78552,Tech Corridor,15.17,4.56,Single Family,1864,5693,5,1.5,1,3,1,1986,1986,0,4,4.71,8,996200.0
-6.22678,106.8617,Downtown / CBD,2.68,0.7,Single Family,2497,6582,2,2.5,2,3,1,1996,2005,1,6,2.65,5,1426300.0
-6.0994,106.83438,North Suburbs,12.21,2.69,Townhouse,1931,2804,3,2.0,2,1,0,1995,1995,0,5,4.5,4,721400.0
-6.1956,106.92493,Downtown / CBD,8.93,2.56,Condominium,809,809,1,1.5,1,1,0,2021,2021,0,3,4.8,3,262700.0
-6.36452,107.04506,South Hills,28.09,4.02,Single Family,1062,3322,3,3.0,1,1,0,1983,2001,1,2,7.35,7,413400.0
-6.29743,106.70161,West Waterfront,18.77,0.19,Luxury Villa,3195,15815,4,4.0,2,2,0,1980,1980,0,6,4.92,8,1812200.0
-6.26336,106.74431,West Waterfront,12.77,1.02,Townhouse,838,1109,4,2.0,2,1,0,2010,2010,0,5,5.64,4,408900.0
-6.37555,106.86429,South Hills,18.63,1.67,Single Family,1921,5029,4,2.5,1,3,0,1975,1975,0,3,6.45,6,628000.0
-6.29916,106.74999,West Waterfront,14.6,2.06,Single Family,1460,3958,3,2.0,2,1,0,2014,2014,0,5,5.24,6,747000.0
-6.20825,106.82952,Downtown / CBD,1.79,0.93,Condominium,1187,1187,1,1.0,1,2,0,2010,2010,0,5,5.58,4,552300.0
-6.16141,106.81289,Downtown / CBD,6.39,2.21,Luxury Villa,5410,24842,7,4.0,2,4,1,1975,1975,0,5,4.13,8,2814000.0
-6.07779,106.76983,Tech Corridor,16.8,0.89,Townhouse,1166,1563,3,2.5,2,2,0,2002,2002,0,5,3.35,6,486700.0
-6.25678,106.70826,West Waterfront,16.15,0.1,Single Family,1531,3937,3,2.0,2,2,0,1979,2016,1,4,3.86,7,858600.0
-6.27627,106.86535,South Hills,7.8,0.45,Single Family,2203,6267,5,2.0,1,1,0,1992,1992,0,5,4.57,4,868700.0
-6.2323,106.88128,Downtown / CBD,4.74,0.3,Single Family,2372,5504,3,1.5,1,3,1,1989,2008,1,4,4.14,6,1383500.0
-6.15009,106.89283,North Suburbs,8.36,1.53,Condominium,876,876,1,1.5,1,0,0,2014,2014,0,6,4.3,5,393300.0
-6.20713,106.84764,Downtown / CBD,0.29,1.29,Single Family,2248,6407,5,2.5,1,2,0,2002,2010,1,7,5.17,7,1564400.0
-6.17955,106.85006,Downtown / CBD,3.28,7.74,Townhouse,1739,2034,2,2.0,3,1,0,1978,1978,0,6,2.01,4,588000.0
-6.23575,106.8594,Downtown / CBD,3.36,2.48,Townhouse,856,1164,3,2.0,3,2,1,2018,2018,0,7,6.67,6,623700.0
-6.21358,106.74164,West Waterfront,11.55,5.03,Townhouse,1759,2205,3,2.0,2,1,0,2002,2017,1,6,5.55,6,1027500.0
-6.32919,106.65425,West Waterfront,25.09,15.0,Single Family,2210,6264,3,3.0,2,2,0,2019,2019,0,4,7.71,6,1046200.0
-6.13946,107.01948,North Suburbs,20.78,2.62,Single Family,2162,4416,4,2.5,2,3,0,1989,1989,0,5,5.16,9,990800.0
-6.17427,106.73587,Tech Corridor,12.77,3.4,Townhouse,1253,1406,3,2.0,3,1,0,1981,1981,0,8,5.71,6,517100.0
-6.25663,106.81419,Downtown / CBD,6.35,0.57,Condominium,972,972,2,1.5,1,2,0,2018,2018,0,5,3.51,5,492500.0
-6.20247,106.87881,Downtown / CBD,3.75,1.24,Condominium,1334,1334,2,1.0,1,1,0,1986,1993,1,5,4.96,6,648700.0
-6.14674,106.79557,Tech Corridor,8.85,0.43,Townhouse,1699,2134,3,1.5,3,2,0,1992,1992,0,7,4.15,6,678000.0
-6.03805,106.84558,North Suburbs,18.95,0.19,Townhouse,1769,2563,3,2.5,2,1,0,2009,2009,0,5,6.86,7,705800.0
-5.92377,106.88645,North Suburbs,31.96,9.6,Condominium,590,590,3,2.0,1,0,1,2013,2013,0,3,9.05,6,217700.0
-6.22262,106.86517,Downtown / CBD,2.66,3.04,Condominium,450,450,2,1.5,1,0,0,2019,2019,0,6,3.43,6,325300.0
-6.15654,106.87151,Tech Corridor,6.48,2.5,Condominium,1236,1236,1,1.5,1,1,0,1984,1999,1,8,5.25,7,586800.0
-6.20296,106.64963,West Waterfront,21.76,3.22,Single Family,3441,7426,4,2.0,2,2,0,2004,2020,1,3,7.7,5,1582100.0
-6.12601,107.0455,North Suburbs,24.02,15.0,Condominium,859,859,1,2.0,1,1,0,1975,1975,0,2,6.53,7,223800.0
-6.01788,106.86978,North Suburbs,21.36,7.1,Townhouse,1521,2206,2,2.5,2,2,1,2009,2009,0,5,5.77,6,549900.0
-6.29185,106.77003,West Waterfront,12.46,2.84,Condominium,1390,1390,2,1.0,1,1,1,1975,1975,0,5,4.67,7,581600.0
-6.17367,106.81275,Tech Corridor,5.34,3.95,Condominium,450,450,1,2.0,1,0,1,2016,2016,0,3,4.67,4,207800.0
-6.38137,106.8914,South Hills,19.82,3.64,Townhouse,1540,1734,3,2.0,3,2,0,1986,1986,0,4,5.93,5,468600.0
-6.08841,106.9851,North Suburbs,20.45,6.06,Condominium,898,898,3,1.5,1,0,1,2010,2010,0,6,7.21,3,301000.0
-6.19407,106.86745,Tech Corridor,2.93,4.02,Single Family,2734,7034,3,2.0,1,3,0,2005,2005,0,7,4.77,7,1778500.0
-6.19366,106.71173,West Waterfront,14.95,1.71,Single Family,2444,4486,3,1.5,2,1,0,2011,2011,0,4,4.99,5,1029100.0
-6.01111,106.83613,North Suburbs,21.97,9.75,Townhouse,1687,2331,3,2.0,3,1,1,2006,2006,0,5,7.23,4,566800.0
-6.38638,106.92771,South Hills,21.72,2.88,Single Family,2029,6447,3,3.0,2,3,1,1999,1999,0,1,8.36,6,800200.0
-6.14989,106.78401,Tech Corridor,9.46,0.39,Townhouse,1910,2577,3,1.5,2,2,1,1978,1978,0,2,6.77,4,550500.0
-6.16113,106.79999,Tech Corridor,7.32,7.36,Townhouse,2049,2959,3,1.5,2,2,0,2021,2021,0,3,4.83,5,992400.0
-6.2326,106.82543,West Waterfront,3.46,0.56,Condominium,925,925,2,1.0,1,1,1,2019,2019,0,4,4.44,8,708100.0
-6.31476,106.73385,West Waterfront,17.09,1.43,Condominium,1438,1438,3,2.0,1,1,1,1987,1987,0,1,4.69,7,550600.0
-6.08158,106.74801,Tech Corridor,17.8,2.16,Townhouse,1130,1782,2,2.0,2,2,0,2021,2021,0,2,6.92,4,367800.0
-6.19641,106.83395,Downtown / CBD,1.89,4.56,Townhouse,1916,2382,3,2.0,3,1,0,1993,1998,1,4,6.0,5,787900.0
-6.18603,106.88303,Downtown / CBD,4.86,2.67,Single Family,3009,8184,2,2.5,1,3,0,2007,2007,0,10,3.37,8,2240300.0
-6.07101,106.92134,North Suburbs,17.45,1.45,Condominium,846,846,1,1.0,1,0,0,2015,2015,0,4,5.34,5,250800.0
-6.13525,106.82673,Tech Corridor,8.43,1.3,Single Family,2596,4813,4,2.0,2,2,1,1979,1988,1,3,4.92,5,988000.0
-6.22277,106.85153,Downtown / CBD,1.68,0.1,Single Family,1392,4035,5,2.5,1,3,0,1999,2016,1,4,2.71,6,865400.0
-6.24603,106.80968,Tech Corridor,5.74,1.69,Single Family,2537,5693,3,2.0,2,2,0,2023,2023,0,9,2.03,7,1937700.0
-6.07374,106.8166,North Suburbs,15.33,5.24,Condominium,1366,1366,2,1.5,1,1,0,1999,2021,1,1,4.61,8,536400.0
-6.04569,106.967,North Suburbs,22.57,3.47,Luxury Villa,4531,15015,7,3.5,2,3,1,1985,2001,1,4,6.66,9,2438500.0
-6.28958,106.74438,West Waterfront,14.37,4.6,Single Family,2808,8354,4,3.0,1,2,0,2012,2012,0,3,7.96,6,1563300.0
-6.17308,106.99041,North Suburbs,16.56,0.39,Condominium,1044,1044,2,1.5,1,2,1,1995,1995,0,3,5.58,3,296900.0
-6.405,106.90638,South Hills,22.8,1.68,Condominium,944,944,2,2.0,1,1,1,1981,1981,0,3,4.79,6,273700.0
-6.0217,107.01883,North Suburbs,28.3,15.0,Luxury Villa,4846,13256,4,4.0,2,3,1,1989,1989,0,4,7.16,9,1940200.0
-6.24403,106.73927,West Waterfront,12.43,2.53,Single Family,2654,6618,4,2.5,2,1,1,2009,2009,0,5,5.17,4,1460100.0
-6.29593,106.91045,South Hills,12.06,1.1,Single Family,1745,4497,3,2.5,2,2,1,1999,2017,1,4,3.32,6,936100.0
-6.37969,106.86778,South Hills,19.13,3.32,Luxury Villa,4318,15990,7,3.5,2,3,1,2023,2023,0,2,5.67,9,2386300.0
-6.36727,106.86963,South Hills,17.79,0.1,Single Family,1790,3287,5,1.5,1,2,0,2005,2005,0,6,6.23,9,983200.0
-6.22142,106.75871,Downtown / CBD,9.75,2.36,Townhouse,1425,1748,3,1.5,3,1,1,2013,2013,0,7,3.17,3,642700.0
-6.06596,106.98397,North Suburbs,22.07,6.04,Townhouse,1730,2748,3,1.5,2,1,0,2016,2016,0,1,6.04,6,617100.0
-6.16879,106.82824,Tech Corridor,4.84,2.92,Townhouse,1108,1219,2,2.0,2,1,0,1999,2016,1,4,4.52,5,510400.0
-6.23327,106.85404,Downtown / CBD,2.87,0.41,Luxury Villa,3695,21116,4,4.0,2,2,1,1983,1983,0,5,2.53,7,2485700.0
-6.20356,106.814,Downtown / CBD,3.56,2.24,Townhouse,1547,1979,4,1.5,2,1,0,1978,1978,0,6,5.84,7,694900.0
-6.33739,106.72502,West Waterfront,19.57,0.29,Single Family,2490,6037,3,1.5,2,2,1,1976,2023,1,3,7.32,9,1798600.0
-6.12024,107.05502,North Suburbs,25.24,1.44,Townhouse,963,1462,2,2.5,2,2,1,2013,2013,0,2,5.24,6,399600.0
-6.23502,106.71665,West Waterfront,14.61,0.1,Townhouse,1750,2547,3,2.0,2,1,0,1995,1995,0,4,6.18,5,706300.0
-6.26183,106.72843,West Waterfront,14.28,0.9,Townhouse,1544,1884,4,1.5,2,1,0,2009,2009,0,3,6.76,6,748300.0
-6.21291,106.7231,West Waterfront,13.6,15.0,Condominium,648,648,2,1.5,1,1,0,2003,2003,0,6,5.32,8,390000.0
-6.00447,106.96026,North Suburbs,26.01,3.36,Condominium,491,491,3,1.5,1,0,1,2006,2017,1,3,8.07,6,230200.0
-6.24305,106.73897,West Waterfront,12.43,2.85,Single Family,2716,7080,4,1.5,2,2,1,1985,2018,1,3,3.5,7,1763300.0
-6.22893,106.74019,West Waterfront,11.91,1.56,Townhouse,1246,1978,3,2.0,2,2,0,2008,2017,1,8,2.83,9,1149600.0
-6.22318,106.86875,Downtown / CBD,3.02,3.23,Townhouse,1660,1904,3,2.5,2,1,0,1994,1994,0,6,4.26,7,893300.0
-6.16525,106.87354,Tech Corridor,5.74,4.21,Condominium,888,888,2,2.0,1,1,0,1977,1977,0,8,2.86,5,331900.0
-6.27459,106.75665,West Waterfront,12.28,2.47,Single Family,2885,5204,3,1.5,2,1,1,1992,1992,0,6,3.45,7,1596600.0
-6.16338,106.83354,Tech Corridor,5.22,6.02,Luxury Villa,3782,11617,6,3.5,2,3,1,1983,1983,0,5,4.23,6,1891300.0
-6.2371,106.71407,West Waterfront,14.93,1.35,Condominium,1088,1088,2,1.0,1,0,1,2021,2021,0,6,5.03,7,709400.0
-6.32257,106.88194,South Hills,13.26,0.47,Single Family,2838,5492,3,2.5,2,2,1,1980,2010,1,2,6.31,6,1226400.0
-6.41042,106.88994,South Hills,22.91,2.6,Townhouse,1880,2286,2,2.0,3,1,0,1980,1980,0,1,6.01,6,426800.0
-6.17647,106.75038,Tech Corridor,11.16,6.16,Single Family,2719,9488,5,2.5,1,1,0,1997,1997,0,5,5.88,4,1013600.0
-6.14364,106.8768,North Suburbs,8.02,5.05,Townhouse,1383,1632,2,2.0,2,2,1,2022,2022,0,8,7.59,9,976100.0
-6.20183,106.80591,Downtown / CBD,4.47,4.68,Townhouse,1543,2285,4,2.0,2,2,0,2010,2010,0,6,4.72,7,975900.0
-6.24475,106.92111,South Hills,9.28,5.8,Luxury Villa,3740,13872,5,4.0,2,3,1,1981,1981,0,3,3.97,9,1945500.0
-6.23747,106.83442,Downtown / CBD,3.42,1.53,Condominium,1696,1696,1,2.0,1,0,1,2017,2017,0,7,4.48,3,770200.0
-6.25258,106.66641,West Waterfront,20.48,1.69,Single Family,450,495,4,2.0,1,2,0,1998,1998,0,4,5.82,5,246100.0
-6.2686,106.66422,West Waterfront,21.2,3.25,Single Family,2760,8876,4,2.5,2,2,0,2013,2013,0,2,7.03,6,1116600.0
-6.12309,106.96324,North Suburbs,16.16,5.79,Townhouse,1872,2534,2,2.0,2,2,0,2004,2004,0,5,5.59,2,513700.0
-6.2781,106.77732,West Waterfront,10.8,3.67,Single Family,1523,3793,3,1.5,2,2,1,2005,2015,1,4,6.93,6,1018000.0
-6.05239,106.86079,North Suburbs,17.44,1.76,Townhouse,2178,3044,3,2.5,2,2,0,1989,1989,0,4,4.69,7,772500.0
-6.05711,106.92537,North Suburbs,19.02,1.4,Single Family,1889,5567,2,2.5,2,1,1,2002,2023,1,7,7.93,7,1215600.0
-6.17069,106.76647,Tech Corridor,9.75,1.07,Condominium,1245,1245,2,1.0,1,0,1,2005,2016,1,6,4.5,5,646600.0
-5.92127,106.99375,North Suburbs,35.9,2.05,Luxury Villa,5652,27896,4,6.0,2,4,1,2003,2003,0,2,7.91,8,2860900.0
-6.296,106.7196,West Waterfront,17.01,3.88,Condominium,726,726,2,2.0,1,0,0,1997,1997,0,2,5.04,8,371600.0
-6.2365,106.7645,Downtown / CBD,9.51,0.93,Condominium,1147,1147,2,1.5,1,2,1,2023,2023,0,2,0.83,6,558700.0
-5.9614,106.96083,North Suburbs,30.29,4.4,Townhouse,1704,2016,3,2.0,2,1,1,1979,2007,1,4,5.66,5,526400.0
-6.10119,106.72675,Tech Corridor,17.8,5.34,Townhouse,1575,2214,3,2.0,2,2,0,1990,1990,0,3,6.71,6,520400.0
-6.22062,106.75726,West Waterfront,9.89,0.1,Single Family,2005,6469,3,2.0,2,2,0,1980,2013,1,7,5.61,6,1304100.0
-6.00517,106.8711,North Suburbs,22.78,3.83,Townhouse,1740,2501,3,2.0,2,1,0,2005,2005,0,3,4.43,7,625100.0
-6.26314,106.70459,West Waterfront,16.77,1.68,Townhouse,1702,2182,2,1.5,2,1,0,2019,2019,0,8,5.19,5,939500.0
-6.19011,106.8229,Downtown / CBD,3.26,1.57,Single Family,2795,5429,5,1.5,1,3,0,1985,1985,0,8,4.04,5,1360500.0
-6.20325,106.87419,Downtown / CBD,3.23,2.13,Townhouse,1883,2494,3,1.5,3,2,1,2009,2009,0,4,3.34,9,1295400.0
-6.31757,106.83382,South Hills,12.14,1.29,Townhouse,1150,1364,3,2.5,2,1,0,2006,2006,0,4,3.71,6,576200.0
-6.43741,106.8908,South Hills,25.87,2.19,Townhouse,2089,2481,2,2.0,2,1,0,2013,2013,0,2,7.7,7,705600.0
-6.05132,106.91844,North Suburbs,19.26,3.12,Single Family,2661,5870,4,2.0,1,1,0,2005,2005,0,6,4.39,4,1005700.0
-6.20097,106.78565,Downtown / CBD,6.71,3.15,Single Family,1827,5976,3,1.5,2,2,0,1986,2017,1,8,6.13,7,1432900.0
-6.05241,106.78318,Tech Corridor,18.69,0.99,Single Family,1675,5713,2,2.5,1,2,0,1981,1981,0,1,5.7,4,482400.0
-6.27224,106.72955,West Waterfront,14.68,0.99,Condominium,932,932,2,2.0,1,1,1,2016,2016,0,5,6.1,7,574200.0
-6.28424,106.84547,South Hills,8.37,1.13,Single Family,2689,5204,4,2.0,1,2,1,2010,2010,0,5,5.06,4,1196900.0
-6.33736,106.89788,South Hills,15.4,6.99,Luxury Villa,3091,8573,6,5.0,2,3,1,1976,1976,0,3,3.5,10,1498000.0
-6.1946,106.81613,Downtown / CBD,3.63,0.12,Townhouse,1311,1993,2,2.5,2,1,1,1984,2000,1,7,2.11,6,805300.0
-6.29653,106.74621,West Waterfront,14.72,1.48,Condominium,1193,1193,2,1.5,1,1,0,2023,2023,0,4,6.19,7,717900.0
-6.25211,106.8213,South Hills,5.51,1.91,Townhouse,1847,2870,3,2.0,2,1,0,2016,2016,0,4,3.62,7,904800.0
-5.99739,106.8668,North Suburbs,23.58,4.67,Condominium,951,951,2,2.0,1,1,1,2004,2011,1,3,5.96,5,328000.0
-6.40197,106.9516,South Hills,24.46,0.57,Single Family,1453,4939,5,2.0,2,2,0,2000,2000,0,6,7.52,7,715900.0
-6.08018,106.79744,Tech Corridor,15.24,1.19,Single Family,2535,5030,3,1.5,2,3,1,2021,2021,0,6,4.38,4,1212900.0
-6.19314,106.89344,Downtown / CBD,5.59,5.73,Luxury Villa,4451,23719,4,4.0,2,3,1,1981,1981,0,7,4.79,10,3132300.0
-6.22682,106.86401,Downtown / CBD,2.86,1.41,Luxury Villa,4206,21091,6,3.5,3,3,1,2017,2017,0,5,2.5,7,3507600.0
-6.33747,106.68153,West Waterfront,23.14,0.34,Townhouse,1812,2584,3,1.5,2,1,1,2011,2011,0,6,6.97,5,835200.0
-6.26359,106.78322,West Waterfront,9.22,0.62,Single Family,2168,5677,3,3.0,2,2,0,1990,1990,0,5,3.84,4,892700.0
-6.11387,106.97899,North Suburbs,18.17,2.45,Single Family,2528,7209,5,2.5,2,2,0,2000,2016,1,5,6.16,6,1080400.0
-6.24123,106.87174,Downtown / CBD,4.62,6.17,Condominium,548,548,1,1.5,1,0,1,2000,2013,1,5,3.02,8,352100.0
-6.35981,106.92358,South Hills,18.86,6.41,Single Family,967,3349,3,2.0,1,3,0,1986,2020,1,4,2.54,6,463200.0
-6.10228,106.9302,North Suburbs,15.1,6.44,Condominium,946,946,1,1.0,1,0,1,1983,1983,0,6,4.62,6,344900.0
-6.14143,106.80873,Tech Corridor,8.52,1.58,Condominium,844,844,1,2.0,1,1,1,1982,1982,0,4,5.52,7,403900.0
-6.0981,106.77114,Tech Corridor,14.81,2.65,Townhouse,1384,2030,3,2.0,2,2,0,1987,1987,0,6,4.33,4,432800.0
-6.23271,106.74868,West Waterfront,11.08,1.37,Condominium,932,932,1,1.0,1,1,1,1989,1998,1,7,2.13,4,431900.0
-6.2239,106.85546,Downtown / CBD,2.0,3.6,Single Family,2753,6036,4,2.0,1,1,0,1987,1987,0,7,2.79,5,1341300.0
-6.14831,106.73785,Tech Corridor,13.72,1.77,Condominium,1550,1550,2,1.0,1,0,1,1993,1993,0,3,5.81,7,568300.0
-6.10689,106.93989,North Suburbs,15.41,7.16,Condominium,1068,1068,1,2.0,1,1,1,1983,1983,0,4,5.32,5,304500.0
-6.22082,106.73869,West Waterfront,11.94,2.52,Condominium,791,791,2,1.0,1,0,0,1979,1979,0,1,7.22,6,247500.0
-6.17733,106.86028,Downtown / CBD,3.85,0.14,Condominium,1113,1113,2,2.0,1,1,1,1987,1993,1,7,2.77,8,671400.0
-6.04649,106.82665,North Suburbs,18.14,3.07,Single Family,1819,4138,5,2.0,2,3,1,2014,2014,0,3,3.65,6,890000.0
-6.08358,106.95989,North Suburbs,18.82,12.49,Townhouse,1456,1832,3,2.0,3,1,0,1988,1988,0,5,5.05,6,439700.0
-6.35271,106.83568,South Hills,16.01,2.47,Condominium,1101,1101,2,2.0,1,0,1,1986,2009,1,4,6.53,3,383800.0
-6.19881,106.77441,West Waterfront,7.98,1.3,Luxury Villa,4418,13775,7,5.0,3,3,1,2014,2014,0,5,6.22,8,3597800.0
-6.13506,106.84136,Tech Corridor,8.2,0.23,Single Family,2441,8182,3,2.0,2,2,0,2000,2021,1,6,3.75,6,1409200.0
-6.29808,106.94929,South Hills,15.19,5.66,Single Family,1697,4635,2,3.0,2,2,0,1975,1975,0,6,6.06,6,596700.0
-6.22471,106.86257,Downtown / CBD,2.58,0.5,Townhouse,1619,2417,4,2.5,2,1,0,2001,2006,1,3,5.23,6,731500.0
-6.35978,106.98802,South Hills,23.04,0.26,Single Family,2376,6644,2,2.0,1,2,0,1999,2023,1,5,5.01,6,1172400.0
-6.27716,106.97991,South Hills,16.73,10.25,Condominium,920,920,2,1.5,1,1,1,1999,1999,0,1,5.93,7,302400.0
-6.0982,106.81692,Tech Corridor,12.68,2.06,Townhouse,1387,1616,3,2.5,2,1,0,1991,2016,1,6,3.01,7,808500.0
-6.37291,106.89398,South Hills,18.99,2.22,Single Family,1763,3513,2,3.0,2,2,0,1977,1991,1,3,8.18,5,546800.0
-6.16392,106.83803,Downtown / CBD,5.05,1.03,Single Family,2848,8492,4,2.5,1,1,0,1995,1995,0,5,4.04,7,1587900.0
-6.1519,106.86252,Downtown / CBD,6.59,0.1,Single Family,2631,8541,3,1.5,2,3,1,1987,1987,0,6,5.26,5,1224100.0
-6.20292,106.8389,Downtown / CBD,0.99,0.11,Townhouse,2058,3242,3,2.0,2,1,0,2022,2022,0,4,4.38,5,1190700.0
-6.27919,106.78023,West Waterfront,10.66,0.56,Condominium,609,609,2,1.5,1,2,1,2002,2002,0,5,5.94,6,372600.0
-6.05343,106.86328,North Suburbs,17.36,2.68,Luxury Villa,4163,23762,5,4.0,2,4,1,1999,2021,1,4,5.33,7,3009900.0
-6.31768,106.92665,South Hills,15.07,3.43,Condominium,513,513,2,1.0,1,1,1,1994,1994,0,4,4.4,4,168400.0
-6.25238,106.74663,West Waterfront,12.0,1.21,Townhouse,1855,2082,2,2.0,2,2,0,2013,2013,0,4,5.31,5,989000.0
-6.10313,106.99463,North Suburbs,20.28,2.99,Condominium,1184,1184,3,2.0,1,0,0,1983,2002,1,6,7.39,7,482500.0
-6.05047,106.77943,Tech Corridor,19.05,0.91,Single Family,2208,4876,3,1.5,2,2,0,1996,1996,0,5,3.88,6,913200.0
-6.2343,106.83459,Downtown / CBD,3.08,4.52,Single Family,2163,5922,3,1.5,1,1,1,1997,2002,1,5,1.7,7,1316600.0
-6.13521,106.83211,Tech Corridor,8.3,0.1,Townhouse,1129,1617,3,2.0,2,1,0,2008,2008,0,5,5.18,6,614700.0
-6.10569,106.96307,North Suburbs,17.35,11.08,Single Family,2963,9295,3,2.5,2,3,0,1991,1991,0,7,4.92,5,1094900.0
-6.11836,106.79995,North Suburbs,11.25,1.91,Condominium,1008,1008,2,1.0,1,1,0,2008,2008,0,7,4.42,9,623100.0
-6.13265,106.81593,Tech Corridor,9.07,4.16,Single Family,2885,6402,3,3.0,2,3,0,1981,1981,0,3,4.66,4,848700.0
-6.10621,106.85338,North Suburbs,11.42,3.23,Luxury Villa,3869,19460,5,6.0,2,3,1,1975,1999,1,1,6.03,8,1889400.0
-6.27832,106.7782,West Waterfront,10.75,7.97,Single Family,1303,2386,5,2.5,2,2,1,2015,2015,0,6,5.46,7,914700.0
-6.41103,106.92616,South Hills,24.16,0.54,Townhouse,1590,2092,4,1.5,2,1,1,2011,2011,0,4,7.72,6,620000.0
-6.18665,106.89612,Downtown / CBD,6.12,1.7,Single Family,2050,6731,4,2.0,2,2,0,2023,2023,0,6,5.08,6,1446900.0
-6.12424,106.83545,Tech Corridor,9.45,0.34,Townhouse,1440,1820,3,2.0,2,1,0,2023,2023,0,4,4.49,8,845900.0
-6.36747,106.90335,South Hills,18.74,7.19,Townhouse,1575,2475,4,2.5,2,2,0,1976,1976,0,2,6.2,5,436000.0
-6.29567,106.92512,South Hills,13.07,0.47,Single Family,1831,5259,2,2.5,1,2,0,2009,2009,0,5,4.75,5,882500.0
-6.07574,106.91754,North Suburbs,16.79,0.2,Townhouse,1790,2429,3,2.0,2,1,0,2020,2020,0,7,5.16,5,759400.0
-6.30149,106.91447,South Hills,12.82,3.31,Townhouse,1020,1309,3,2.0,3,2,0,1992,1992,0,6,8.19,6,447600.0
-6.28739,106.87549,Downtown / CBD,9.33,4.59,Luxury Villa,4498,15613,4,6.0,2,3,1,2020,2020,0,6,3.82,9,3497000.0
-6.02339,106.9978,North Suburbs,26.63,11.93,Single Family,3049,5695,3,2.5,2,3,0,2010,2010,0,6,8.94,6,1275500.0
-6.2652,106.76672,West Waterfront,10.76,9.26,Single Family,2070,3990,4,3.0,2,1,1,2003,2003,0,7,5.47,9,1504100.0
-6.3234,106.8109,South Hills,13.29,2.89,Townhouse,1230,1911,2,1.5,3,1,0,1981,2009,1,4,5.57,4,416400.0
-6.05893,106.88026,North Suburbs,17.07,6.55,Luxury Villa,5614,24967,4,3.5,2,3,1,2015,2015,0,3,7.15,9,3663900.0
-6.34865,106.91254,South Hills,17.21,9.03,Single Family,2830,6457,3,2.0,2,1,0,1980,1980,0,3,6.09,5,735800.0
-6.20978,106.8808,Downtown / CBD,3.91,0.43,Single Family,2011,6314,4,2.0,2,2,0,1993,1993,0,6,4.06,5,1066200.0
-6.222,106.72911,West Waterfront,13.01,6.59,Single Family,2245,6702,4,2.0,1,2,1,1989,1989,0,4,5.88,8,1083400.0
-6.2929,106.87284,South Hills,9.81,4.13,Single Family,1876,4429,4,2.0,1,2,0,1986,1986,0,7,5.46,6,947100.0
-6.34611,106.85804,South Hills,15.3,0.81,Single Family,2367,7942,4,2.5,2,2,0,1998,1998,0,5,3.29,4,910500.0
-6.05402,107.01395,North Suburbs,25.38,5.5,Condominium,846,846,1,2.0,1,0,0,1999,1999,0,3,8.49,8,282200.0
-6.07137,106.66362,Tech Corridor,25.31,1.4,Single Family,1565,5226,4,2.0,1,2,0,2003,2015,1,2,5.58,7,670800.0
-6.1948,106.76662,Tech Corridor,8.9,4.29,Townhouse,681,896,4,2.5,2,1,1,2015,2015,0,7,6.14,6,479800.0
-6.25911,106.73764,West Waterfront,13.22,1.46,Single Family,1870,3688,4,2.5,2,1,0,1990,1990,0,2,4.08,6,843300.0
-6.06799,106.97703,North Suburbs,21.38,1.73,Townhouse,1438,1694,3,1.5,2,1,0,1983,1983,0,5,4.85,8,486600.0
-6.14552,106.93098,Tech Corridor,11.8,0.67,Townhouse,1221,1833,3,2.5,3,1,0,2012,2012,0,7,5.31,6,705700.0
-6.26955,106.89593,Downtown / CBD,8.76,0.25,Single Family,1674,5633,2,3.0,2,1,0,1985,1985,0,6,3.56,4,637600.0
-6.36083,106.97585,South Hills,22.22,2.73,Single Family,3045,5712,4,3.0,2,2,1,1988,1988,0,3,4.39,6,1001800.0
-6.25888,106.88223,Downtown / CBD,6.89,0.44,Single Family,2058,4267,3,2.0,2,2,0,2011,2011,0,9,2.52,5,1224200.0
-6.3526,106.83438,South Hills,16.01,6.84,Townhouse,1305,1999,2,2.0,3,1,0,2009,2009,0,3,7.41,7,509000.0
-6.0358,106.99047,North Suburbs,25.05,3.72,Single Family,1891,4458,4,3.0,1,2,1,2015,2015,0,3,7.24,5,745900.0
-6.0655,106.82103,North Suburbs,16.14,2.06,Townhouse,1344,1869,3,1.5,3,1,0,1979,1979,0,5,3.56,7,470700.0
-6.45356,106.95194,South Hills,29.62,0.88,Townhouse,1942,3096,3,2.5,2,1,1,1998,1998,0,1,7.85,4,502500.0
-6.19462,106.79711,Downtown / CBD,5.61,2.5,Single Family,2013,4023,4,1.5,2,2,0,1999,1999,0,7,2.22,7,1216400.0
-6.24648,106.78075,West Waterfront,8.33,2.78,Townhouse,1640,2325,3,2.5,2,1,1,2000,2015,1,4,3.71,5,1013900.0
-6.28619,106.67246,West Waterfront,21.05,0.73,Single Family,2280,6640,4,1.5,2,1,0,1994,1994,0,7,3.58,6,1155500.0
-6.27103,106.96644,South Hills,15.09,1.12,Condominium,1036,1036,3,2.0,1,1,0,1996,1996,0,5,5.27,6,392600.0
-6.37383,106.91751,South Hills,19.98,2.5,Condominium,750,750,2,1.5,1,1,0,2004,2017,1,4,5.21,6,343400.0
-6.04399,107.06079,North Suburbs,30.09,6.29,Single Family,2254,5596,3,1.5,2,2,0,2001,2001,0,1,7.86,6,664400.0
-6.19349,106.85004,South Hills,1.77,0.1,Single Family,2645,7657,5,2.0,2,2,1,1991,1991,0,6,2.49,6,1639100.0
-6.19443,106.8587,Downtown / CBD,2.16,4.49,Luxury Villa,3318,12308,4,4.0,3,4,1,2008,2015,1,6,4.18,7,2449500.0
-6.16712,106.74775,Tech Corridor,11.8,0.96,Condominium,1081,1081,1,1.0,1,1,0,1986,1986,0,5,6.45,3,308500.0
-6.10474,106.72695,Tech Corridor,17.52,10.19,Condominium,956,956,3,1.0,1,1,0,1992,1992,0,2,5.45,6,301200.0
-6.28558,106.72361,West Waterfront,16.0,0.22,Single Family,2744,5647,3,3.0,1,2,0,1999,2023,1,1,5.61,3,987800.0
-6.2715,106.7449,West Waterfront,13.17,0.97,Single Family,2255,5222,4,2.0,2,1,0,1981,1987,1,5,5.55,5,990100.0
-6.04693,106.8653,North Suburbs,18.1,0.1,Single Family,2293,6324,3,2.0,2,3,1,2014,2014,0,7,5.3,7,1301200.0
-6.0922,106.79214,Tech Corridor,14.24,1.92,Luxury Villa,3514,9051,4,3.5,3,2,1,1993,1993,0,4,5.3,7,1706000.0
-6.35622,106.91027,South Hills,17.87,0.7,Luxury Villa,5248,16378,6,6.0,2,3,0,1977,2013,1,5,7.89,6,2630200.0
-6.25265,106.74271,West Waterfront,12.41,2.69,Townhouse,2185,2438,3,1.5,2,2,0,2016,2016,0,4,5.02,7,1342800.0
-6.10074,106.82533,North Suburbs,12.2,1.18,Single Family,1901,5767,4,2.0,1,2,0,1990,2020,1,5,3.46,6,1058500.0
-6.20307,106.84238,Downtown / CBD,0.73,0.1,Single Family,1903,4403,4,2.0,2,2,0,2013,2013,0,6,4.81,7,1448500.0
-6.23417,106.79781,West Waterfront,6.01,0.36,Single Family,2855,8521,4,1.5,2,1,0,1980,1980,0,6,6.15,7,1488300.0
-6.08959,106.7788,Tech Corridor,15.17,3.36,Single Family,2516,5691,4,2.5,2,2,1,2001,2001,0,3,4.16,3,810700.0
-6.27476,106.84242,Downtown / CBD,7.33,0.8,Condominium,973,973,2,1.0,1,2,1,1984,1984,0,8,3.5,6,497800.0
-6.23338,106.77267,West Waterfront,8.54,0.88,Townhouse,968,1208,3,2.0,2,2,0,1981,1995,1,7,6.3,6,558000.0
-6.32762,106.87682,South Hills,13.64,3.69,Single Family,1510,4512,4,3.0,2,2,0,1978,1978,0,4,6.29,3,441600.0
-6.14632,106.73938,Tech Corridor,13.68,0.66,Single Family,2869,9946,5,2.0,2,2,0,2003,2003,0,1,4.9,6,1154700.0
-6.23107,106.72442,West Waterfront,13.68,0.63,Townhouse,1859,2380,4,2.5,3,1,0,1993,2011,1,7,4.46,7,1200300.0
-6.04039,107.03202,North Suburbs,27.89,1.27,Single Family,1829,4848,4,3.0,2,2,1,1991,2015,1,5,8.61,5,833700.0
-6.29712,106.70094,West Waterfront,18.81,2.43,Condominium,707,707,2,1.0,1,1,1,1983,1992,1,5,5.49,5,313400.0
-6.24721,106.86578,Downtown / CBD,4.82,3.84,Single Family,1986,5979,3,3.0,1,2,0,1976,2021,1,3,5.76,6,1212700.0
-6.31564,106.74065,West Waterfront,16.62,7.74,Single Family,1605,3074,2,2.5,1,3,0,2018,2018,0,6,4.55,6,943700.0
-6.04718,106.92113,North Suburbs,19.8,5.59,Single Family,1724,4186,3,2.5,1,2,1,1998,1998,0,4,6.88,7,811300.0
-6.23057,106.85275,Downtown / CBD,2.54,0.63,Condominium,1203,1203,1,1.5,1,0,0,1988,2003,1,4,4.29,4,490700.0
-6.02643,106.97351,North Suburbs,24.73,0.25,Single Family,2127,7431,3,2.5,1,3,1,2002,2023,1,3,7.91,8,1258000.0
-6.18468,106.80392,Tech Corridor,5.35,3.0,Townhouse,1939,2389,3,1.5,2,1,0,1996,2017,1,6,2.42,6,1195600.0
-6.2582,106.7241,West Waterfront,14.56,3.02,Single Family,2413,5311,3,2.5,2,2,0,1981,1981,0,5,5.87,7,978600.0
-6.35849,106.90386,South Hills,17.83,3.32,Condominium,851,851,2,1.0,1,1,1,1995,2021,1,5,4.76,6,423700.0
-6.10679,107.04567,North Suburbs,24.93,0.12,Single Family,1657,4939,4,2.0,1,1,1,1976,1976,0,2,6.84,6,482100.0
-6.23603,106.7896,Downtown / CBD,6.91,4.02,Townhouse,1234,1485,3,2.5,2,1,0,1993,1993,0,5,2.5,6,523400.0
-6.19809,106.83512,Downtown / CBD,1.66,0.49,Townhouse,1132,1448,4,2.5,2,1,0,2021,2021,0,6,2.94,6,761600.0
-6.2722,106.72296,West Waterfront,15.32,3.77,Single Family,1650,4600,3,2.5,2,2,0,2018,2018,0,6,5.06,6,1071600.0
-6.17674,106.74492,Tech Corridor,11.73,0.63,Single Family,2264,7546,5,3.0,2,1,0,2014,2014,0,6,6.76,7,1414300.0
-6.2731,106.67806,West Waterfront,19.92,0.34,Condominium,955,955,2,1.0,1,1,1,2019,2019,0,2,6.31,5,444800.0
-6.21166,106.79157,Downtown / CBD,6.01,2.47,Condominium,638,638,2,2.0,1,0,0,1999,1999,0,5,1.38,6,323500.0
-6.14413,106.89415,North Suburbs,8.98,5.22,Townhouse,1870,2837,4,1.5,2,2,1,1991,1991,0,8,5.15,6,925100.0
-5.98098,106.84793,North Suburbs,25.29,1.34,Single Family,2297,5095,4,3.0,2,1,0,1996,2009,1,4,6.7,4,719000.0
-6.30413,106.7551,West Waterfront,14.59,1.53,Luxury Villa,3243,12405,5,4.0,2,2,1,2021,2021,0,6,6.84,7,2525400.0
-6.0638,106.91176,North Suburbs,17.69,0.86,Townhouse,2016,2947,4,2.5,2,1,0,2000,2000,0,6,5.3,9,1023000.0
-6.31167,106.90254,South Hills,13.05,4.41,Single Family,2004,5341,3,2.5,1,1,0,1999,2008,1,3,4.77,6,811100.0
-6.22234,106.77052,West Waterfront,8.47,0.38,Luxury Villa,3174,17227,6,5.0,2,2,1,2007,2022,1,6,3.21,10,3804000.0
-6.19015,106.82333,Downtown / CBD,3.22,0.54,Single Family,4008,11707,2,2.5,1,2,0,2004,2010,1,6,3.33,8,2973000.0
-6.18995,106.8636,Downtown / CBD,2.89,1.83,Single Family,1779,4664,4,2.5,1,3,0,1982,1982,0,7,5.01,6,1055200.0
-6.29917,106.89493,South Hills,11.43,5.0,Single Family,2395,8235,4,2.0,2,3,0,2019,2019,0,4,5.33,6,1373900.0
-6.34977,106.89935,South Hills,16.75,5.38,Luxury Villa,5569,14797,6,6.0,2,3,1,2023,2023,0,6,4.42,8,3498000.0
-6.21178,106.8353,Downtown / CBD,1.19,1.93,Single Family,2818,7700,4,2.5,2,3,0,1976,1976,0,8,2.87,3,1237100.0
-6.13983,106.83885,Downtown / CBD,7.69,1.13,Condominium,836,836,2,1.0,1,2,1,2001,2001,0,6,2.56,6,480400.0
-6.31679,106.74939,West Waterfront,16.05,1.1,Single Family,2098,6818,3,2.0,1,2,0,2005,2019,1,4,5.29,7,1252300.0
-6.1439,106.84989,Downtown / CBD,7.22,0.88,Single Family,1995,3661,3,3.0,2,2,0,1978,1978,0,5,4.39,7,885100.0
-6.33197,106.89799,South Hills,14.86,1.61,Single Family,2282,6458,2,2.0,1,2,0,2009,2009,0,1,3.87,5,865100.0
-6.23451,106.88736,Downtown / CBD,5.44,1.6,Townhouse,1781,2417,4,2.0,2,2,1,1991,1991,0,6,3.94,8,1043600.0
-6.1799,106.87628,Downtown / CBD,4.68,0.95,Condominium,1117,1117,1,1.0,1,1,0,1992,2020,1,6,5.13,6,608300.0
-6.1404,106.73805,Tech Corridor,14.15,1.64,Single Family,1562,5323,3,2.0,2,1,1,2005,2005,0,1,3.98,7,762400.0
-6.18015,106.89667,Downtown / CBD,6.5,6.84,Single Family,2272,5266,4,2.0,1,2,1,2016,2016,0,6,4.27,5,1335400.0
-6.25579,106.93508,South Hills,11.22,12.66,Townhouse,1322,1950,4,1.5,3,1,0,1986,2005,1,7,4.47,4,547500.0
-6.25542,106.71163,West Waterfront,15.75,7.56,Single Family,1910,4403,3,2.5,2,2,0,1986,1986,0,6,4.83,6,799900.0
-6.28095,106.81058,West Waterfront,8.9,4.19,Single Family,2710,8492,3,2.0,2,2,0,1988,1988,0,7,4.55,4,1380900.0
-6.10093,106.70678,Tech Corridor,19.51,1.9,Condominium,637,637,3,1.0,1,1,0,2007,2013,1,2,5.23,4,229400.0
-6.04831,106.9712,North Suburbs,22.62,1.65,Single Family,1917,6054,2,2.5,2,2,0,1998,2007,1,2,7.0,7,748400.0
-6.10023,106.72931,Tech Corridor,17.66,2.43,Townhouse,1220,1927,2,1.5,3,1,0,2015,2015,0,4,6.83,8,583800.0
-6.28023,106.76012,West Waterfront,12.36,0.26,Single Family,2731,5856,3,2.0,2,2,0,2008,2008,0,6,3.78,5,1346700.0
-6.22495,106.74968,West Waterfront,10.8,6.17,Townhouse,2124,2849,3,1.5,2,2,1,1984,1984,0,4,4.33,4,790000.0
-6.0614,106.94622,North Suburbs,19.81,1.34,Single Family,2474,6807,5,2.5,2,2,0,1981,1992,1,4,6.49,7,1084600.0
-6.10854,106.81961,Tech Corridor,11.5,1.22,Luxury Villa,3707,14044,5,4.0,3,4,1,2011,2011,0,6,5.16,9,2660600.0
-6.34413,106.77711,West Waterfront,16.84,12.6,Single Family,1734,5498,2,1.5,2,2,0,1986,2014,1,5,6.53,6,937200.0
-6.25179,106.66821,West Waterfront,20.26,3.92,Townhouse,2049,2765,4,1.5,2,2,0,1997,2005,1,3,4.95,4,843200.0
-6.06009,106.92818,North Suburbs,18.88,8.22,Single Family,3010,8726,3,2.0,2,2,1,2006,2006,0,6,6.46,7,1482300.0
-6.24149,106.74725,West Waterfront,11.5,3.06,Single Family,889,2577,4,2.5,2,3,1,1976,2007,1,6,4.74,7,719600.0
-6.2854,106.8041,West Waterfront,9.67,1.15,Townhouse,1409,1691,4,2.5,2,1,0,2015,2015,0,4,6.21,6,872600.0
-6.04265,106.82906,North Suburbs,18.53,0.66,Single Family,1547,4670,3,2.0,2,1,0,1996,2017,1,3,5.39,3,540700.0
-6.06986,107.03149,North Suburbs,25.76,1.41,Single Family,1867,3417,4,2.0,1,1,1,2020,2020,0,3,7.03,10,996800.0
-6.29536,106.74878,West Waterfront,14.42,3.66,Single Family,2353,7816,4,2.0,1,3,0,2007,2007,0,4,6.0,7,1470100.0
-6.21579,107.01589,North Suburbs,18.92,2.57,Townhouse,1509,1900,2,2.5,2,1,0,1984,1984,0,2,6.81,6,433300.0
-6.18505,106.84128,Downtown / CBD,2.68,1.05,Single Family,1881,5766,5,2.0,2,2,1,2009,2009,0,8,2.48,5,1265700.0
-6.14336,106.74364,Tech Corridor,13.45,10.85,Luxury Villa,3203,14727,5,3.5,2,3,1,1980,2019,1,2,5.25,10,2158600.0
-6.3378,106.97654,South Hills,20.4,1.42,Condominium,940,940,2,1.5,1,1,1,2000,2016,1,3,4.43,7,448700.0
-6.34691,106.95406,South Hills,19.49,3.3,Single Family,2137,6242,2,2.0,2,2,0,2004,2018,1,1,6.83,6,864600.0
-6.28273,106.99043,South Hills,18.05,1.46,Condominium,1565,1565,1,1.5,1,1,1,2018,2018,0,4,6.41,7,688100.0
-6.14178,106.73371,Tech Corridor,14.48,1.44,Luxury Villa,4827,19219,6,4.0,2,3,1,2005,2005,0,4,6.4,6,2284700.0
-6.26456,106.68462,West Waterfront,18.91,0.1,Luxury Villa,5693,17068,4,5.0,2,3,0,1979,1979,0,3,4.88,8,2508400.0
-6.18404,106.88731,Downtown / CBD,5.38,0.26,Single Family,860,2408,2,2.0,1,3,0,1985,2003,1,7,6.38,5,457700.0
-6.23892,106.87419,Downtown / CBD,4.61,1.2,Single Family,1137,2893,3,2.5,1,3,0,1980,1980,0,5,3.25,5,506200.0
-6.00892,106.82752,North Suburbs,22.28,0.46,Townhouse,1689,2294,4,2.0,2,2,1,2010,2010,0,6,5.73,7,859500.0
-6.29412,106.76054,West Waterfront,13.37,0.89,Single Family,2587,6575,4,2.0,1,3,0,2012,2012,0,7,4.84,6,1684400.0
-6.05867,106.9587,North Suburbs,20.86,4.85,Single Family,2542,8111,3,2.0,2,2,0,1995,1995,0,4,6.97,7,991200.0
-6.12188,106.78444,Tech Corridor,11.8,0.87,Single Family,2930,6388,3,2.0,1,3,0,1984,1984,0,3,6.35,6,1180300.0
-6.27506,106.68031,West Waterfront,19.77,3.84,Single Family,2149,5876,3,3.0,1,2,0,1983,2002,1,5,6.46,5,1012600.0
-6.03784,106.93907,North Suburbs,21.63,3.52,Single Family,1822,4559,3,2.0,2,2,0,1980,2008,1,5,7.54,8,868400.0
-6.24099,106.68037,West Waterfront,18.69,4.33,Single Family,2160,4662,4,3.0,1,2,0,2023,2023,0,3,6.98,5,1138100.0
-6.32819,106.86279,South Hills,13.39,6.43,Luxury Villa,3420,14411,5,5.0,2,3,1,1985,1985,0,7,5.3,7,1807200.0
-6.10975,106.88317,North Suburbs,11.76,2.2,Townhouse,2203,2721,2,2.0,2,1,0,2018,2018,0,1,4.6,3,648000.0
-6.41415,106.91687,South Hills,24.13,2.2,Single Family,1991,5792,5,2.0,2,1,1,1994,2013,1,3,7.26,8,942200.0
-6.07682,106.74474,Tech Corridor,18.44,1.48,Townhouse,1561,1853,3,2.5,3,2,0,1994,1994,0,3,2.9,8,609100.0
-6.13134,106.80914,Tech Corridor,9.5,0.48,Condominium,822,822,3,1.0,1,1,0,1991,1991,0,3,3.24,8,335700.0
-6.21623,106.84449,Downtown / CBD,0.83,2.31,Condominium,841,841,2,1.5,1,1,0,2014,2014,0,6,3.28,5,496300.0
-6.20791,106.84624,Downtown / CBD,0.12,2.71,Townhouse,1686,2154,3,2.0,3,2,0,1994,1994,0,6,2.78,3,683500.0
-6.07576,106.95804,North Suburbs,19.34,5.75,Single Family,1984,5501,4,2.0,2,3,1,1999,1999,0,5,5.86,5,772900.0
-6.0992,106.84869,North Suburbs,12.17,2.01,Single Family,1252,4370,3,2.0,1,2,0,1995,1995,0,4,3.83,5,541000.0
-6.17787,106.82909,Downtown / CBD,3.89,0.42,Townhouse,1446,2072,2,2.5,3,2,0,2001,2001,0,9,5.36,5,831000.0
-6.27885,106.86659,South Hills,8.12,1.49,Condominium,767,767,3,2.0,1,0,1,1984,1984,0,3,6.8,6,303800.0
-6.201,106.96204,North Suburbs,12.95,1.11,Condominium,1209,1209,3,1.0,1,0,0,1996,1996,0,5,5.02,10,594500.0
-6.12049,106.7668,Tech Corridor,13.14,0.5,Townhouse,1687,2250,3,2.0,2,1,0,1993,2012,1,3,4.91,6,734600.0
-6.21254,106.90146,North Suburbs,6.21,4.7,Condominium,839,839,2,1.5,1,1,1,1987,2006,1,7,3.56,9,531600.0
-6.26806,106.69047,West Waterfront,18.43,0.79,Single Family,2888,8246,4,2.5,1,3,1,2019,2019,0,8,7.09,6,2250500.0
-6.25457,106.85691,Downtown / CBD,5.23,6.39,Single Family,2706,6940,3,2.0,1,1,0,1977,2012,1,6,4.51,7,1561800.0
-6.10224,106.84935,Tech Corridor,11.84,2.62,Townhouse,1333,1480,2,2.5,2,1,0,1983,1983,0,5,5.74,3,363300.0
-6.07434,106.9944,North Suburbs,22.26,0.22,Condominium,536,536,1,2.0,1,1,0,1988,2016,1,4,5.01,6,222100.0
-6.34704,106.86827,South Hills,15.55,0.91,Condominium,1128,1128,2,1.5,1,0,1,1987,1987,0,3,5.91,6,336900.0
-6.13938,106.81235,Tech Corridor,8.54,0.94,Condominium,1213,1213,3,1.0,1,1,0,1987,1987,0,7,4.27,6,520300.0
-6.18248,106.86109,Downtown / CBD,3.39,0.42,Townhouse,1701,2203,3,2.5,3,1,1,2006,2006,0,8,3.4,5,1139200.0
-6.22775,106.87274,South Hills,3.67,0.9,Single Family,2479,7094,3,1.5,2,2,0,2010,2010,0,4,5.3,6,1242800.0
-6.24617,106.85519,Downtown / CBD,4.28,2.12,Single Family,1394,4667,3,1.5,2,2,0,2019,2019,0,5,3.27,7,958200.0
-6.03259,106.90913,North Suburbs,20.79,7.59,Luxury Villa,5248,18895,6,4.0,2,3,1,2003,2014,1,7,5.55,7,3173100.0
-6.1273,106.91127,North Suburbs,11.62,6.73,Single Family,1665,4228,4,3.0,2,2,0,1992,1992,0,9,4.71,7,925100.0
-6.14499,106.81285,Tech Corridor,7.96,0.18,Townhouse,1847,2928,2,2.0,2,2,0,1992,2007,1,7,4.31,7,1062800.0
-6.32365,106.88925,South Hills,13.64,8.26,Condominium,536,536,2,1.0,1,0,0,2001,2012,1,4,3.34,4,209400.0
-6.22761,106.8493,Downtown / CBD,2.13,4.38,Single Family,2600,4899,3,2.0,2,1,0,2011,2011,0,8,2.75,5,1478500.0
-6.29145,106.77082,West Waterfront,12.37,0.87,Single Family,2208,6588,5,2.0,2,2,0,1991,1991,0,4,7.02,5,900700.0
-5.99445,106.99292,North Suburbs,28.87,4.21,Single Family,1786,3329,4,2.5,2,1,0,1995,1995,0,3,5.76,8,632400.0
-6.02386,106.80282,North Suburbs,21.07,3.72,Single Family,1809,3905,4,2.5,2,3,0,2005,2005,0,2,5.42,8,859700.0
-6.04907,106.89165,North Suburbs,18.45,2.09,Single Family,2085,4668,3,3.0,2,2,0,1981,1981,0,3,6.59,4,608800.0
-6.26736,106.80566,Downtown / CBD,7.87,7.03,Townhouse,1860,2323,2,2.5,2,2,0,2016,2016,0,4,4.62,8,885800.0
-6.28153,106.67086,West Waterfront,21.01,3.87,Luxury Villa,3580,14054,4,3.5,2,2,1,2012,2012,0,2,4.5,10,2484900.0
-6.17705,106.83896,Downtown / CBD,3.6,0.51,Townhouse,1207,1627,3,2.0,2,1,0,2020,2020,0,5,3.71,6,702600.0
-6.20315,106.70744,West Waterfront,15.35,7.46,Luxury Villa,5627,21877,5,5.0,2,2,1,1981,2009,1,3,3.45,7,3492100.0
-6.36332,106.9533,South Hills,20.91,0.61,Condominium,990,990,1,1.5,1,1,1,2011,2011,0,4,5.67,4,341100.0
-6.3203,106.97284,South Hills,18.78,0.28,Single Family,2241,5864,4,2.0,1,2,0,2012,2012,0,3,9.36,7,1084500.0
-6.36294,107.00635,South Hills,24.72,1.37,Single Family,3733,8135,3,1.5,1,3,0,1984,2005,1,3,8.03,5,1240900.0
-6.07491,106.92598,North Suburbs,17.33,0.2,Condominium,578,578,2,2.0,1,1,0,1990,1990,0,6,4.2,6,246800.0
-6.24925,106.86776,Downtown / CBD,5.12,1.72,Single Family,1949,5047,2,2.0,1,3,0,1980,1980,0,6,3.55,6,848100.0
-6.19824,106.88346,Downtown / CBD,4.36,0.76,Townhouse,1434,2024,3,2.5,2,1,0,1992,1992,0,6,2.37,6,713400.0
-6.30736,106.75464,West Waterfront,14.89,4.38,Townhouse,2230,2760,4,2.0,3,1,0,1984,1984,0,5,7.27,7,921700.0
-6.28332,106.76647,West Waterfront,12.07,1.87,Single Family,1786,5873,5,2.5,1,2,0,1983,1983,0,3,2.87,5,770400.0
-6.29658,106.94505,South Hills,14.72,1.97,Condominium,766,766,1,2.0,1,1,0,1997,1997,0,5,5.15,8,382700.0
-6.20799,106.85856,Downtown / CBD,1.44,1.85,Single Family,3159,8245,3,1.5,1,1,0,1994,1994,0,4,2.9,6,1647600.0
-6.12059,106.80139,North Suburbs,10.95,1.21,Single Family,1583,4525,4,3.0,2,2,0,1979,2003,1,5,4.93,6,877300.0
-6.09302,106.7574,Tech Corridor,16.16,1.35,Single Family,2435,4481,4,2.0,1,2,1,1976,1976,0,4,4.2,6,888100.0
-6.27143,106.70118,West Waterfront,17.47,3.03,Condominium,1077,1077,1,2.0,1,0,0,1981,2020,1,3,5.85,7,498500.0
-6.17406,106.81742,Downtown / CBD,4.97,2.65,Single Family,2477,5774,5,2.5,2,2,0,2015,2015,0,5,3.3,5,1221000.0
-6.37782,106.85907,South Hills,18.82,9.42,Condominium,781,781,3,1.5,1,1,0,1998,2010,1,2,6.31,7,274400.0
-6.16769,106.78765,Tech Corridor,7.89,1.93,Townhouse,1838,2471,3,2.0,2,1,0,2021,2021,0,6,3.48,6,918900.0
-6.16696,106.75813,Tech Corridor,10.76,0.33,Single Family,1914,5600,5,3.0,1,2,0,2016,2016,0,5,4.24,6,1103400.0
-6.06054,106.8441,Tech Corridor,16.46,0.87,Townhouse,1888,2265,3,2.5,2,1,0,2013,2013,0,5,3.56,7,965600.0
-6.36806,106.95949,South Hills,21.73,3.62,Single Family,1764,3857,3,2.5,1,2,1,1995,1995,0,4,5.72,6,709200.0
-6.20149,106.84569,Downtown / CBD,0.81,1.3,Single Family,2441,5225,3,2.0,2,1,0,2011,2011,0,2,2.64,7,1275800.0
-6.11419,106.9307,North Suburbs,14.12,0.19,Townhouse,1305,1754,3,2.5,3,2,1,1981,2013,1,6,4.22,6,693700.0
-6.24841,106.8024,Downtown / CBD,6.51,0.26,Condominium,1062,1062,2,2.0,1,1,0,1990,1990,0,7,2.51,5,454800.0
-6.18747,106.8541,Downtown / CBD,2.55,0.47,Single Family,1875,4237,2,2.0,2,1,0,2014,2014,0,7,2.23,7,1387300.0
-5.89698,106.88963,North Suburbs,34.96,5.9,Condominium,761,761,3,1.0,1,1,0,1995,1995,0,4,9.39,8,240400.0
-6.16552,106.76106,Tech Corridor,10.54,3.41,Single Family,2506,7498,4,2.0,2,2,0,1980,1995,1,6,4.03,5,944600.0
-6.22793,106.87468,Downtown / CBD,3.86,2.0,Single Family,3167,6356,3,1.5,2,2,1,2022,2022,0,8,3.57,4,1845500.0
-6.22909,106.83968,Downtown / CBD,2.35,0.92,Condominium,1007,1007,2,2.0,1,1,1,1978,1978,0,4,4.56,4,346700.0
-6.27293,106.76109,West Waterfront,11.78,0.17,Townhouse,1875,2969,3,2.0,2,1,0,1980,1994,1,7,5.73,7,1124400.0
-6.13418,106.81015,Tech Corridor,9.17,0.98,Single Family,1990,5933,4,1.5,2,2,0,2016,2016,0,5,6.33,7,1257700.0
-6.06838,106.94563,North Suburbs,19.14,7.3,Townhouse,1450,2237,2,2.5,2,2,0,1990,1990,0,4,4.0,6,452900.0
-6.29398,106.89943,South Hills,11.18,1.69,Single Family,1856,4666,2,3.0,2,2,1,2005,2005,0,7,3.1,6,1035900.0
-6.30806,106.94024,South Hills,15.22,0.94,Condominium,629,629,1,1.0,1,2,0,2014,2014,0,6,5.02,5,281600.0
-6.22521,106.84206,Downtown / CBD,1.86,0.96,Townhouse,1522,1718,3,1.5,3,2,1,2012,2012,0,6,2.54,7,1137100.0
-6.09314,106.78339,Tech Corridor,14.58,2.18,Single Family,2515,7887,3,1.5,1,2,0,1997,1997,0,5,3.47,6,1230700.0
-6.24199,106.88006,Downtown / CBD,5.31,1.16,Single Family,2601,6035,4,2.5,2,1,0,2012,2012,0,6,5.62,2,1019900.0
-6.14481,106.82202,Downtown / CBD,7.57,0.1,Condominium,450,450,1,2.0,1,1,1,2023,2023,0,3,4.51,6,233300.0
-6.28196,106.97512,South Hills,16.51,0.25,Luxury Villa,3611,17640,4,4.0,2,4,1,2022,2022,0,3,6.68,9,2604700.0
-6.28858,106.6588,West Waterfront,22.55,3.01,Condominium,1266,1266,1,1.0,1,0,1,2020,2020,0,2,6.21,10,735800.0
-6.12212,106.68873,Tech Corridor,19.89,1.05,Single Family,1514,3444,3,1.5,2,2,1,1996,2013,1,2,5.36,7,670900.0
-5.9622,106.94755,North Suburbs,29.62,15.0,Condominium,955,955,2,1.0,1,1,1,1978,1992,1,3,8.55,7,246600.0
-6.26076,106.75878,West Waterfront,11.23,0.55,Condominium,736,736,1,1.5,1,1,0,2022,2022,0,7,4.81,6,497200.0
-6.07565,106.75759,Tech Corridor,17.72,3.08,Single Family,1621,4772,3,2.5,1,2,0,1990,1990,0,6,4.82,6,692700.0
-6.08301,106.81691,Tech Corridor,14.32,1.71,Single Family,3329,8070,4,3.0,1,3,0,2022,2022,0,3,5.76,7,1628100.0
-6.22513,106.89743,Downtown / CBD,6.03,15.0,Single Family,2587,7042,3,2.0,2,2,1,2008,2008,0,4,4.91,6,1196700.0
-6.2331,106.67616,West Waterfront,19.0,0.43,Townhouse,1368,2048,3,2.0,2,1,0,2013,2013,0,2,5.69,7,700400.0
-6.26208,106.75484,West Waterfront,11.68,10.34,Single Family,2744,5076,4,1.5,2,2,0,1996,1996,0,4,3.73,3,1065200.0
-6.22064,106.77186,West Waterfront,8.29,5.24,Townhouse,1400,1940,3,2.0,2,1,1,2023,2023,0,5,5.82,8,1002800.0
-6.132,106.84786,Downtown / CBD,8.53,10.67,Condominium,1045,1045,2,1.5,1,2,0,1976,1976,0,6,3.91,2,271700.0
-6.15496,106.88747,Downtown / CBD,7.57,4.0,Townhouse,1330,1620,3,2.0,2,2,0,2019,2019,0,5,3.9,4,651700.0
-6.26671,106.74441,West Waterfront,12.94,6.81,Luxury Villa,1813,6746,6,3.5,2,3,1,1979,1979,0,3,2.97,9,1117300.0
-6.20149,106.87817,Downtown / CBD,3.71,2.51,Luxury Villa,6099,17446,7,4.0,2,3,1,2002,2002,0,5,1.92,7,4171800.0
-6.37277,106.84784,South Hills,18.2,8.09,Single Family,2254,4795,4,3.0,2,1,0,2006,2006,0,2,4.47,3,626500.0
-6.27248,106.95179,North Suburbs,13.74,1.35,Single Family,2324,6150,5,3.0,2,1,1,2004,2004,0,4,6.46,6,1169000.0
-6.35119,106.93005,South Hills,18.38,2.71,Single Family,2101,6465,3,2.0,1,2,0,2013,2013,0,3,4.84,8,995500.0
-6.27345,106.69936,West Waterfront,17.75,1.48,Condominium,1142,1142,2,1.5,1,1,0,1978,1978,0,1,5.65,4,276000.0
-6.25144,106.6897,West Waterfront,17.94,1.21,Single Family,2385,6456,3,2.0,1,1,0,1985,1985,0,3,4.76,4,798300.0
-6.26777,106.76092,West Waterfront,11.45,2.7,Townhouse,993,1242,4,2.5,2,2,0,1975,1975,0,7,4.48,6,499200.0
-6.294,106.72279,West Waterfront,16.59,0.26,Single Family,2985,6295,3,2.5,2,2,1,1991,1991,0,4,5.63,8,1721100.0
-6.20429,106.85458,Downtown / CBD,1.12,0.49,Single Family,774,1607,3,2.5,2,1,0,1982,1982,0,7,4.92,7,470300.0
-5.99776,106.93669,North Suburbs,25.51,7.45,Condominium,940,940,1,1.0,1,1,1,2012,2012,0,2,4.72,5,285100.0
-6.31204,106.71543,West Waterfront,18.44,1.47,Single Family,2608,5819,3,3.0,1,3,1,2023,2023,0,5,3.39,7,1752800.0
-6.25141,106.81922,West Waterfront,5.56,1.2,Condominium,494,494,1,1.0,1,1,0,1986,1986,0,3,4.74,4,186100.0
-6.23461,106.86101,Downtown / CBD,3.34,2.71,Single Family,2910,7823,4,1.5,1,2,0,2021,2021,0,5,3.9,5,1814400.0
-6.31248,106.87059,South Hills,11.84,1.05,Condominium,1189,1189,2,1.0,1,0,0,2016,2016,0,4,4.06,5,486200.0
-6.31717,106.67065,West Waterfront,22.84,2.61,Luxury Villa,4644,12596,5,4.0,3,2,1,1980,2015,1,1,6.86,10,2959000.0
-6.11776,106.97571,North Suburbs,17.63,7.84,Single Family,3382,8955,3,2.0,1,2,1,1988,1994,1,7,8.37,5,1238200.0
-6.23944,106.85321,Downtown / CBD,3.5,0.62,Townhouse,1428,1881,3,1.5,3,1,1,2018,2018,0,10,4.77,6,1161600.0
-6.01353,106.96529,North Suburbs,25.42,4.21,Townhouse,2192,2932,4,1.5,2,1,0,1975,1994,1,4,3.81,6,643300.0
-6.30115,106.70137,West Waterfront,19.01,3.17,Condominium,1237,1237,2,1.0,1,1,1,2008,2008,0,2,4.91,3,386900.0
-6.37589,106.92405,South Hills,20.49,0.19,Luxury Villa,3657,21831,4,4.0,3,4,1,1995,2017,1,5,7.49,8,2674200.0
-6.02641,106.99358,North Suburbs,26.07,2.08,Condominium,1377,1377,1,2.0,1,1,0,2008,2008,0,6,7.01,3,361100.0
-6.19198,106.83272,Downtown / CBD,2.35,2.64,Condominium,1260,1260,3,1.0,1,1,0,2022,2022,0,5,3.7,7,828100.0
-6.06946,106.99631,North Suburbs,22.78,0.21,Condominium,571,571,2,1.5,1,1,0,2004,2017,1,3,8.15,7,260700.0
-6.06243,106.83062,Tech Corridor,16.33,1.3,Single Family,2084,4985,3,3.0,1,2,0,1991,2001,1,5,7.56,5,916300.0
-6.11385,106.92561,North Suburbs,13.78,4.19,Condominium,575,575,1,2.0,1,1,0,1977,1977,0,7,6.72,6,216500.0
-6.00428,106.97416,North Suburbs,26.81,0.74,Townhouse,1795,2512,2,2.0,2,1,0,1991,2013,1,4,6.39,7,674800.0
-6.37758,106.87615,South Hills,19.04,0.96,Single Family,2125,5741,4,2.0,1,2,0,2007,2007,0,5,6.71,4,911900.0
-6.29714,106.769,West Waterfront,12.98,0.93,Single Family,3114,6140,3,1.5,2,1,0,1994,1994,0,8,5.07,6,1603000.0
-6.15261,106.76233,Tech Corridor,11.15,0.63,Single Family,2967,6721,4,3.0,1,2,0,1986,1986,0,8,4.61,7,1327400.0
-6.16146,106.70565,West Waterfront,16.4,4.6,Condominium,776,776,2,1.5,1,0,0,2009,2009,0,5,2.88,6,389300.0
-6.29015,106.88438,South Hills,10.0,1.02,Townhouse,1236,1608,3,1.5,3,1,0,1975,1975,0,3,4.85,7,424900.0
-5.99798,106.938,North Suburbs,25.55,4.43,Townhouse,1439,1840,4,2.0,2,2,0,1977,1991,1,4,7.68,4,387100.0
-6.14592,106.80071,Tech Corridor,8.58,3.9,Single Family,2252,5521,2,2.0,2,2,0,1986,2009,1,4,5.77,5,1083700.0
-6.17815,106.73424,Tech Corridor,12.82,2.15,Townhouse,1660,2284,3,2.5,3,2,0,1982,1994,1,6,5.18,6,688100.0
-6.14474,107.01602,North Suburbs,20.21,0.49,Condominium,942,942,2,2.0,1,1,0,1994,1994,0,4,6.83,5,335300.0
-6.06935,106.82266,North Suburbs,15.69,4.51,Single Family,2101,5399,3,2.0,2,2,0,2021,2021,0,8,5.91,6,1189000.0
-6.33628,106.91581,South Hills,16.15,1.34,Townhouse,1883,2540,2,2.0,3,1,0,1991,1991,0,5,6.16,7,681100.0
-6.20776,106.82297,Tech Corridor,2.51,0.75,Single Family,1687,3426,3,2.5,2,3,0,1995,1995,0,8,3.8,7,1202500.0
-6.00426,106.89109,North Suburbs,23.26,2.19,Single Family,1551,4920,3,3.0,2,2,0,1979,2001,1,2,5.24,5,509800.0
-6.10099,106.94102,North Suburbs,15.98,2.84,Luxury Villa,6477,21408,5,4.0,2,3,1,2011,2011,0,5,3.17,9,4001900.0
-6.10386,106.86338,North Suburbs,11.81,15.0,Single Family,2440,6449,3,1.5,2,1,0,1995,1995,0,6,4.26,7,1096400.0
-6.08627,106.84554,North Suburbs,13.6,2.21,Condominium,1038,1038,2,1.5,1,1,1,2007,2007,0,7,4.65,6,494200.0
-6.08548,106.8993,North Suburbs,14.93,2.66,Luxury Villa,5747,16646,4,4.0,2,4,1,1984,1984,0,4,4.4,8,2725000.0
-6.16813,106.82162,Downtown / CBD,5.24,5.59,Condominium,1057,1057,2,1.5,1,1,1,2018,2018,0,6,3.88,9,723300.0
-6.02775,106.8456,North Suburbs,20.1,1.83,Single Family,2193,6705,4,2.5,1,2,0,1977,1977,0,6,7.76,4,611800.0
-6.23252,106.69556,West Waterfront,16.86,5.67,Condominium,450,450,2,1.5,1,1,1,2018,2018,0,2,4.91,6,257800.0
-6.23852,106.85468,Downtown / CBD,3.45,0.59,Townhouse,1679,2112,3,2.5,2,1,0,2016,2016,0,4,3.23,5,822200.0
-5.98825,106.94685,North Suburbs,26.94,5.61,Single Family,2453,7829,4,2.0,1,2,1,1999,2011,1,3,7.39,6,1048200.0
-6.38367,106.8708,South Hills,19.61,2.43,Single Family,2876,9342,3,2.5,1,2,1,2014,2014,0,2,5.96,7,1232600.0
-6.00614,106.92442,North Suburbs,24.14,5.78,Townhouse,1910,2453,4,1.5,3,2,0,1977,2008,1,3,7.04,7,679800.0
-6.32484,106.90236,South Hills,14.34,15.0,Townhouse,2456,3910,3,2.0,2,1,0,1982,1982,0,7,7.7,4,656500.0
-6.22449,106.88793,Downtown / CBD,5.01,1.96,Townhouse,1463,1965,2,2.0,3,2,0,1978,1978,0,6,4.36,7,718600.0
-6.15601,106.82562,Tech Corridor,6.27,1.48,Luxury Villa,4674,12020,4,4.0,2,2,0,2013,2013,0,5,5.2,7,2963900.0
-6.20891,106.87419,Downtown / CBD,3.17,3.48,Single Family,2161,7020,3,3.0,1,1,1,2019,2019,0,4,1.99,7,1359400.0
-6.08862,106.81039,North Suburbs,13.9,1.28,Single Family,1970,5455,3,2.0,1,2,0,2015,2015,0,5,5.43,6,1069800.0
-6.26972,106.71832,West Waterfront,15.66,4.99,Single Family,2426,7431,3,2.0,2,3,0,1977,2005,1,5,5.17,6,1331600.0
-6.33519,106.77795,South Hills,15.91,1.75,Townhouse,1028,1346,4,2.5,2,1,0,2004,2004,0,3,5.96,7,442000.0
-6.25776,106.68548,West Waterfront,18.59,6.3,Condominium,1203,1203,1,1.0,1,1,0,1981,1981,0,1,5.48,5,308000.0
-6.3139,106.88807,South Hills,12.58,3.12,Condominium,955,955,1,1.0,1,1,1,1981,1997,1,3,4.83,6,361500.0
-6.21206,106.84919,Downtown / CBD,0.54,2.38,Luxury Villa,4005,16754,5,4.0,2,3,1,1975,1975,0,5,3.49,10,2877100.0
-6.40539,106.84654,South Hills,21.82,1.86,Townhouse,1470,1647,3,2.5,3,1,1,1975,1975,0,4,6.71,10,626100.0
-6.20184,106.80105,Downtown / CBD,5.0,1.02,Single Family,1690,4488,4,2.0,2,3,0,1983,1983,0,3,2.19,8,816500.0
-6.17784,106.83754,Downtown / CBD,3.55,0.66,Single Family,2961,6181,3,2.5,1,3,0,1990,1999,1,7,2.94,6,1700600.0
-6.04761,107.05381,North Suburbs,29.23,0.8,Single Family,3167,10587,3,2.0,2,3,0,2004,2004,0,3,6.92,6,1249000.0
-6.19146,106.7456,West Waterfront,11.27,0.98,Condominium,1167,1167,3,1.5,1,1,0,1987,1987,0,5,4.05,6,491800.0
-6.24601,106.68864,West Waterfront,17.91,0.73,Townhouse,1345,1544,3,2.0,3,2,0,1979,2012,1,2,6.5,6,648800.0
-6.06071,106.87796,North Suburbs,16.83,4.87,Condominium,748,748,3,2.0,1,0,1,1982,1982,0,4,5.18,7,295600.0
-6.17434,106.67258,West Waterfront,19.58,3.94,Townhouse,1481,1941,4,1.5,2,1,0,1986,2006,1,1,7.15,7,629500.0
-6.36597,106.88564,South Hills,18.0,1.47,Townhouse,1476,1862,4,2.0,2,2,0,2021,2021,0,3,6.41,7,670000.0
-6.10084,106.82734,Tech Corridor,12.15,2.88,Single Family,2609,5215,5,3.0,2,2,1,1982,1982,0,3,5.02,4,848200.0
-6.2471,106.86574,Downtown / CBD,4.8,0.99,Townhouse,1856,2869,3,2.0,2,1,0,1995,2021,1,9,4.12,5,1049400.0
-6.29055,106.76103,West Waterfront,13.06,1.5,Condominium,1241,1241,1,1.0,1,0,1,1979,2018,1,4,4.74,6,656800.0
-6.31537,106.96269,South Hills,17.57,0.44,Single Family,2972,10248,3,3.0,1,2,0,2008,2008,0,6,6.06,6,1462000.0
-6.22056,106.86758,Downtown / CBD,2.77,0.8,Single Family,1985,3690,3,2.5,1,2,1,1996,2015,1,6,2.63,5,1118600.0
-6.0559,106.9429,North Suburbs,20.12,0.58,Single Family,1862,4859,4,1.5,1,2,0,1980,1980,0,3,4.17,5,584400.0
-6.33986,106.92458,South Hills,16.99,0.33,Single Family,2022,5876,4,2.5,2,2,0,1981,2011,1,4,5.91,7,1067400.0
-6.31206,106.86401,South Hills,11.64,3.54,Condominium,791,791,2,2.0,1,1,1,2010,2010,0,6,5.66,8,500700.0
-6.30546,106.63292,West Waterfront,25.93,12.28,Townhouse,2159,2805,2,2.0,3,1,1,1982,1982,0,1,6.95,5,592300.0
-6.27397,106.69818,West Waterfront,17.89,2.88,Luxury Villa,5526,22577,4,6.0,2,2,1,1985,1985,0,2,7.9,10,2652900.0
-6.07144,106.92065,North Suburbs,17.37,2.28,Single Family,2463,5557,3,3.0,2,3,1,2013,2013,0,7,6.99,7,1546900.0
-6.35162,106.98738,South Hills,22.34,6.64,Single Family,2621,6784,4,2.5,2,2,1,1988,1988,0,2,3.44,5,690900.0
-6.28907,106.9973,South Hills,19.05,3.09,Single Family,3131,6733,5,2.0,2,2,0,2020,2020,0,1,6.2,5,1178000.0
-6.1402,106.8223,Tech Corridor,8.04,0.38,Condominium,842,842,2,2.0,1,2,0,2013,2013,0,6,3.59,5,446900.0
-6.17053,106.8389,Tech Corridor,4.31,1.56,Townhouse,1028,1499,3,2.0,3,1,0,2020,2020,0,3,4.26,4,459600.0
-6.32439,106.96234,South Hills,18.24,1.12,Condominium,1031,1031,1,1.5,1,1,1,1978,1978,0,5,5.67,5,306500.0
-6.2769,106.89342,South Hills,9.24,4.45,Single Family,2967,8723,3,3.0,2,1,1,1975,1975,0,5,5.67,6,1107700.0
-6.24602,106.92698,South Hills,9.93,0.24,Condominium,1002,1002,2,2.0,1,1,0,1985,1985,0,9,3.1,7,499500.0
-6.21604,106.79241,Downtown / CBD,5.96,2.13,Single Family,2404,7772,4,2.0,1,2,1,1981,1994,1,4,2.4,4,1128400.0
-6.04906,106.87448,North Suburbs,18.02,5.26,Townhouse,2328,2759,4,2.0,2,1,0,2018,2018,0,4,5.69,5,950800.0
-6.09006,106.73308,Tech Corridor,18.16,7.1,Single Family,3040,9512,3,2.0,2,2,0,2006,2006,0,6,5.28,7,1381900.0
-6.36249,106.89612,South Hills,17.96,4.4,Condominium,1097,1097,3,2.0,1,0,0,2009,2009,0,2,5.41,8,441000.0
-6.29268,106.93661,South Hills,13.74,2.3,Townhouse,1091,1404,3,2.0,3,1,0,2005,2005,0,3,5.12,8,530800.0
-6.20677,106.86084,Downtown / CBD,1.71,2.07,Single Family,1695,5452,3,2.5,1,3,0,1984,1984,0,6,2.4,3,641600.0
-6.20481,106.81342,Downtown / CBD,3.6,1.87,Townhouse,1798,2272,3,2.5,2,2,0,1976,1976,0,8,2.78,8,924700.0
-6.11134,106.84277,Tech Corridor,10.82,0.5,Condominium,818,818,1,2.0,1,2,0,2018,2018,0,9,4.13,4,404400.0
-6.19946,106.85819,Downtown / CBD,1.74,2.98,Single Family,2841,5225,3,1.5,2,3,0,1990,1990,0,6,3.68,7,1494500.0
-6.33735,106.84319,South Hills,14.27,8.39,Single Family,2469,7026,3,2.0,2,2,0,1997,1997,0,4,4.68,6,986800.0
-6.09934,106.85657,Tech Corridor,12.21,2.31,Townhouse,2543,3959,2,2.5,2,2,0,1988,1988,0,4,4.54,7,952300.0
-6.28953,106.89075,South Hills,10.27,4.23,Single Family,2495,8339,5,2.0,2,3,1,1986,1986,0,7,5.35,5,1222400.0
-6.29368,106.7636,West Waterfront,13.1,2.45,Single Family,2077,3811,2,3.0,1,2,0,1987,2021,1,6,4.53,7,1322700.0
-6.17379,106.79438,Tech Corridor,6.89,2.19,Townhouse,1498,2112,4,2.5,3,1,1,2014,2014,0,5,2.43,5,773300.0
-6.01956,106.91185,North Suburbs,22.26,1.17,Condominium,1300,1300,2,1.5,1,1,1,1998,2016,1,2,5.8,5,456400.0
-6.29432,106.73709,West Waterfront,15.34,3.59,Single Family,1793,3930,3,3.0,1,3,0,2018,2018,0,5,3.97,6,1020400.0
-6.35109,106.97736,South Hills,21.53,5.63,Luxury Villa,4091,17973,5,3.5,2,3,1,2011,2011,0,4,5.58,7,2133500.0
-6.05708,106.99586,North Suburbs,23.7,0.58,Condominium,891,891,1,1.0,1,1,1,1981,1981,0,2,7.28,6,233700.0
-6.0959,106.78492,Tech Corridor,14.23,4.84,Single Family,2291,7318,3,2.0,2,2,0,1988,2016,1,3,6.4,3,839200.0
-6.2219,106.74803,West Waterfront,10.93,6.75,Condominium,905,905,3,2.0,1,1,0,2000,2000,0,5,5.82,5,418200.0
-6.08925,106.98371,North Suburbs,20.28,1.22,Townhouse,1356,2137,3,2.0,2,1,0,2002,2002,0,4,5.35,4,426200.0
-6.1863,106.85135,Tech Corridor,2.58,1.04,Condominium,1198,1198,2,1.0,1,0,0,1989,1989,0,6,2.9,5,529000.0
-6.34829,106.96905,South Hills,20.68,4.33,Townhouse,1465,2077,4,2.0,2,1,1,2012,2012,0,1,5.29,7,591700.0
-6.34939,106.92583,South Hills,17.97,7.24,Luxury Villa,4907,15617,4,4.0,2,3,1,2008,2008,0,4,5.42,7,2323800.0
-6.21622,106.88127,Downtown / CBD,4.04,1.06,Townhouse,1341,1692,3,2.0,2,1,1,1982,1982,0,7,2.73,6,676200.0
-6.30414,106.92689,South Hills,13.91,4.84,Single Family,3324,7227,3,2.0,1,2,1,2005,2005,0,8,3.0,8,1817800.0
-6.00661,106.86912,North Suburbs,22.59,15.0,Single Family,2610,8689,3,1.5,2,3,0,1991,1991,0,4,7.29,3,631600.0
-6.08631,106.87867,North Suburbs,14.08,0.42,Townhouse,1694,2113,3,1.5,2,2,0,2003,2003,0,7,6.12,5,701700.0
-6.11019,106.80686,Tech Corridor,11.76,2.98,Townhouse,1850,2774,4,1.5,3,2,0,1975,1975,0,4,5.7,8,649000.0
-6.20049,106.75638,Tech Corridor,9.95,1.98,Single Family,1521,3481,5,1.5,2,1,0,1995,1995,0,5,3.45,5,585600.0
-6.29471,106.91308,South Hills,12.13,1.62,Single Family,2314,6133,4,1.5,2,1,0,2002,2002,0,7,6.75,9,1351400.0
-6.30594,106.99317,South Hills,19.61,0.22,Condominium,526,526,1,1.0,1,1,1,2016,2016,0,1,5.49,8,238400.0
-6.36201,106.9076,South Hills,18.35,0.54,Townhouse,1209,1786,3,2.5,2,1,0,2012,2012,0,4,3.83,4,438600.0
-6.1256,106.80278,Tech Corridor,10.39,0.53,Single Family,1572,4618,5,2.0,2,2,0,2011,2011,0,4,5.01,8,1052700.0
-6.33666,106.78426,West Waterfront,15.74,0.66,Townhouse,1365,2164,2,2.0,2,1,1,1985,2017,1,3,2.77,6,676700.0
-6.40207,106.89863,South Hills,22.25,3.69,Single Family,1492,3146,4,3.0,1,1,1,1984,2012,1,3,5.26,2,506200.0
-6.21777,106.83276,Downtown / CBD,1.74,3.61,Condominium,561,561,3,1.0,1,1,1,1999,1999,0,6,4.45,6,345900.0
-6.31905,106.87807,South Hills,12.76,3.91,Townhouse,1790,2007,3,2.0,2,1,0,2018,2018,0,3,6.63,5,644900.0
-6.14484,106.82024,Tech Corridor,7.64,0.41,Condominium,1336,1336,1,2.0,1,1,1,2012,2012,0,4,3.76,5,625200.0
-6.28311,106.72894,West Waterfront,15.35,1.7,Luxury Villa,4935,17451,5,4.0,2,4,1,2002,2002,0,7,5.7,8,3203900.0
-6.25018,106.83636,Downtown / CBD,4.71,2.97,Single Family,1328,2940,5,2.5,2,2,0,1992,1992,0,6,4.89,4,573800.0
-6.08467,106.88183,North Suburbs,14.35,8.45,Condominium,961,961,3,1.0,1,1,0,2022,2022,0,4,6.86,9,541100.0
-6.25041,106.79077,West Waterfront,7.64,3.19,Single Family,1187,2867,2,1.5,2,2,1,2004,2004,0,5,4.84,8,865300.0
-6.27329,106.9589,South Hills,14.47,1.53,Townhouse,1363,1811,3,2.0,2,1,0,1998,2005,1,5,5.86,4,465700.0
-6.10954,106.94223,North Suburbs,15.38,9.54,Condominium,1445,1445,2,1.5,1,1,0,2003,2003,0,6,5.45,5,563600.0
-6.3519,107.03236,South Hills,26.12,5.32,Single Family,2204,4035,4,2.0,1,1,1,1978,2011,1,4,7.22,4,705400.0
-6.29493,106.72019,West Waterfront,16.89,0.1,Single Family,2049,5325,2,2.5,1,2,0,1981,2023,1,6,4.77,5,1298100.0
-6.38709,106.88652,South Hills,20.3,0.1,Condominium,1086,1086,1,1.5,1,1,1,2015,2015,0,3,6.95,5,414100.0
-6.06926,106.79575,North Suburbs,16.45,5.98,Single Family,1810,5305,3,2.0,1,3,0,2005,2017,1,2,5.16,5,777700.0
-6.23182,106.83932,Downtown / CBD,2.65,14.36,Condominium,450,450,2,1.0,1,1,0,2002,2002,0,7,5.34,3,180100.0
-6.12834,106.79848,Tech Corridor,10.35,1.95,Townhouse,1740,2296,4,2.0,2,1,0,2000,2006,1,3,5.6,6,655800.0
-6.20946,106.7886,West Waterfront,6.33,5.95,Townhouse,2153,2638,2,2.0,2,1,0,1981,1981,0,5,3.4,6,994900.0
-6.25206,106.7555,West Waterfront,11.09,4.69,Single Family,2675,8643,4,2.0,2,3,0,1975,1975,0,5,4.18,5,1078900.0
-6.24928,106.73909,West Waterfront,12.65,1.8,Condominium,911,911,1,2.0,1,1,0,2013,2013,0,4,4.18,8,491900.0
-6.13723,106.79549,Tech Corridor,9.7,1.44,Luxury Villa,2461,6893,5,4.0,2,4,0,2001,2001,0,6,6.66,9,1641800.0
-6.09818,106.875,Tech Corridor,12.7,3.97,Condominium,1253,1253,2,1.0,1,1,0,1983,1994,1,5,5.5,5,461100.0
-6.06708,106.92756,North Suburbs,18.17,3.7,Luxury Villa,4850,23105,5,3.5,3,3,1,2014,2014,0,5,4.25,10,3484600.0
-6.0619,106.9504,North Suburbs,20.03,4.54,Single Family,2610,8427,3,2.5,2,2,0,1996,1996,0,7,5.32,7,1342200.0
-6.29172,106.72118,West Waterfront,16.6,0.86,Condominium,1441,1441,2,1.0,1,1,0,2007,2007,0,4,3.24,7,768700.0
-6.3595,106.83617,South Hills,16.76,3.98,Condominium,1071,1071,1,2.0,1,0,1,2003,2003,0,5,4.91,6,415800.0
-6.17395,106.75968,Tech Corridor,10.29,0.9,Single Family,2552,5703,2,2.0,2,2,0,1981,1981,0,6,5.68,5,880700.0
-6.23922,106.71698,West Waterfront,14.67,3.8,Single Family,2154,5571,4,2.0,1,1,0,1997,1997,0,6,5.66,3,818200.0
-6.20441,106.73504,West Waterfront,12.28,8.36,Townhouse,1391,2028,2,1.5,3,1,1,1995,1995,0,6,2.73,7,846900.0
-6.20936,106.91948,South Hills,8.2,0.31,Townhouse,1641,2367,2,2.5,2,2,1,2018,2018,0,2,4.81,5,818600.0
-6.08763,106.7971,Tech Corridor,14.49,2.05,Single Family,2466,4749,4,2.0,1,1,0,1986,2011,1,5,5.03,7,1218900.0
-6.20589,106.8473,Downtown / CBD,0.37,0.21,Single Family,2554,6399,3,2.5,2,3,0,2000,2000,0,7,2.86,7,1827000.0
-6.08761,106.78126,Tech Corridor,15.23,2.57,Condominium,734,734,1,1.5,1,1,0,1979,1979,0,2,5.28,6,206700.0
-6.16339,106.90233,North Suburbs,8.07,3.1,Townhouse,1636,2528,3,2.0,3,1,1,2016,2016,0,7,4.93,5,955000.0
-6.31844,107.00239,South Hills,21.24,1.0,Single Family,1703,5046,3,2.0,2,1,1,1998,1998,0,5,6.43,5,652200.0
-6.2629,107.0206,South Hills,20.33,0.97,Single Family,2107,4191,3,2.0,2,2,0,2019,2019,0,3,5.96,8,1048700.0
-6.19426,106.69762,Tech Corridor,16.51,0.5,Condominium,1133,1133,2,1.0,1,1,1,2015,2015,0,3,5.47,6,518500.0
-6.23661,106.86235,Downtown / CBD,3.6,6.85,Condominium,909,909,3,1.5,1,1,0,1996,2018,1,5,1.62,5,449400.0
-6.24147,106.69852,West Waterfront,16.72,3.28,Condominium,814,814,3,1.5,1,1,0,1994,1994,0,3,6.3,8,398000.0
-6.3348,106.86596,South Hills,14.17,1.24,Single Family,1607,3394,5,1.5,2,1,0,2019,2019,0,5,4.93,9,1062300.0
-6.2206,106.83559,Downtown / CBD,1.72,1.23,Townhouse,1566,2459,4,2.5,2,2,0,1984,1984,0,8,5.43,8,879700.0
-5.98334,106.86434,North Suburbs,25.11,10.87,Condominium,1107,1107,1,2.0,1,0,1,1996,2020,1,4,6.02,5,353800.0
-6.25674,106.86964,South Hills,5.95,1.0,Condominium,764,764,2,2.0,1,1,1,2021,2021,0,6,4.5,5,419700.0
-6.11,106.84933,Tech Corridor,10.97,2.07,Townhouse,2273,3573,4,2.0,2,1,1,1975,1975,0,6,4.02,1,517300.0
-6.19901,106.85185,Tech Corridor,1.29,0.25,Single Family,2079,5239,3,2.0,2,3,0,1977,1983,1,5,2.46,4,847400.0
-6.08394,106.82078,Tech Corridor,14.13,1.06,Townhouse,2064,2716,3,2.5,2,2,0,2014,2014,0,6,4.52,8,1113900.0
-6.26873,106.75353,West Waterfront,12.19,2.41,Single Family,1264,3202,2,1.5,1,3,0,2001,2001,0,4,3.92,6,659500.0
-6.21609,106.68025,West Waterfront,18.37,4.73,Townhouse,943,1231,3,1.5,2,1,0,2021,2021,0,4,5.33,6,554800.0
-6.22296,106.84004,Downtown / CBD,1.69,0.16,Single Family,2521,5090,4,1.5,2,2,0,2010,2010,0,6,3.37,5,1526800.0
-6.1865,106.86406,Downtown / CBD,3.21,1.38,Condominium,1332,1332,1,1.0,1,0,1,1982,1982,0,7,5.07,4,481800.0
-6.23624,106.81022,West Waterfront,4.97,2.1,Condominium,1026,1026,3,1.5,1,2,1,1994,1994,0,4,6.22,8,665900.0
-6.10188,106.74959,Tech Corridor,15.95,0.88,Condominium,1041,1041,2,1.0,1,1,0,1996,1996,0,4,4.27,5,336700.0
-6.3624,106.92751,South Hills,19.32,12.35,Single Family,1678,3086,4,2.0,1,2,0,1975,1975,0,5,5.13,6,528400.0
-6.20012,106.88357,Downtown / CBD,4.32,0.67,Townhouse,1452,2231,3,1.5,2,1,0,1983,2004,1,9,1.28,7,969900.0
-6.30894,106.88865,South Hills,12.1,1.02,Townhouse,1640,1958,2,1.5,3,1,0,2012,2012,0,2,6.51,7,687000.0
-6.33205,106.86863,South Hills,13.92,0.46,Condominium,1282,1282,2,1.0,1,2,0,2019,2019,0,5,5.39,6,568800.0
-6.24386,106.84387,Downtown / CBD,3.9,0.3,Townhouse,1468,1660,2,2.0,2,2,0,1987,1998,1,6,2.36,5,707200.0
-6.21698,106.85845,Downtown / CBD,1.69,0.41,Single Family,2142,4222,4,2.5,2,3,0,1983,1983,0,8,2.0,8,1378900.0
-6.16311,106.82619,Downtown / CBD,5.51,1.7,Single Family,1641,5511,4,2.0,1,3,0,1985,2004,1,7,5.28,7,1132800.0
-6.21012,106.73565,West Waterfront,12.21,3.92,Townhouse,1569,1900,3,1.5,2,1,1,1990,1990,0,9,5.12,5,827700.0
-6.18607,106.85744,Downtown / CBD,2.84,7.53,Single Family,2985,5777,2,2.5,2,1,0,2015,2015,0,5,5.42,5,1564400.0
-6.21582,106.8574,Downtown / CBD,1.52,5.5,Single Family,2615,7761,3,2.0,2,2,1,1997,2012,1,7,3.77,5,1774000.0
-6.20298,106.83144,Downtown / CBD,1.7,0.26,Single Family,1967,3692,5,2.0,2,3,0,1983,1983,0,7,3.6,6,1057500.0
-6.31888,106.83509,South Hills,12.27,7.4,Single Family,1507,3616,4,2.5,1,1,0,2015,2015,0,4,3.99,4,638400.0
-6.18785,106.75999,Tech Corridor,9.78,1.26,Condominium,1190,1190,3,1.0,1,1,0,2002,2010,1,4,4.61,7,565200.0
-6.2987,106.85811,South Hills,10.07,0.59,Condominium,884,884,2,2.0,1,1,1,2003,2003,0,1,5.62,7,374600.0
-6.19365,106.82815,Downtown / CBD,2.57,0.85,Single Family,1731,4007,4,3.0,2,3,0,1977,1977,0,6,4.07,5,833100.0
-6.1692,106.74658,Tech Corridor,11.84,3.64,Single Family,2107,5106,2,2.5,2,3,0,2002,2011,1,5,5.94,6,1012800.0
-6.34325,106.94771,South Hills,18.74,3.69,Townhouse,1781,2373,2,1.5,2,2,0,1996,2006,1,2,4.92,4,511100.0
-6.068,106.85681,North Suburbs,15.68,3.18,Single Family,1590,3225,2,1.5,2,2,0,2018,2018,0,2,5.34,5,583800.0
-6.32355,106.94817,South Hills,17.08,0.31,Condominium,662,662,2,2.0,1,1,1,1987,1994,1,5,6.73,4,210600.0
-6.09046,106.94162,North Suburbs,16.92,3.8,Single Family,2132,5841,3,2.5,2,3,0,2017,2017,0,6,4.38,7,1183900.0
-5.99678,106.9237,North Suburbs,25.08,7.17,Single Family,2250,5159,4,1.5,2,3,0,1999,1999,0,1,5.16,6,775700.0
-6.33776,106.89326,South Hills,15.26,6.95,Townhouse,1308,1575,3,1.5,2,2,0,2019,2019,0,2,3.86,5,493900.0
-6.14348,106.84703,Tech Corridor,7.25,2.58,Single Family,2860,7265,4,3.0,2,2,0,2005,2005,0,4,5.36,6,1382500.0
-6.28022,106.74881,West Waterfront,13.35,0.1,Single Family,1772,5985,2,2.5,2,2,1,2003,2003,0,1,4.74,5,873700.0
-6.50597,106.87729,South Hills,33.17,3.63,Condominium,1053,1053,1,1.5,1,0,1,1996,1996,0,3,6.08,6,286600.0
-6.34031,106.91888,South Hills,16.71,1.51,Single Family,1966,5163,4,2.5,2,2,0,2000,2014,1,1,4.81,7,862800.0
-6.29965,106.69582,West Waterfront,19.45,1.05,Single Family,2743,8765,3,2.0,2,2,0,2015,2015,0,3,5.62,7,1482900.0
-6.15109,106.83471,Tech Corridor,6.52,4.73,Single Family,2957,6316,3,2.5,1,1,0,2004,2004,0,9,1.48,4,1350700.0
-6.029,106.98272,North Suburbs,25.1,6.16,Townhouse,1523,2124,3,2.0,2,1,0,2019,2019,0,4,6.77,9,656600.0
-6.12544,106.71619,North Suburbs,17.09,2.06,Single Family,2044,7121,4,2.0,1,2,0,1992,1992,0,4,4.94,6,827900.0
-6.27914,106.7037,West Waterfront,17.58,1.32,Townhouse,527,645,4,2.0,2,2,0,2017,2017,0,5,4.44,7,376800.0
-6.29606,106.90422,South Hills,11.67,4.1,Townhouse,1944,2204,3,2.0,3,1,1,2013,2013,0,4,4.09,7,897000.0
-6.11127,106.74973,Tech Corridor,15.18,0.13,Condominium,1197,1197,2,2.0,1,0,1,2017,2017,0,7,5.6,3,473700.0
-5.9998,106.88791,North Suburbs,23.67,12.11,Single Family,2462,7860,4,2.0,2,3,0,2000,2000,0,5,6.43,6,950100.0
-6.10731,106.81437,Tech Corridor,11.79,7.21,Single Family,2412,5648,4,1.5,2,3,1,1989,1989,0,5,5.17,5,916400.0
-6.21556,106.96831,South Hills,13.64,6.19,Single Family,1978,3848,4,2.0,2,2,1,1989,1995,1,7,5.73,7,1088500.0
-6.2795,106.77381,West Waterfront,11.18,1.75,Luxury Villa,3057,11510,5,5.0,2,4,1,2000,2000,0,5,6.27,7,2179400.0
-6.27791,106.91128,South Hills,10.58,2.1,Single Family,2444,8519,3,1.5,2,2,1,2006,2021,1,4,3.32,4,1324900.0
-6.1998,106.75964,West Waterfront,9.59,1.04,Townhouse,1714,2271,3,2.0,2,2,0,2015,2015,0,4,5.74,6,958700.0
-6.1046,106.81599,Tech Corridor,12.02,6.9,Condominium,1053,1053,1,1.5,1,1,1,2016,2016,0,4,4.05,6,473600.0
-6.27945,106.76279,West Waterfront,12.08,0.1,Luxury Villa,4219,19903,6,4.0,3,3,1,2019,2019,0,4,3.52,9,4094700.0
-6.25669,106.83535,South Hills,5.44,3.53,Luxury Villa,4292,17380,6,3.5,2,3,1,2020,2020,0,2,3.22,10,3438700.0
-6.15928,106.8974,Tech Corridor,7.95,0.81,Townhouse,1564,2301,3,2.5,2,2,1,1991,1991,0,6,3.23,7,769900.0
-6.27641,106.70833,West Waterfront,16.99,2.22,Single Family,2074,5935,3,2.5,2,3,0,2001,2015,1,4,4.71,5,1126500.0
-6.20743,106.84295,Downtown / CBD,0.33,0.1,Single Family,2577,7430,4,2.0,1,1,0,2011,2011,0,6,3.12,6,1662300.0
-6.21096,106.80676,Downtown / CBD,4.32,2.06,Townhouse,1981,2295,3,1.5,2,1,0,2014,2014,0,8,4.33,4,973100.0
-6.16009,106.79274,Tech Corridor,7.98,0.84,Condominium,911,911,2,2.0,1,0,1,1980,1980,0,6,1.76,8,452500.0
-6.07122,106.83045,North Suburbs,15.36,0.38,Condominium,942,942,2,1.5,1,0,0,2002,2002,0,5,5.04,5,329300.0
-6.05167,106.97426,North Suburbs,22.54,1.41,Townhouse,1943,3033,4,2.5,2,1,1,1988,1988,0,6,5.43,5,685700.0
-6.14309,106.81121,Downtown / CBD,8.23,0.65,Single Family,2104,4927,3,1.5,2,1,1,2023,2023,0,4,4.09,7,1197100.0
-6.09779,106.76695,Tech Corridor,15.1,1.52,Single Family,1600,3767,3,2.0,2,3,0,1992,1992,0,6,4.17,6,769600.0
-6.16042,106.78522,Tech Corridor,8.59,0.72,Single Family,2200,7399,4,2.0,2,2,1,2006,2006,0,4,3.5,7,1228700.0
-6.2873,106.75156,West Waterfront,13.6,3.7,Single Family,914,1855,2,2.0,2,2,1,2020,2020,0,4,5.0,7,665100.0
-6.21173,106.71244,West Waterfront,14.78,4.11,Single Family,1819,3710,3,2.5,2,2,0,1997,1997,0,2,4.99,6,792700.0
-6.39073,106.9303,South Hills,22.28,4.92,Townhouse,1865,2850,3,2.0,3,1,0,2017,2017,0,1,4.89,6,685200.0
-5.98748,106.8817,North Suburbs,24.89,5.48,Single Family,3257,7713,3,2.0,2,3,0,2009,2009,0,6,4.47,5,1320900.0
-6.18323,106.69093,West Waterfront,17.4,5.89,Single Family,2176,4741,4,2.5,2,1,0,1979,1979,0,2,7.01,4,575200.0
-6.05541,106.90813,North Suburbs,18.39,11.95,Single Family,1357,3824,4,2.0,2,3,0,1984,1984,0,3,6.7,8,517700.0
-6.23652,106.72086,West Waterfront,14.18,0.29,Single Family,2157,6637,4,2.0,2,2,0,2015,2015,0,5,3.37,6,1388800.0
-6.3152,106.96906,South Hills,18.09,9.01,Single Family,2857,5336,4,2.0,1,3,0,1980,1987,1,1,6.71,4,739400.0
-6.22219,106.84056,Downtown / CBD,1.59,1.73,Luxury Villa,2642,10196,5,3.5,2,3,1,2005,2015,1,5,3.05,8,2131000.0
-6.09061,106.80168,Tech Corridor,14.0,12.51,Single Family,2753,7981,3,2.0,2,1,1,2015,2015,0,7,2.88,8,1550400.0
-6.1881,106.8815,Downtown / CBD,4.6,0.1,Single Family,1811,3970,3,2.5,2,2,0,2006,2013,1,6,5.74,5,1067600.0
-6.00344,107.00028,North Suburbs,28.54,3.97,Single Family,2573,6195,3,2.0,2,2,0,1983,1983,0,1,8.04,6,638400.0
-6.32261,106.90591,South Hills,14.3,8.98,Single Family,2576,7825,3,2.5,1,2,0,2008,2021,1,4,6.23,7,1118300.0
-6.22183,106.72846,West Waterfront,13.08,1.48,Single Family,1615,3274,3,1.5,1,2,0,1976,1976,0,7,4.48,5,656600.0
-6.26295,106.87826,Downtown / CBD,7.02,2.89,Condominium,1028,1028,2,2.0,1,1,0,2001,2021,1,5,4.2,5,444800.0
-6.18086,106.82545,Downtown / CBD,3.82,11.38,Single Family,2373,4434,3,1.5,1,2,0,1985,2011,1,8,4.71,7,1654900.0
-6.2475,106.90748,Downtown / CBD,8.1,1.42,Townhouse,1887,3005,2,2.5,2,1,0,1989,1989,0,3,3.74,5,613100.0
-6.18638,106.84035,Downtown / CBD,2.56,6.37,Single Family,2473,5524,4,2.0,2,2,0,2007,2007,0,6,3.88,5,1275800.0
-6.22818,106.91804,South Hills,8.32,0.13,Condominium,1026,1026,2,2.0,1,1,0,2017,2017,0,6,6.67,5,531400.0
-6.1533,106.86097,Tech Corridor,6.39,1.93,Single Family,2951,8115,3,1.5,2,2,1,2018,2018,0,2,5.3,2,1178800.0
-6.32525,106.92927,South Hills,15.92,0.82,Townhouse,1995,2550,3,2.5,2,1,0,2002,2002,0,7,4.51,4,805900.0
-6.1547,106.78215,North Suburbs,9.26,1.94,Condominium,1132,1132,2,2.0,1,1,0,2018,2018,0,7,6.31,6,581000.0
-6.29564,106.70727,West Waterfront,18.13,3.38,Townhouse,1783,2480,3,2.5,3,1,0,2014,2014,0,1,7.95,6,734900.0
-6.33967,106.90118,South Hills,15.78,0.96,Luxury Villa,4611,20818,7,5.0,3,3,1,1987,1995,1,4,6.31,8,2618300.0
-6.24055,106.73977,West Waterfront,12.26,0.28,Townhouse,2284,2627,2,2.0,2,1,0,2001,2001,0,4,4.21,6,1100100.0
-6.32024,106.89986,South Hills,13.76,2.85,Luxury Villa,4351,14497,5,6.0,2,2,1,1995,1995,0,6,4.02,5,2068700.0
-6.33385,106.93277,South Hills,16.92,1.08,Single Family,1975,3868,3,3.0,2,2,0,1985,1985,0,1,5.53,7,639700.0
-6.35286,106.98158,South Hills,21.99,2.48,Townhouse,1902,2798,4,2.0,2,2,0,1984,2021,1,2,7.34,6,703700.0
-6.15227,106.85198,Tech Corridor,6.31,2.04,Condominium,1319,1319,3,1.0,1,1,0,1999,1999,0,2,2.46,6,497700.0
-6.18825,106.84835,Tech Corridor,2.3,0.14,Townhouse,1283,1918,3,2.0,2,2,0,1981,1981,0,4,4.97,4,488600.0
-6.21125,106.67881,West Waterfront,18.52,3.33,Single Family,1913,3561,3,1.5,2,3,0,2021,2021,0,4,4.2,8,1264400.0
-6.11317,106.93932,North Suburbs,14.86,2.0,Condominium,1240,1240,3,2.0,1,1,1,1997,2005,1,3,2.91,7,568900.0
-6.23807,106.84928,South Hills,3.27,0.23,Condominium,1289,1289,2,1.0,1,2,1,2002,2002,0,7,2.82,5,741100.0
-6.19168,106.81682,Downtown / CBD,3.72,1.39,Townhouse,1644,2418,3,2.0,2,2,0,2001,2001,0,5,4.55,5,663700.0
-6.16746,106.87657,North Suburbs,5.73,0.3,Townhouse,1075,1611,4,1.5,2,1,0,2022,2022,0,6,3.18,8,699600.0
-6.18394,106.90106,North Suburbs,6.75,0.27,Townhouse,1901,2764,4,2.0,2,1,0,1987,1987,0,5,3.74,6,812700.0
-6.29437,106.67539,West Waterfront,21.15,7.95,Condominium,1048,1048,2,1.0,1,0,1,1990,2020,1,3,6.61,4,411600.0
-6.11917,106.816,Tech Corridor,10.48,2.11,Single Family,2042,5948,3,2.0,2,2,0,2011,2011,0,2,6.14,3,658200.0
-6.271,106.8346,Downtown / CBD,7.01,1.2,Condominium,1159,1159,3,2.0,1,1,0,2022,2022,0,6,3.05,6,635000.0
-6.2421,106.70608,West Waterfront,15.92,1.37,Townhouse,1131,1629,3,2.5,3,1,1,1995,1995,0,5,5.08,5,575300.0
-6.21645,106.81562,Downtown / CBD,3.43,5.86,Single Family,3029,8266,3,2.5,2,2,0,1976,1990,1,8,4.09,6,1403400.0
-6.128,106.71648,West Waterfront,16.91,0.95,Townhouse,1167,1480,4,2.5,2,2,0,1986,2007,1,5,6.41,7,628500.0
-6.08945,106.7561,Tech Corridor,16.56,0.24,Single Family,1754,5720,4,3.0,1,2,1,2016,2016,0,4,6.13,5,967700.0
-6.04126,106.95238,North Suburbs,22.05,3.3,Single Family,2558,8666,3,2.0,2,3,0,2013,2013,0,1,6.57,7,949300.0
-6.20539,106.84961,Downtown / CBD,0.58,4.14,Single Family,2730,8657,2,2.0,2,2,1,2002,2002,0,6,4.49,7,1701200.0
-6.18731,106.84012,Tech Corridor,2.46,0.34,Luxury Villa,3205,15584,4,3.5,2,3,1,1991,1991,0,8,4.76,6,2427600.0
-6.34737,106.78477,South Hills,16.8,1.72,Single Family,1969,5459,2,2.0,2,2,1,1975,1975,0,4,4.73,5,607200.0
-6.23331,106.83674,Downtown / CBD,2.89,0.18,Single Family,1694,4022,3,2.0,2,2,0,1994,1994,0,7,3.95,5,895200.0
-6.33535,106.66959,West Waterfront,24.06,1.97,Townhouse,2186,2491,3,2.5,2,1,0,2023,2023,0,2,5.8,8,1115200.0
-6.22607,106.8948,Downtown / CBD,5.79,0.31,Single Family,2034,4721,5,2.5,2,2,0,1988,2015,1,5,3.9,4,1003500.0
-6.14569,106.79162,Tech Corridor,9.22,0.65,Single Family,1546,4886,4,2.0,1,2,0,1987,1987,0,3,4.63,7,811400.0
-6.22087,106.71358,West Waterfront,14.72,0.14,Luxury Villa,4061,22858,7,4.0,2,3,1,1991,1991,0,3,5.53,7,2540000.0
-5.92142,106.94176,North Suburbs,33.64,3.54,Single Family,1754,5197,3,3.0,2,2,0,1992,1992,0,3,8.47,7,591700.0
-6.2392,106.75835,West Waterfront,10.26,4.19,Single Family,2489,4626,3,1.5,2,2,0,1991,1991,0,6,4.13,6,1312900.0
-5.99644,106.96075,North Suburbs,26.81,2.45,Townhouse,1720,2705,3,2.0,3,1,0,2013,2013,0,5,5.94,7,658000.0
-6.22452,106.79999,West Waterfront,5.36,1.68,Single Family,1812,3692,5,2.5,1,3,1,1991,1991,0,5,3.44,5,1016200.0
-6.3278,106.90538,South Hills,14.78,2.54,Single Family,2435,4964,4,2.0,2,2,0,1986,1986,0,4,7.34,4,682300.0
-6.29655,106.78914,West Waterfront,11.58,1.95,Luxury Villa,5293,23050,4,5.0,2,3,1,2022,2022,0,4,5.0,10,4971100.0
-6.22878,106.95163,North Suburbs,11.98,1.98,Condominium,695,695,2,2.0,1,0,0,2004,2004,0,6,5.31,7,362200.0
-6.0313,106.84814,North Suburbs,19.7,8.75,Townhouse,2248,2553,4,1.5,3,1,0,2002,2002,0,4,3.62,7,711700.0
-6.36543,106.98762,South Hills,23.47,0.37,Townhouse,1534,1870,4,2.0,2,2,0,2011,2011,0,5,6.76,6,636500.0
-5.99957,106.93129,North Suburbs,25.1,0.44,Single Family,1521,2876,3,2.0,1,3,0,1991,1991,0,3,6.52,7,543300.0
-6.21846,106.80877,Downtown / CBD,4.23,0.36,Single Family,1279,3308,2,1.5,2,1,0,1976,1994,1,6,5.32,3,488600.0
-6.36084,106.89832,South Hills,17.86,0.33,Single Family,2447,8531,4,2.0,2,3,0,2023,2023,0,5,6.49,6,1480900.0
-6.28575,106.9129,South Hills,11.35,7.57,Single Family,2170,4048,3,1.5,1,1,1,1977,2010,1,5,4.88,6,1015900.0
-6.14454,106.94828,North Suburbs,13.45,3.12,Townhouse,1030,1488,4,2.5,2,1,0,1988,1988,0,5,6.37,4,349300.0
-6.26214,106.68357,West Waterfront,18.93,1.08,Luxury Villa,3464,9226,7,4.0,2,3,1,2019,2019,0,6,2.13,8,2341200.0
-6.2427,106.67191,West Waterfront,19.64,1.08,Single Family,2550,7616,4,2.5,2,3,0,2010,2010,0,3,6.24,5,1105600.0
-6.26035,106.73126,West Waterfront,13.92,5.89,Single Family,2955,7436,4,3.0,1,2,0,1987,1987,0,5,4.16,6,1393300.0
-6.13455,106.78137,Tech Corridor,10.9,0.5,Condominium,973,973,1,2.0,1,1,1,1993,2015,1,2,6.28,8,502300.0
-6.29659,106.92134,South Hills,12.87,0.39,Luxury Villa,2987,10342,6,3.5,2,2,1,1996,1996,0,6,4.3,7,1575900.0
-6.29988,106.98083,South Hills,18.1,1.72,Townhouse,1357,1697,3,2.0,2,1,0,1989,1989,0,4,5.23,4,420700.0
-6.16347,106.79459,Tech Corridor,7.57,0.17,Single Family,2175,7283,4,3.0,2,2,0,1985,1985,0,7,5.6,7,1097000.0
-6.08168,106.7307,Tech Corridor,19.02,6.66,Single Family,2719,5990,2,1.5,2,1,1,2011,2011,0,4,7.51,4,998600.0
-6.35159,106.96659,South Hills,20.77,5.37,Condominium,974,974,2,2.0,1,1,0,1985,1985,0,5,4.98,5,303200.0
-6.33185,106.91939,South Hills,15.93,1.6,Single Family,2318,5112,4,2.5,1,2,1,1996,1996,0,4,5.29,5,978800.0
-6.18922,106.87833,North Suburbs,4.23,0.96,Single Family,1412,3362,3,1.5,2,3,0,1999,1999,0,5,5.32,4,648900.0
-6.17463,106.7936,Tech Corridor,6.91,2.64,Single Family,2777,6804,4,2.5,1,3,0,2023,2023,0,6,4.95,5,1725200.0
-6.02615,106.83248,North Suburbs,20.33,1.16,Single Family,2316,5020,4,2.5,2,3,0,2023,2023,0,4,4.63,7,1200700.0
-6.07928,106.89697,North Suburbs,15.47,4.23,Condominium,1005,1005,2,1.5,1,2,1,1979,1979,0,5,2.76,8,423300.0
-6.32642,106.98283,South Hills,20.06,0.1,Single Family,2474,5847,3,2.5,1,1,0,1987,1987,0,3,5.48,4,637300.0
-6.17046,106.8112,Tech Corridor,5.72,5.27,Luxury Villa,4319,12928,5,4.0,3,2,1,2018,2018,0,9,3.67,10,4017000.0
-5.96966,106.89943,North Suburbs,27.21,0.99,Townhouse,1777,2161,2,1.5,3,1,0,2013,2013,0,2,9.14,5,537700.0
-6.18029,106.84656,Downtown / CBD,3.17,1.98,Single Family,1832,3544,3,2.0,1,3,0,2004,2010,1,8,2.82,4,944400.0
-6.18978,106.89477,Downtown / CBD,5.85,0.46,Single Family,2328,6539,3,1.5,2,1,0,2020,2020,0,4,3.91,5,1195600.0
-6.16134,106.76591,Tech Corridor,10.3,2.13,Townhouse,1512,1716,3,2.0,3,1,1,2018,2018,0,2,4.36,7,777200.0
-6.12839,106.7944,Tech Corridor,10.58,1.15,Single Family,1697,3637,3,2.0,1,2,0,1978,1978,0,5,4.17,7,726200.0
-6.2315,106.74278,West Waterfront,11.69,1.14,Condominium,1115,1115,2,2.0,1,1,1,2002,2002,0,6,4.11,5,547400.0
-6.08533,106.85882,North Suburbs,13.78,1.81,Condominium,450,450,3,1.5,1,1,1,1975,1975,0,7,5.15,8,230600.0
-6.18757,106.84691,Downtown / CBD,2.36,0.67,Townhouse,1652,2438,3,2.0,2,1,0,1982,1982,0,7,3.37,7,832800.0
-6.42397,106.85947,South Hills,23.93,8.64,Single Family,1838,3852,3,2.5,1,2,0,2012,2012,0,2,7.52,6,590500.0
-6.21994,106.81793,Downtown / CBD,3.31,4.38,Townhouse,1588,1806,2,2.0,3,2,0,1987,1987,0,9,5.34,7,891800.0
-6.19665,106.79892,Downtown / CBD,5.35,1.19,Luxury Villa,4383,17713,5,5.0,2,4,1,1982,2015,1,7,3.68,6,3248300.0
-6.10094,106.74495,Tech Corridor,16.38,2.14,Condominium,1004,1004,2,2.0,1,0,1,2018,2018,0,5,5.42,7,528600.0
-6.14802,106.9361,North Suburbs,12.1,10.24,Single Family,1839,4598,3,2.0,1,2,1,2018,2018,0,8,4.37,7,1194300.0
-6.27864,106.88029,South Hills,8.66,1.83,Single Family,2913,6290,2,2.0,1,2,1,1999,2006,1,3,4.59,8,1603800.0
-6.03455,106.78038,Tech Corridor,20.65,0.66,Single Family,2727,8822,4,2.0,1,3,0,2008,2020,1,6,8.85,7,1496800.0
-6.20537,106.85556,Downtown / CBD,1.17,1.52,Townhouse,1970,2604,3,2.5,3,1,1,1977,1977,0,6,4.22,8,1072400.0
-6.25364,106.6478,West Waterfront,22.51,6.61,Condominium,469,469,2,2.0,1,1,1,2003,2011,1,5,5.49,5,237700.0
-6.3088,106.9046,South Hills,12.89,0.24,Luxury Villa,6173,19283,4,3.5,2,3,1,1975,2016,1,5,3.82,7,3799400.0
-6.25116,106.68748,West Waterfront,18.17,3.9,Condominium,755,755,1,2.0,1,1,1,2021,2021,0,5,3.57,5,372400.0
-6.32963,106.88891,South Hills,14.25,3.19,Townhouse,1710,2255,3,2.5,3,2,1,2001,2001,0,4,6.88,4,711800.0
-6.27322,106.76337,West Waterfront,11.6,0.1,Condominium,1109,1109,1,1.0,1,1,1,1983,1983,0,6,4.01,6,502100.0
-6.10563,106.82879,Tech Corridor,11.6,5.06,Townhouse,1780,2035,3,1.5,2,1,0,2017,2017,0,6,6.7,6,811700.0
-6.07749,106.80169,Tech Corridor,15.37,4.38,Condominium,1444,1444,2,1.0,1,1,0,1986,1986,0,5,5.41,6,459200.0
-6.32932,106.88848,South Hills,14.2,7.09,Condominium,696,696,3,1.0,1,1,0,1982,1982,0,2,3.79,4,184100.0
-6.33675,106.96752,South Hills,19.62,1.43,Townhouse,1784,2028,3,2.5,2,2,0,2011,2011,0,1,4.25,6,652400.0
-6.2223,106.87548,Downtown / CBD,3.64,1.22,Luxury Villa,4991,19724,6,3.5,2,2,1,2001,2017,1,7,5.5,9,4052600.0
-6.23157,106.86786,Downtown / CBD,3.54,0.35,Single Family,1234,2809,5,2.0,2,1,0,1996,1996,0,5,5.29,6,651200.0
-6.24593,106.67877,West Waterfront,18.97,1.39,Single Family,2153,4939,3,2.5,2,1,0,2015,2015,0,3,4.72,8,1250800.0
-6.31786,106.9147,South Hills,14.33,8.02,Townhouse,1316,1948,4,2.0,2,2,0,1993,1993,0,6,4.6,6,578200.0
-6.14965,106.84863,Tech Corridor,6.57,0.1,Single Family,2544,5506,5,2.5,2,1,0,1977,1977,0,3,3.66,6,811500.0
-6.25042,106.71597,West Waterfront,15.11,1.74,Single Family,2021,4615,3,1.5,2,1,0,1976,1976,0,2,5.84,6,774000.0
-6.08341,106.80134,North Suburbs,14.76,0.12,Single Family,3067,10362,4,1.5,1,1,0,1994,2005,1,7,5.3,5,1379100.0
-6.21245,106.6902,West Waterfront,17.25,1.39,Single Family,1804,5769,4,2.0,2,2,1,2010,2010,0,3,4.98,8,1242800.0
-6.25718,106.85801,Downtown / CBD,5.54,6.74,Townhouse,1725,1960,3,2.0,3,2,0,2005,2017,1,5,4.62,9,1254700.0
-6.30507,106.9056,South Hills,12.59,2.77,Luxury Villa,4750,20408,5,3.5,2,3,1,1983,1983,0,5,4.73,10,2571900.0
-6.07801,106.9218,North Suburbs,16.8,5.91,Single Family,3354,11426,4,2.0,2,3,0,2001,2001,0,4,4.51,4,1119000.0
-6.0984,106.75581,Tech Corridor,15.8,2.4,Single Family,2555,5908,4,2.0,1,2,0,2006,2006,0,2,3.27,6,1003000.0
-6.25865,106.6563,West Waterfront,21.73,4.78,Luxury Villa,4986,27504,7,3.5,2,2,1,2011,2011,0,3,4.68,8,3185500.0
-6.18835,106.82172,Downtown / CBD,3.49,0.6,Townhouse,967,1119,4,2.0,3,1,0,2007,2007,0,8,2.98,8,716500.0
-6.28817,106.87887,South Hills,9.55,0.61,Condominium,785,785,2,2.0,1,1,1,2019,2019,0,4,4.77,4,373100.0
-6.19252,106.82954,Downtown / CBD,2.54,3.2,Condominium,904,904,3,1.0,1,1,1,1986,1986,0,6,3.49,6,465000.0
-6.19218,106.823,Tech Corridor,3.11,1.89,Single Family,2594,7423,3,2.5,2,1,0,2014,2014,0,6,3.19,4,1247900.0
-6.16937,106.73878,Tech Corridor,12.64,4.3,Single Family,1696,4133,3,2.5,2,2,0,2016,2016,0,3,4.48,7,797300.0
-6.22333,106.80931,Downtown / CBD,4.34,0.53,Single Family,2002,5113,4,2.0,1,2,0,1981,2009,1,7,4.82,6,1265700.0
-6.24839,106.68248,West Waterfront,18.63,0.1,Luxury Villa,4905,22358,4,3.5,2,2,1,2010,2010,0,2,4.13,7,2922000.0
-6.1052,106.79741,Tech Corridor,12.68,0.79,Single Family,2045,3886,3,2.0,2,2,0,1981,2015,1,3,5.03,6,958000.0
-6.38503,107.00589,South Hills,26.44,0.29,Townhouse,1498,2133,4,1.5,2,1,1,2016,2016,0,4,5.23,8,746400.0
-6.17295,106.90782,Downtown / CBD,7.97,0.22,Single Family,1790,4755,4,2.5,2,2,0,1976,1976,0,4,5.79,5,673000.0
-6.27739,106.69709,West Waterfront,18.16,1.12,Single Family,2452,5494,4,2.0,2,2,1,1999,1999,0,4,5.58,4,1076900.0
-6.40422,106.7861,South Hills,22.67,0.2,Townhouse,1447,1866,3,1.5,2,1,0,2008,2008,0,5,7.22,8,654800.0
-6.13612,106.93731,North Suburbs,12.99,0.1,Single Family,2635,6714,2,2.0,2,2,0,2016,2016,0,3,5.58,7,1443100.0
-6.26854,106.77189,West Waterfront,10.53,0.1,Single Family,1588,3577,3,2.5,2,2,0,1987,1987,0,1,4.22,4,531900.0
-6.40354,106.9293,South Hills,23.53,6.81,Single Family,2927,7662,3,2.5,1,1,0,2021,2021,0,4,5.77,5,1121300.0
-6.22611,106.75943,Downtown / CBD,9.76,2.94,Single Family,3577,8168,4,1.5,2,1,0,1998,1998,0,4,4.3,6,1300900.0
-6.28801,106.87662,South Hills,9.44,3.8,Single Family,2844,5459,4,2.0,2,2,1,1990,1990,0,5,5.62,7,1456600.0
-6.25882,106.67699,West Waterfront,19.52,10.28,Townhouse,2027,2764,4,1.5,2,2,1,2007,2007,0,5,6.28,8,1101300.0
-6.29078,106.72067,West Waterfront,16.59,4.32,Condominium,918,918,2,1.5,1,1,1,2003,2003,0,3,4.59,6,410500.0
-6.10599,106.83416,Tech Corridor,11.48,3.96,Single Family,2763,8044,3,2.5,1,2,1,1976,1976,0,5,3.94,7,1112500.0
-6.16368,106.83046,Downtown / CBD,5.28,2.55,Townhouse,2095,2750,3,2.5,2,1,0,1989,2008,1,7,3.78,7,1317100.0
-6.08772,106.87885,North Suburbs,13.94,3.7,Luxury Villa,4126,17432,6,5.0,2,4,1,1989,1989,0,5,7.5,8,2350400.0
-6.21746,106.85735,Downtown / CBD,1.62,0.99,Townhouse,1705,2229,4,2.0,2,1,1,2003,2003,0,8,3.78,9,1227100.0
-6.28976,106.84533,South Hills,8.99,1.38,Single Family,1716,3759,3,2.0,1,2,0,1996,1996,0,5,6.05,6,832400.0
-6.27422,106.94976,South Hills,13.65,7.91,Single Family,2552,6091,3,2.0,2,2,0,2006,2006,0,4,5.12,5,987400.0
-6.15926,106.8256,Tech Corridor,5.93,4.01,Townhouse,1207,1541,3,1.5,2,1,0,1979,1979,0,8,3.54,6,490800.0
-6.21705,106.8815,Downtown / CBD,4.09,3.88,Luxury Villa,3444,11465,6,6.0,2,3,1,2009,2009,0,5,4.87,10,2926500.0
-6.29942,106.92147,South Hills,13.12,8.16,Condominium,1197,1197,2,1.0,1,0,1,1999,1999,0,1,3.55,7,389800.0
-6.14409,107.01523,North Suburbs,20.15,0.77,Condominium,853,853,2,1.0,1,0,1,1999,1999,0,5,6.59,7,387500.0
-6.07029,106.92009,North Suburbs,17.46,0.51,Townhouse,1474,2340,3,2.5,2,2,0,2005,2013,1,5,3.39,6,673000.0
-6.08381,106.76061,Tech Corridor,16.78,0.1,Townhouse,1116,1389,3,1.5,2,2,0,1992,1992,0,6,7.24,7,446800.0
-5.94027,106.87677,North Suburbs,30.01,4.77,Condominium,1045,1045,1,1.5,1,0,0,2000,2000,0,1,6.2,4,258800.0
-6.28647,106.71087,West Waterfront,17.26,13.57,Single Family,2799,7611,5,1.5,2,1,0,1992,2015,1,7,5.11,4,1211100.0
-6.00795,106.9064,North Suburbs,23.29,0.73,Single Family,1307,3312,5,2.0,2,2,0,2006,2006,0,7,5.23,10,838600.0
-6.09265,106.74354,Tech Corridor,17.16,0.15,Townhouse,1489,2097,4,2.5,2,2,0,2005,2014,1,6,4.21,4,551300.0
-6.03575,106.90291,North Suburbs,20.23,2.2,Single Family,2335,4894,5,2.0,1,1,1,1987,1987,0,3,5.38,7,834100.0
-6.14125,106.77901,Tech Corridor,10.53,0.19,Townhouse,1175,1697,4,2.5,2,2,1,2018,2018,0,4,6.48,4,543700.0
-6.31188,106.7818,West Waterfront,13.46,6.5,Townhouse,1770,2295,2,2.5,2,2,0,1976,1976,0,1,4.25,7,612800.0
-6.25927,106.70443,West Waterfront,16.64,1.38,Condominium,1134,1134,1,1.0,1,0,0,1993,1993,0,5,3.78,7,530900.0
-6.09142,106.95407,North Suburbs,17.74,0.47,Townhouse,1660,2368,4,2.0,2,1,0,1991,1991,0,5,5.2,7,693900.0
-6.29897,106.88632,South Hills,10.98,0.49,Condominium,596,596,3,2.0,1,0,1,1982,1982,0,4,4.21,5,235500.0
-6.3168,106.72008,West Waterfront,18.38,8.86,Single Family,2047,6864,4,3.0,1,2,0,1988,1988,0,5,6.29,7,918200.0
-6.12705,106.84454,Tech Corridor,9.08,0.1,Single Family,2785,6245,2,2.5,2,1,0,1980,1986,1,5,4.91,6,1183000.0
-6.17812,106.73602,West Waterfront,12.63,0.89,Townhouse,1190,1408,3,2.0,2,2,0,2016,2016,0,1,5.35,5,510800.0
-6.31,106.90404,South Hills,12.97,6.59,Single Family,2164,5760,4,2.0,1,2,1,1998,1998,0,3,5.32,4,806600.0
-6.19459,106.85921,Downtown / CBD,2.18,0.27,Townhouse,1792,2817,3,2.0,2,2,0,2008,2023,1,6,4.17,8,1431600.0
-6.16183,106.87863,Downtown / CBD,6.37,0.61,Single Family,2223,6757,2,2.0,2,1,1,2022,2022,0,7,4.72,8,1760600.0
-6.21969,106.8261,Downtown / CBD,2.48,0.14,Townhouse,1185,1855,4,1.5,3,2,1,2017,2017,0,5,2.58,4,614900.0
-6.2568,106.72848,West Waterfront,14.05,1.63,Condominium,1321,1321,1,1.0,1,2,0,1991,1991,0,6,5.48,6,587000.0
-6.1266,106.74967,Tech Corridor,14.02,0.34,Luxury Villa,3815,18520,6,4.0,2,2,1,2002,2022,1,2,4.16,7,2408900.0
-6.13286,106.72296,Tech Corridor,16.01,3.71,Luxury Villa,4408,18351,5,4.0,2,3,1,1996,1996,0,5,4.44,10,2789800.0
-6.22832,106.84049,Downtown / CBD,2.24,6.46,Single Family,2354,6149,3,2.5,1,2,1,1988,1988,0,9,4.33,3,1130500.0
-6.2825,106.71942,West Waterfront,16.22,1.05,Condominium,781,781,2,1.5,1,1,0,2021,2021,0,2,5.3,7,416400.0
-6.05873,106.80555,Tech Corridor,17.24,1.47,Single Family,1721,4137,4,3.0,2,2,0,2014,2014,0,3,4.67,4,684100.0
-5.96015,106.96071,North Suburbs,30.41,1.48,Single Family,1205,3781,4,2.0,2,3,0,1991,2004,1,1,8.16,9,577100.0
-6.2002,106.81478,Tech Corridor,3.55,0.6,Condominium,1075,1075,2,1.0,1,1,1,1998,1998,0,9,2.25,3,546900.0
-6.17849,106.83373,Tech Corridor,3.61,1.01,Luxury Villa,4701,19311,7,5.0,3,2,1,1994,2018,1,6,5.65,9,4274000.0
-6.16734,106.84295,Downtown / CBD,4.61,0.76,Townhouse,1937,2676,3,2.5,2,2,0,2005,2005,0,7,0.91,6,1175200.0
-6.23259,106.79278,Downtown / CBD,6.43,4.4,Single Family,2140,4603,4,2.0,2,1,1,2009,2009,0,4,3.2,4,962200.0
-6.34826,106.83814,West Waterfront,15.5,4.24,Townhouse,1662,2291,3,2.0,2,1,1,1978,1995,1,4,6.09,8,835900.0
-6.06358,106.91024,North Suburbs,17.64,1.04,Single Family,1990,4907,3,3.0,2,1,0,1983,1983,0,3,6.34,9,732800.0
-6.22338,106.74692,West Waterfront,11.07,4.04,Single Family,1569,3396,4,2.0,2,1,0,2001,2001,0,6,4.83,6,838300.0
-6.24607,106.8058,West Waterfront,6.05,2.61,Condominium,859,859,3,1.0,1,2,1,2014,2014,0,4,3.4,3,436600.0
-6.11502,106.99078,North Suburbs,19.18,3.82,Single Family,2938,7939,2,2.5,2,3,0,1982,1982,0,4,5.55,3,679400.0
-6.20928,106.70245,West Waterfront,15.89,3.28,Condominium,1115,1115,2,1.0,1,1,1,1985,1985,0,5,6.57,4,373800.0
-6.12846,106.86987,North Suburbs,9.32,4.72,Townhouse,1799,2122,3,2.5,2,1,1,1995,1995,0,7,3.7,7,922700.0
-6.19683,106.87102,Downtown / CBD,3.12,0.22,Single Family,1818,5910,4,3.0,2,2,0,2014,2014,0,6,3.73,7,1261500.0
-6.30079,106.71403,West Waterfront,17.82,7.26,Condominium,637,637,2,1.5,1,0,0,2019,2019,0,4,4.21,7,335800.0
-6.40939,106.89586,South Hills,22.95,5.86,Townhouse,1306,1744,2,1.5,2,1,0,1997,2014,1,3,5.41,7,535600.0
-6.30481,106.93952,South Hills,14.91,2.63,Single Family,2234,5550,4,2.5,2,2,0,2003,2003,0,4,4.23,6,970300.0
-6.09486,106.77816,Tech Corridor,14.7,0.39,Condominium,1243,1243,2,2.0,1,0,1,2001,2001,0,3,3.99,6,498600.0
-6.05654,106.97182,North Suburbs,21.95,6.64,Single Family,2590,8435,5,2.0,2,2,0,2010,2010,0,3,5.72,7,1127500.0
-6.11858,106.85051,North Suburbs,10.03,3.53,Single Family,2188,5832,4,2.0,1,2,0,1983,1983,0,5,5.41,8,1050400.0
-6.18075,106.78416,Tech Corridor,7.5,5.03,Townhouse,1744,1937,3,2.0,3,2,0,1981,1994,1,6,4.06,6,750700.0
-6.12924,106.79181,Tech Corridor,10.66,6.82,Condominium,1027,1027,1,1.5,1,1,1,1984,1984,0,8,3.98,5,361000.0
-6.13972,106.8413,Tech Corridor,7.68,0.1,Single Family,1103,3391,4,3.0,2,2,1,2016,2016,0,6,4.43,6,764900.0
-6.27846,106.70744,West Waterfront,17.17,0.33,Condominium,946,946,1,1.0,1,0,0,2002,2016,1,5,4.67,6,497000.0
-6.20069,106.81135,Downtown / CBD,3.91,1.53,Single Family,2430,6589,3,2.0,2,2,1,2003,2018,1,4,3.52,7,1693500.0
-6.12938,106.83591,Tech Corridor,8.88,5.23,Condominium,1221,1221,2,2.0,1,1,1,2015,2015,0,7,3.54,7,719100.0
-6.25028,106.86338,Downtown / CBD,5.01,3.56,Single Family,2825,7707,3,2.0,1,2,0,1994,1994,0,5,4.69,6,1404800.0
-6.29419,106.71104,West Waterfront,17.69,4.75,Single Family,1960,3803,4,2.5,1,3,0,1989,2006,1,4,5.14,5,1000000.0
-6.16511,106.8093,Tech Corridor,6.31,3.17,Condominium,484,484,2,2.0,1,1,0,2019,2019,0,6,5.85,7,343700.0
-6.09389,106.79719,Tech Corridor,13.84,0.53,Condominium,1078,1078,1,2.0,1,0,0,2007,2007,0,5,7.4,5,418200.0
-6.1084,106.86327,North Suburbs,11.32,3.03,Single Family,2469,4626,4,2.0,2,1,0,1992,1992,0,4,1.87,5,893200.0
-6.35363,106.87039,South Hills,16.31,1.22,Condominium,852,852,2,1.0,1,0,1,1990,2004,1,3,5.81,8,378900.0
-6.03499,106.89632,North Suburbs,20.1,3.1,Single Family,2179,5347,4,2.5,1,2,0,1980,2006,1,2,4.25,8,910600.0
-6.08056,106.80892,Tech Corridor,14.81,0.66,Single Family,3027,8813,3,3.0,1,2,0,2005,2005,0,5,6.59,3,1043900.0
-6.15346,106.81554,Tech Corridor,6.99,0.14,Single Family,2827,8997,4,3.0,1,2,0,2018,2018,0,5,4.75,5,1791600.0
-6.339,106.91565,South Hills,16.41,0.48,Townhouse,2124,3003,3,2.5,2,2,0,2010,2010,0,5,5.08,6,883500.0
-6.46814,106.99567,South Hills,33.26,3.25,Single Family,2398,7276,3,2.5,1,1,0,2000,2000,0,4,8.84,7,890400.0
-6.1378,106.77584,Tech Corridor,11.05,4.21,Townhouse,1313,1638,3,2.0,2,2,0,1996,1996,0,5,3.42,6,575700.0
-6.116,106.76839,Tech Corridor,13.4,4.06,Townhouse,1553,2184,3,1.5,2,2,0,1979,1979,0,4,3.94,5,467900.0
-6.10256,106.86253,North Suburbs,11.94,0.89,Single Family,2373,5852,3,1.5,2,1,0,2004,2013,1,7,6.08,5,1138200.0
-6.13277,106.88025,North Suburbs,9.27,0.94,Townhouse,1873,2874,2,2.0,2,2,0,1988,1988,0,7,5.06,9,1052800.0
-6.42104,106.85503,South Hills,23.58,3.25,Luxury Villa,4864,26317,5,5.0,3,4,1,1977,1977,0,5,6.25,9,2316400.0
-6.16549,106.82599,Downtown / CBD,5.28,2.62,Townhouse,2328,3269,4,2.0,2,1,0,2008,2008,0,6,5.78,7,1248500.0
-6.22437,106.73238,West Waterfront,12.69,6.12,Luxury Villa,3261,16909,4,3.5,2,2,1,2011,2011,0,5,4.29,10,2721100.0
-6.19655,106.84502,Downtown / CBD,1.36,0.98,Townhouse,2281,2563,3,2.0,2,1,1,2015,2015,0,7,4.58,7,1636900.0
-6.14022,106.87336,Tech Corridor,8.21,4.76,Single Family,2789,5598,5,1.5,2,2,1,1998,1998,0,5,6.63,6,1551600.0
-6.1595,106.91166,North Suburbs,9.15,1.82,Luxury Villa,3264,14405,5,6.0,3,2,1,1990,2002,1,10,4.83,5,2021400.0
-6.34779,106.84762,South Hills,15.43,1.69,Condominium,882,882,2,1.0,1,0,1,2021,2021,0,5,5.13,8,536600.0
-6.25109,106.91819,South Hills,9.33,4.94,Condominium,728,728,2,1.0,1,2,1,2018,2018,0,4,4.61,6,371300.0
-6.20661,106.71341,Tech Corridor,14.68,5.01,Townhouse,2242,2784,4,2.0,2,1,0,1985,1985,0,6,5.21,8,867900.0
-6.32784,106.93232,South Hills,16.35,0.53,Single Family,1630,3842,4,2.0,1,2,1,1991,2015,1,2,6.5,5,643400.0
-6.1344,106.8044,Tech Corridor,9.44,6.61,Luxury Villa,5121,28362,5,4.0,2,4,0,2011,2011,0,5,4.87,9,3811900.0
-6.12914,106.95565,North Suburbs,15.08,3.7,Single Family,1125,3696,2,2.0,1,2,1,1981,1981,0,4,4.6,3,356400.0
-6.12306,106.87998,North Suburbs,10.25,8.97,Townhouse,1840,2026,4,2.5,2,2,1,1992,1992,0,3,3.82,5,692800.0
-6.43481,106.89977,South Hills,25.8,1.89,Single Family,2087,6403,3,3.0,1,2,0,1999,1999,0,4,5.5,4,677800.0
-6.24751,106.76534,West Waterfront,9.89,2.17,Townhouse,1497,1866,3,1.5,2,2,0,2012,2012,0,4,6.67,6,961800.0
-6.13087,106.84212,North Suburbs,8.66,7.23,Townhouse,713,817,3,1.5,2,1,1,1990,1990,0,4,4.59,5,298100.0
-6.20326,106.84937,Downtown / CBD,0.74,0.1,Single Family,1491,3604,3,3.0,2,2,0,1975,1975,0,6,3.2,5,629000.0
-6.13772,106.8705,North Suburbs,8.36,1.96,Condominium,1239,1239,2,1.0,1,1,1,2009,2009,0,6,2.79,5,574700.0
-6.36778,106.86036,South Hills,17.72,0.59,Single Family,2224,6886,4,2.5,2,2,0,1978,1983,1,4,5.19,6,829000.0
-6.20429,106.85131,Downtown / CBD,0.81,0.1,Condominium,714,714,2,1.5,1,0,1,1987,1987,0,7,2.08,6,429000.0
-6.21081,106.79381,Tech Corridor,5.75,0.79,Single Family,2869,7756,3,3.0,1,2,1,1984,1984,0,6,5.19,5,1328700.0
-6.41549,106.8288,South Hills,23.02,0.52,Single Family,1751,4801,3,2.0,2,2,0,2001,2017,1,3,8.58,8,945800.0
-6.21917,106.70798,West Waterfront,15.32,0.77,Townhouse,1600,2206,3,2.0,2,2,1,2005,2005,0,6,5.17,5,871700.0
-6.21408,106.76052,West Waterfront,9.46,5.56,Single Family,2820,7123,2,1.5,2,2,0,1988,1993,1,6,5.47,5,1286200.0
-6.22288,106.85114,Downtown / CBD,1.68,0.1,Single Family,2641,6997,4,1.5,1,3,0,2017,2017,0,7,2.29,7,1803000.0
-6.22626,106.71248,West Waterfront,14.9,6.17,Condominium,976,976,2,1.0,1,0,1,1975,2019,1,3,6.18,8,627200.0
-6.36597,106.70519,West Waterfront,23.39,6.27,Single Family,1474,2925,3,1.5,1,2,0,2004,2004,0,3,5.9,7,698800.0
-6.1619,106.78697,Tech Corridor,8.33,1.16,Single Family,1610,4881,3,1.5,1,2,0,1985,1999,1,5,2.28,5,776900.0
-6.27779,106.67876,West Waterfront,20.04,2.16,Townhouse,1673,1906,2,1.5,2,1,1,1988,1988,0,4,5.06,6,560500.0
-6.2241,106.81531,Downtown / CBD,3.77,2.64,Townhouse,1423,2231,4,2.0,2,2,0,1997,2014,1,6,5.05,9,1023000.0
-5.98881,106.83477,North Suburbs,24.45,2.01,Single Family,1657,3837,2,2.0,1,2,0,1978,2013,1,3,6.04,6,656400.0
-6.39796,106.96315,South Hills,24.72,5.25,Townhouse,1287,1832,3,1.5,2,1,1,2010,2010,0,2,5.03,7,490500.0
-6.29621,106.8775,South Hills,10.33,8.56,Luxury Villa,4654,16462,4,5.0,2,3,0,1975,1975,0,3,5.0,7,1722500.0
-6.12414,106.98012,North Suburbs,17.64,3.12,Condominium,996,996,1,1.5,1,1,1,2013,2013,0,6,6.42,8,480900.0
-6.03214,106.88487,North Suburbs,20.09,10.51,Condominium,762,762,1,1.0,1,1,1,2014,2014,0,2,3.55,5,251700.0
-6.09319,106.91757,North Suburbs,15.12,0.38,Single Family,1824,4790,3,2.0,1,2,0,2010,2010,0,7,5.04,5,897300.0
-6.23767,106.74731,West Waterfront,11.37,0.36,Townhouse,2192,2554,4,1.5,2,1,0,2008,2008,0,6,6.07,4,1130800.0
-6.31183,106.77063,West Waterfront,14.14,3.49,Townhouse,1143,1544,3,1.5,2,2,0,1979,2022,1,1,4.04,7,560900.0
-6.24308,106.87251,South Hills,4.84,2.06,Condominium,709,709,3,2.0,1,2,1,2010,2010,0,2,2.82,6,414900.0
-6.16968,106.74769,Tech Corridor,11.7,1.67,Single Family,1701,4273,3,1.5,1,2,0,1975,2007,1,4,5.24,6,796700.0
-6.2124,106.7769,West Waterfront,7.64,1.27,Single Family,1766,4223,5,2.0,2,2,0,1979,1979,0,4,5.59,5,724100.0
-6.09979,106.81114,Tech Corridor,12.69,13.14,Townhouse,1598,2265,3,2.5,3,1,0,2015,2015,0,5,6.08,5,620400.0
-6.34455,106.91268,South Hills,16.81,8.3,Single Family,1880,4982,4,2.0,1,2,0,2013,2013,0,3,7.25,5,762500.0
-6.28138,106.93727,South Hills,12.98,0.6,Condominium,1241,1241,2,1.0,1,1,1,1995,1995,0,4,4.64,5,453300.0
-6.35597,106.90543,South Hills,17.63,2.71,Single Family,2387,5284,4,2.5,2,1,0,2008,2008,0,6,5.02,4,788900.0
-5.99137,106.90127,North Suburbs,24.91,1.4,Townhouse,2366,3417,2,2.0,3,1,1,2001,2001,0,3,5.71,5,658400.0
-6.23213,106.83593,Downtown / CBD,2.8,0.95,Luxury Villa,5270,23912,6,6.0,2,3,1,2018,2018,0,7,3.44,8,4718700.0
-6.33855,106.91134,South Hills,16.15,1.13,Single Family,2653,8054,2,1.5,1,2,1,1976,1976,0,2,5.67,7,965100.0
-6.00723,106.94253,North Suburbs,24.83,5.45,Condominium,1018,1018,2,1.5,1,2,1,1997,2021,1,3,6.02,8,476000.0
-6.22499,106.85662,Downtown / CBD,2.17,0.1,Condominium,1004,1004,3,2.0,1,0,1,2015,2015,0,6,3.84,7,635100.0
-6.25482,106.85928,Downtown / CBD,5.33,0.9,Single Family,3088,6121,3,1.5,2,1,0,2007,2015,1,5,5.34,6,1635500.0
-6.14852,106.97443,North Suburbs,15.79,5.65,Condominium,866,866,1,1.5,1,1,1,1985,1985,0,6,4.43,6,316100.0
-6.09971,106.77478,Tech Corridor,14.44,4.84,Single Family,1827,3835,3,2.5,2,2,0,2016,2016,0,5,3.76,6,828800.0
-6.1652,106.85886,Downtown / CBD,5.06,0.83,Single Family,1699,3148,3,1.5,2,1,1,2016,2016,0,7,2.53,6,1074100.0
-6.02686,106.84908,North Suburbs,20.2,0.56,Single Family,2609,8172,4,2.5,2,3,0,2001,2015,1,4,7.36,8,1348200.0
-6.1627,106.92973,North Suburbs,10.65,9.77,Condominium,975,975,2,2.0,1,0,0,2009,2009,0,7,4.34,7,495300.0
-6.20552,106.85456,Downtown / CBD,1.06,2.32,Townhouse,1419,1710,2,2.0,2,1,0,2020,2020,0,7,4.5,8,1013300.0
-6.21457,106.85011,Downtown / CBD,0.81,0.76,Single Family,1865,5958,4,2.5,1,2,0,2018,2018,0,6,3.53,7,1420500.0
-6.20533,106.85366,Downtown / CBD,0.97,2.06,Single Family,2675,7680,3,2.0,2,2,0,2012,2012,0,6,4.55,7,1875700.0
-6.06805,106.92979,North Suburbs,18.2,4.83,Condominium,632,632,2,1.0,1,1,0,2023,2023,0,4,5.88,6,275900.0
-6.11059,106.78703,Tech Corridor,12.69,0.42,Townhouse,1237,1559,4,2.5,2,2,0,1980,1980,0,6,5.83,7,532000.0
-6.23055,106.69028,West Waterfront,17.41,1.29,Condominium,1205,1205,2,1.0,1,1,0,2006,2020,1,2,7.15,5,522100.0
-6.25005,106.72763,West Waterfront,13.87,2.49,Luxury Villa,3876,14378,4,4.0,3,4,1,1997,2018,1,4,6.39,7,2905400.0
-6.31703,106.98801,South Hills,19.85,0.46,Single Family,2910,9664,3,2.5,2,2,0,1995,1995,0,4,6.32,6,1079100.0
-6.25092,106.70939,West Waterfront,15.83,3.43,Condominium,1304,1304,2,1.0,1,1,0,1991,1991,0,3,2.21,6,515600.0
-6.35335,106.91958,South Hills,18.02,0.89,Condominium,687,687,2,2.0,1,0,1,2004,2004,0,3,6.49,8,339600.0
-6.17719,106.79068,Downtown / CBD,7.03,2.69,Single Family,2818,7830,4,2.0,1,2,0,2010,2010,0,6,2.22,7,1644300.0
-6.3227,106.97142,South Hills,18.84,1.37,Condominium,1380,1380,1,2.0,1,0,0,1996,2010,1,2,7.38,4,402200.0
-6.09649,106.84697,North Suburbs,12.47,0.21,Luxury Villa,1624,5800,5,4.0,2,3,1,2016,2016,0,7,5.57,8,1207600.0
-6.01685,106.91142,North Suburbs,22.52,14.65,Condominium,1002,1002,2,2.0,1,1,1,1996,1996,0,4,6.29,8,376200.0
-6.33399,106.68931,West Waterfront,22.23,5.71,Condominium,770,770,1,1.0,1,1,1,1981,1981,0,4,5.71,9,324700.0
-6.30923,106.92641,South Hills,14.31,3.55,Single Family,1544,3752,3,2.0,1,1,1,2020,2020,0,5,5.9,6,855800.0
-6.28414,106.77253,West Waterfront,11.65,7.54,Single Family,3542,10162,3,2.0,2,2,0,2005,2012,1,5,4.89,5,1862900.0
-6.10704,106.78548,Tech Corridor,13.12,0.69,Condominium,944,944,1,2.0,1,1,1,1999,1999,0,3,5.27,7,395100.0
-6.06108,106.81853,North Suburbs,16.67,7.5,Single Family,2141,7002,3,2.0,2,2,1,1996,1996,0,6,5.29,9,1197400.0
-6.06418,107.01239,North Suburbs,24.5,1.4,Townhouse,1618,2280,3,2.0,2,2,0,2013,2013,0,6,7.81,8,797100.0
-6.34404,106.87786,South Hills,15.43,7.09,Luxury Villa,4431,16630,4,5.0,2,3,1,2005,2022,1,1,6.28,10,2677700.0
-6.22382,106.82484,West Waterfront,2.84,0.77,Single Family,2025,5299,3,1.5,1,2,1,2001,2001,0,6,3.82,8,1667500.0
-6.10693,106.73458,Tech Corridor,16.73,1.89,Single Family,2542,5575,3,2.5,1,1,0,2007,2015,1,5,5.61,4,910700.0
-6.33114,106.9726,South Hills,19.57,3.01,Townhouse,1444,2001,2,1.5,2,1,0,1985,1985,0,1,7.97,9,424200.0
-6.06967,106.8721,North Suburbs,15.72,1.81,Single Family,1591,5444,4,3.0,2,1,0,1987,1987,0,1,6.22,6,487600.0
-6.23882,106.74972,West Waterfront,11.15,10.17,Condominium,1012,1012,2,1.0,1,0,1,1993,2000,1,6,4.22,5,535100.0
-6.12904,106.83489,Tech Corridor,8.93,0.63,Single Family,2322,5866,3,2.0,2,1,0,2009,2009,0,7,3.68,7,1253400.0
-6.22546,106.89886,Downtown / CBD,6.19,2.59,Townhouse,1140,1602,2,2.5,2,1,1,1990,1990,0,4,2.39,4,463800.0
-6.20785,106.8882,North Suburbs,4.73,2.29,Townhouse,1625,1834,3,2.5,2,2,1,2015,2015,0,6,3.11,7,1061200.0
-6.18934,106.8345,Downtown / CBD,2.49,0.91,Condominium,982,982,3,1.5,1,1,1,1984,1984,0,8,5.19,4,410500.0
-6.2686,106.69835,West Waterfront,17.64,0.94,Single Family,2500,5361,3,2.0,1,2,0,2011,2011,0,4,6.9,6,1265500.0
-6.21321,106.83549,Downtown / CBD,1.22,1.18,Condominium,1208,1208,2,1.0,1,1,1,2005,2011,1,4,4.07,5,675000.0
-6.34354,106.86772,South Hills,15.16,3.15,Luxury Villa,4702,26070,5,4.0,2,3,1,2008,2017,1,5,2.7,7,2976700.0
-6.08456,106.97084,North Suburbs,19.58,3.25,Single Family,1608,3285,5,1.5,1,2,1,2002,2002,0,5,5.39,6,768600.0
-6.11874,106.75764,Tech Corridor,13.97,1.65,Luxury Villa,4652,25070,6,6.0,2,3,1,2007,2013,1,4,6.02,7,2939400.0
-6.10296,106.83681,Tech Corridor,11.79,2.53,Single Family,1736,5985,5,2.0,2,2,0,2018,2018,0,4,2.85,7,1028500.0
-6.26064,106.90954,South Hills,9.14,1.47,Townhouse,1717,2122,3,1.5,2,1,0,1986,1986,0,5,5.03,6,648700.0
-6.11077,106.74334,Tech Corridor,15.72,1.05,Single Family,3225,9996,5,1.5,1,2,0,2013,2013,0,7,5.91,7,1892200.0
-6.33303,106.94585,South Hills,17.72,2.41,Townhouse,1369,1696,4,2.0,3,1,0,2021,2021,0,3,4.04,6,621600.0
-5.97674,107.05484,North Suburbs,34.68,0.37,Condominium,762,762,2,1.5,1,0,1,1987,1987,0,1,9.24,7,231200.0
-6.20413,106.86534,North Suburbs,2.25,3.87,Condominium,857,857,2,1.0,1,1,0,2023,2023,0,9,4.32,5,541300.0
-6.30897,106.70164,West Waterfront,19.47,0.35,Townhouse,1513,2393,3,2.5,2,1,1,2015,2015,0,5,5.59,8,934600.0
-6.36541,106.88013,South Hills,17.8,0.55,Single Family,2825,5984,3,2.0,1,2,1,2000,2000,0,4,5.34,7,1288200.0
-6.27182,106.7233,West Waterfront,15.27,0.52,Townhouse,1447,1755,3,2.5,2,2,0,1982,1982,0,4,5.61,6,668700.0
-6.20855,106.70293,West Waterfront,15.84,1.31,Single Family,3435,7326,3,1.5,2,2,1,1981,2013,1,5,5.24,6,2026300.0
-6.12413,106.80242,Tech Corridor,10.55,0.99,Single Family,2654,5373,3,2.5,2,2,1,2002,2002,0,4,7.63,7,1341800.0
-6.29341,106.8319,South Hills,9.51,4.59,Townhouse,1582,2092,3,2.0,2,2,0,2004,2004,0,5,6.1,7,772000.0
-6.25401,106.88013,South Hills,6.31,0.59,Single Family,2756,8737,2,2.5,2,1,0,2020,2020,0,8,3.91,7,2023200.0
-6.3011,106.99145,South Hills,19.16,8.15,Single Family,1478,2886,3,2.0,1,1,0,2021,2021,0,2,5.18,5,552200.0
-6.28698,106.69995,West Waterfront,18.35,12.63,Luxury Villa,4710,14881,4,3.5,2,3,1,2019,2019,0,4,5.28,8,3216200.0
-6.00366,106.94357,North Suburbs,25.23,0.98,Townhouse,1846,2443,4,1.5,3,1,0,1977,1977,0,4,6.53,8,599900.0
-6.34343,106.88639,South Hills,15.62,0.75,Single Family,1734,5899,3,2.5,1,1,0,1977,1977,0,1,4.2,5,562300.0
-6.13012,106.89613,North Suburbs,10.38,3.98,Single Family,1845,5520,3,1.5,2,1,0,1975,1975,0,4,3.89,5,600100.0
-6.26074,106.72647,West Waterfront,14.43,5.36,Single Family,2698,7646,3,3.0,1,3,0,1999,2017,1,5,5.38,9,2190100.0
-6.23123,106.71372,West Waterfront,14.85,5.33,Single Family,1312,2444,2,3.0,2,2,0,2010,2010,0,5,5.89,7,771500.0
-6.10247,106.90592,North Suburbs,13.57,1.08,Condominium,591,591,2,1.5,1,0,1,1997,2006,1,5,6.88,5,270200.0
-6.33077,106.91463,South Hills,15.56,1.24,Single Family,1638,4789,4,3.0,1,2,0,1999,2017,1,6,5.61,6,905400.0
-6.0725,106.88502,North Suburbs,15.75,3.08,Townhouse,1797,2337,2,2.0,2,2,1,2000,2000,0,5,8.49,8,870900.0
-6.07405,106.77014,Tech Corridor,17.14,1.02,Townhouse,1427,1582,2,1.5,2,1,1,1991,2017,1,4,5.59,6,619100.0
-6.25534,106.72146,West Waterfront,14.72,4.65,Townhouse,1870,2716,2,2.5,3,2,0,1981,2004,1,5,3.1,9,1109900.0
-6.08688,106.96465,North Suburbs,18.91,2.24,Luxury Villa,4457,13331,5,5.0,2,3,1,1985,1985,0,3,5.97,9,1896600.0
-6.43154,106.87069,South Hills,24.88,2.31,Luxury Villa,3391,20320,4,4.0,2,3,1,2007,2007,0,2,5.64,8,1744100.0
-6.19865,106.85162,Downtown / CBD,1.31,1.14,Townhouse,1169,1387,3,2.5,3,2,0,1997,2017,1,4,4.41,7,704500.0
-6.04429,106.79294,Tech Corridor,19.17,7.96,Townhouse,2226,3439,4,2.0,3,1,0,2004,2004,0,4,5.85,7,885500.0
-6.28016,106.76398,West Waterfront,12.03,0.34,Luxury Villa,4902,21765,7,4.0,3,2,1,1991,1991,0,4,4.72,8,3328500.0
-6.08867,106.88896,North Suburbs,14.18,1.69,Luxury Villa,4581,13235,5,3.5,3,2,1,2001,2001,0,5,6.04,6,2354700.0
-6.26084,106.68459,West Waterfront,18.78,0.7,Townhouse,1642,2016,3,2.0,2,1,0,1987,2018,1,3,5.84,6,831700.0
-6.02404,106.96367,North Suburbs,24.34,2.27,Townhouse,1614,2097,3,2.0,2,2,0,2020,2020,0,3,6.51,7,667600.0
-6.22143,106.83747,Downtown / CBD,1.67,0.35,Townhouse,1390,2042,3,2.0,2,2,0,1975,1975,0,5,4.56,6,593700.0
-6.34144,106.9608,South Hills,19.5,2.12,Single Family,2380,6125,3,2.5,2,1,1,2022,2022,0,2,6.04,2,711100.0
-6.21597,106.8241,Downtown / CBD,2.52,0.52,Townhouse,1822,2302,3,2.0,2,1,1,1987,1987,0,6,6.11,6,1023400.0
-6.09472,106.79952,Tech Corridor,13.66,2.08,Townhouse,1605,2052,3,1.5,3,2,1,2003,2003,0,5,4.7,9,862200.0
-6.09585,106.8602,Tech Corridor,12.64,3.39,Condominium,761,761,3,1.0,1,1,1,1980,2021,1,1,4.5,5,335600.0
-6.16153,106.76244,Tech Corridor,10.62,2.02,Single Family,2426,7722,3,2.0,2,2,0,2017,2017,0,4,7.3,4,1113500.0
-6.14397,106.81769,Tech Corridor,7.83,0.1,Single Family,1623,3334,5,1.5,1,2,0,1991,1991,0,4,4.58,6,803100.0
-6.13887,106.83388,Tech Corridor,7.87,4.24,Single Family,3066,10615,4,2.0,2,2,0,2011,2011,0,6,3.17,6,1786800.0
-6.36389,106.90086,South Hills,18.27,3.02,Townhouse,2024,2706,3,1.5,2,2,1,1976,1976,0,4,6.11,8,707800.0
-6.20984,106.9177,Downtown / CBD,8.0,4.18,Townhouse,2101,2324,2,2.5,2,1,0,2012,2012,0,3,0.95,9,1184300.0
-6.26403,106.84247,Downtown / CBD,6.14,3.56,Condominium,1061,1061,2,1.0,1,1,1,2011,2011,0,3,1.68,4,469800.0
-6.23563,106.71912,West Waterfront,14.35,1.3,Single Family,2154,5204,3,2.5,2,2,1,2002,2014,1,1,6.48,8,1340300.0
-6.00165,106.96544,North Suburbs,26.56,1.25,Townhouse,1377,1661,2,2.5,3,2,1,1988,2022,1,3,4.36,4,422700.0
-6.24913,106.86685,Downtown / CBD,5.06,0.74,Townhouse,1381,1795,3,2.0,2,2,1,1987,2003,1,6,6.52,8,958100.0
-6.18624,106.87712,Downtown / CBD,4.3,2.15,Single Family,1924,3644,3,2.5,2,2,0,1978,2016,1,7,4.08,6,1136800.0
-6.28847,106.75772,West Waterfront,13.17,2.46,Single Family,2293,5970,3,2.5,1,1,0,2022,2022,0,2,3.6,8,1363600.0
-6.31595,106.70464,West Waterfront,19.65,0.1,Townhouse,1196,1514,4,2.0,2,2,0,2000,2011,1,4,8.5,6,642600.0
-6.25845,106.83349,Downtown / CBD,5.67,0.48,Condominium,770,770,2,2.0,1,0,0,2017,2017,0,6,3.51,6,423300.0
-6.23587,106.71627,West Waterfront,14.67,0.2,Single Family,3046,9163,3,2.0,1,1,1,1994,2009,1,5,6.93,4,1629800.0
-6.36232,106.72274,West Waterfront,21.83,2.58,Townhouse,2071,3040,3,1.5,2,2,1,2020,2020,0,1,6.78,4,822800.0
-6.17892,106.77961,West Waterfront,8.04,0.57,Condominium,910,910,3,1.5,1,0,1,1987,1987,0,4,3.38,8,472500.0
-6.27005,106.86823,Downtown / CBD,7.25,2.23,Condominium,1127,1127,2,1.5,1,1,0,2008,2018,1,5,4.8,7,587100.0
-6.22433,106.82873,Downtown / CBD,2.54,6.4,Townhouse,1716,2150,2,2.0,3,1,0,1977,1977,0,5,2.65,6,688100.0
-6.21582,106.86655,Downtown / CBD,2.45,1.53,Townhouse,1767,2016,4,2.5,2,1,0,1978,1978,0,6,3.6,7,812900.0
-5.96391,106.89421,North Suburbs,27.71,5.48,Condominium,731,731,2,1.5,1,1,1,1977,1977,0,5,8.31,5,183700.0
-6.14507,106.9561,North Suburbs,14.16,11.65,Single Family,1890,6451,4,2.0,1,2,0,2015,2015,0,7,2.88,5,1013700.0
-6.41064,106.907,South Hills,23.42,6.45,Single Family,2833,5912,5,2.0,2,2,0,2005,2005,0,4,8.4,6,992700.0
-6.35041,106.95465,South Hills,19.84,2.42,Condominium,813,813,2,1.5,1,0,0,1989,1989,0,2,4.21,6,241200.0
-6.0958,106.87506,North Suburbs,12.96,1.7,Townhouse,1756,2154,3,1.5,3,1,0,1984,1984,0,6,5.9,5,577400.0
-6.16581,106.82007,Tech Corridor,5.55,0.99,Single Family,2649,6140,2,1.5,1,3,1,2021,2021,0,7,3.74,4,1527900.0
-6.16822,106.81359,Tech Corridor,5.74,2.56,Single Family,1892,6598,3,3.0,1,2,1,2000,2015,1,7,3.77,7,1619100.0
-6.10001,106.85439,North Suburbs,12.11,0.71,Single Family,2712,5097,5,2.0,2,3,1,2001,2010,1,5,4.33,6,1364000.0
-6.18392,106.85959,Downtown / CBD,3.17,1.64,Single Family,2688,6011,3,2.5,1,2,0,1978,1978,0,5,1.54,5,1045800.0
-5.98956,106.95726,North Suburbs,27.31,2.94,Single Family,3291,6011,4,3.0,1,3,1,2016,2016,0,1,6.62,7,1195100.0
-5.92535,106.87974,North Suburbs,31.69,3.68,Single Family,2553,6265,3,2.0,2,2,1,2001,2001,0,5,7.04,8,1082200.0
-6.31456,106.76027,West Waterfront,15.08,0.56,Condominium,895,895,2,2.0,1,0,0,1985,1985,0,4,7.35,6,391100.0
-6.17313,106.87317,Downtown / CBD,5.0,0.22,Single Family,2573,7090,5,2.0,1,2,0,2001,2001,0,3,3.62,4,1005400.0
-6.11711,106.91304,Tech Corridor,12.63,14.51,Townhouse,1555,2020,3,2.0,3,2,0,2006,2020,1,5,5.05,6,731200.0
-6.3483,106.86731,South Hills,15.67,1.32,Townhouse,1887,2730,3,2.0,2,1,0,1994,2010,1,5,7.75,4,673000.0
-6.07812,106.77924,Tech Corridor,16.27,0.44,Luxury Villa,4705,14891,4,4.0,2,4,1,1999,2017,1,4,6.82,10,3145300.0
-6.22923,106.75739,Downtown / CBD,10.05,3.82,Condominium,834,834,1,1.0,1,1,0,2009,2009,0,4,5.13,5,329000.0
-6.34241,106.94459,South Hills,18.46,8.49,Single Family,2496,7156,2,2.5,1,3,1,2018,2018,0,5,5.44,6,1276400.0
-6.36498,106.67739,West Waterfront,25.48,9.44,Luxury Villa,5179,22329,5,5.0,2,2,1,2018,2018,0,3,6.09,8,3137200.0
-6.11336,106.99527,North Suburbs,19.7,1.35,Condominium,1177,1177,1,2.0,1,1,1,1992,2002,1,2,5.6,6,430600.0
-6.4082,106.94088,South Hills,24.53,15.0,Condominium,450,450,1,2.0,1,1,1,2011,2011,0,1,7.89,8,191700.0
-6.34705,106.75271,West Waterfront,18.49,0.4,Single Family,1836,5138,3,1.5,2,2,1,2019,2019,0,4,6.31,6,1147800.0
-6.3157,106.66562,West Waterfront,23.24,0.36,Single Family,3036,8749,4,2.0,2,3,1,1996,2007,1,4,5.26,8,1772000.0
-6.29917,106.91253,South Hills,12.48,1.42,Townhouse,1276,1850,3,2.0,2,2,0,2021,2021,0,5,4.35,8,814000.0
-6.2317,106.83443,Downtown / CBD,2.83,0.53,Townhouse,1954,2608,3,2.5,2,1,0,1981,1981,0,4,2.39,7,768400.0
-6.33726,106.87821,South Hills,14.71,0.98,Townhouse,1733,2264,4,2.5,3,2,1,2020,2020,0,5,6.41,7,1054600.0
-6.06885,106.8559,Tech Corridor,15.58,1.42,Townhouse,1490,1660,3,2.0,2,1,0,2003,2003,0,5,5.94,6,601700.0
-6.22034,106.82962,Downtown / CBD,2.19,2.71,Single Family,1410,3872,4,1.5,2,2,0,1991,2019,1,5,3.78,6,1021400.0
-6.30011,106.91812,South Hills,12.94,0.46,Condominium,973,973,2,1.0,1,2,0,2018,2018,0,6,1.99,6,493700.0
-6.33082,106.68926,West Waterfront,22.01,4.67,Single Family,2640,6352,3,2.5,2,2,1,2016,2016,0,1,7.12,9,1401600.0
-5.99028,106.99243,North Suburbs,29.22,1.14,Single Family,2149,4904,3,1.5,2,2,1,2008,2008,0,2,6.68,5,727400.0
-6.19201,106.84807,Downtown / CBD,1.88,0.86,Condominium,973,973,2,1.5,1,1,0,2022,2022,0,7,3.18,8,800500.0
-6.25763,106.79234,West Waterfront,8.02,1.38,Townhouse,2197,3058,3,2.5,2,1,0,2018,2018,0,7,4.96,8,1730700.0
-6.10841,106.76902,Tech Corridor,14.02,6.75,Condominium,956,956,3,1.5,1,0,1,2002,2002,0,4,6.88,4,319600.0
-6.35413,106.84045,South Hills,16.14,2.02,Townhouse,1577,2133,2,2.5,2,1,0,2010,2010,0,7,5.18,7,784900.0
-6.20001,106.89486,Downtown / CBD,5.55,3.83,Single Family,2131,6276,3,2.5,1,2,1,2015,2015,0,5,3.76,6,1292700.0
-6.1056,106.8123,North Suburbs,12.04,8.46,Luxury Villa,3602,17003,6,5.0,2,4,1,2005,2021,1,7,5.24,8,2937200.0
-6.14822,106.80881,Tech Corridor,7.87,0.11,Condominium,837,837,1,1.0,1,1,0,2012,2012,0,4,2.9,7,357300.0
-6.30234,106.90842,South Hills,12.51,0.22,Townhouse,1261,1617,3,2.0,3,1,0,2017,2017,0,4,6.34,5,489800.0
-6.24488,106.6315,West Waterfront,24.1,1.7,Townhouse,1553,2226,3,1.5,3,1,1,1993,1993,0,5,5.68,7,722500.0
-6.05404,106.76338,North Suburbs,19.45,4.61,Condominium,1435,1435,3,1.0,1,0,1,2001,2001,0,8,4.9,5,555000.0
-6.31291,106.94813,South Hills,16.22,4.83,Single Family,2453,7000,3,2.0,2,2,0,1987,1987,0,3,5.33,3,690600.0
-6.14419,106.81363,Tech Corridor,8.0,0.13,Condominium,1697,1697,2,1.0,1,1,0,1994,1994,0,6,5.31,7,770200.0
-6.21935,106.82973,Downtown / CBD,2.12,1.16,Single Family,2551,6490,4,2.5,2,1,0,1989,1989,0,6,4.11,7,1517500.0
-6.11578,106.84837,Tech Corridor,10.33,6.97,Single Family,2321,6867,4,1.5,2,2,1,1986,1986,0,5,4.24,6,984400.0
-6.31217,106.85943,South Hills,11.58,0.9,Single Family,2040,5373,5,2.0,2,3,0,2017,2017,0,4,6.74,6,1205200.0
-6.22579,106.82297,Downtown / CBD,3.14,0.66,Townhouse,1337,1863,3,2.0,2,1,1,2004,2004,0,6,3.93,8,821500.0
-6.02381,106.95241,North Suburbs,23.71,0.58,Single Family,1644,3882,4,2.0,1,3,1,2010,2010,0,3,7.18,6,773400.0
-6.09245,106.83272,North Suburbs,12.99,1.28,Luxury Villa,4737,20266,5,3.5,2,3,1,1987,1987,0,6,3.48,7,2621900.0
-6.28774,106.77333,West Waterfront,11.88,5.13,Townhouse,1725,2318,2,1.5,2,1,1,2003,2021,1,1,5.03,6,816700.0
-6.31322,106.93133,South Hills,15.0,4.14,Single Family,2521,5360,3,2.5,1,2,1,1991,2004,1,4,4.8,8,1299000.0
-6.18523,106.81645,Downtown / CBD,4.16,1.97,Single Family,2038,3928,4,2.0,1,2,0,2010,2010,0,4,4.61,8,1309100.0
-6.43175,106.94837,South Hills,27.25,0.13,Single Family,2926,9533,4,3.0,1,1,1,2004,2022,1,1,6.78,6,1213100.0
-6.2222,106.84876,Downtown / CBD,1.53,0.93,Townhouse,2226,2642,3,2.5,2,1,0,2019,2019,0,7,2.55,5,1156400.0
-6.13288,106.80581,Tech Corridor,9.51,3.86,Single Family,2187,3973,4,2.0,2,3,0,2014,2014,0,5,3.15,6,1104100.0
-6.21435,106.85099,Downtown / CBD,0.86,3.32,Condominium,866,866,2,2.0,1,1,1,2007,2007,0,7,5.67,5,563000.0
-6.22296,106.7197,West Waterfront,14.06,1.67,Townhouse,1983,2793,3,2.5,2,2,1,2016,2016,0,5,3.43,6,1198000.0
-6.23201,106.84928,Downtown / CBD,2.61,6.84,Single Family,2184,4817,4,2.5,1,1,0,2022,2022,0,5,3.94,8,1564000.0
-6.27787,106.75325,West Waterfront,12.8,0.73,Single Family,1769,5006,3,2.5,2,2,0,2014,2014,0,4,6.64,7,1237300.0
-6.22561,106.87536,Downtown / CBD,3.79,5.11,Single Family,2226,4963,3,2.0,2,2,1,2022,2022,0,5,4.19,6,1400400.0
-6.06237,106.82539,North Suburbs,16.41,5.23,Luxury Villa,4979,15144,4,4.0,3,2,0,2022,2022,0,5,4.62,6,2256000.0
-6.2646,106.74482,West Waterfront,12.79,1.17,Condominium,1191,1191,2,2.0,1,1,1,1975,1975,0,2,6.49,6,438100.0
-6.13037,106.78667,Tech Corridor,10.89,3.81,Luxury Villa,3339,11857,7,3.5,2,2,1,1997,2006,1,6,4.56,8,2122000.0
-6.427,106.89234,South Hills,24.77,8.94,Single Family,2981,7821,3,2.0,1,3,1,1977,1977,0,3,6.1,6,793200.0
-6.3083,106.74035,West Waterfront,16.08,1.91,Single Family,1790,3593,3,2.0,1,2,0,1991,1991,0,3,6.29,5,670100.0
-6.11254,106.70858,Tech Corridor,18.59,0.39,Townhouse,1270,1429,4,2.5,2,1,0,2009,2009,0,3,7.34,5,492800.0
-6.2553,106.90923,South Hills,8.75,8.04,Single Family,1819,4755,3,3.0,2,2,0,2000,2000,0,4,4.88,6,840500.0
-6.30529,106.88007,South Hills,11.37,6.64,Single Family,1839,5758,3,3.0,2,2,0,1988,2009,1,5,4.77,6,954100.0
-6.11388,106.73145,Tech Corridor,16.48,7.3,Condominium,901,901,1,1.0,1,1,0,2000,2000,0,5,5.05,6,322200.0
-6.23918,106.82606,Downtown / CBD,4.01,2.28,Single Family,2777,8648,3,2.0,2,2,0,1996,1996,0,5,5.35,6,1382300.0
-6.15225,106.82488,North Suburbs,6.69,11.15,Townhouse,2420,3847,3,1.5,3,1,1,2005,2011,1,5,4.28,6,1258600.0
-6.2876,106.73148,West Waterfront,15.39,4.8,Single Family,1618,4500,4,2.5,2,2,0,1998,1998,0,3,5.42,5,674500.0
-6.25337,106.81886,Downtown / CBD,5.77,0.1,Townhouse,2140,2807,3,2.0,2,2,1,2004,2023,1,5,2.54,6,1207700.0
-6.07573,106.93999,North Suburbs,18.11,1.17,Condominium,892,892,2,2.0,1,1,1,1982,1982,0,4,3.63,5,282500.0
-6.3112,106.75609,West Waterfront,15.1,5.26,Single Family,2315,7853,3,2.5,1,2,0,2001,2001,0,4,4.14,8,1257100.0
-6.19537,106.8523,Downtown / CBD,1.67,0.58,Townhouse,1990,2298,3,2.0,2,1,1,2015,2015,0,6,2.48,6,1266000.0
-6.17613,106.84171,Downtown / CBD,3.65,3.02,Single Family,1783,4476,2,2.0,2,1,0,1988,1988,0,2,3.45,7,670700.0
-6.07171,106.82311,North Suburbs,15.42,2.92,Single Family,1675,3795,4,1.5,2,2,1,2000,2011,1,7,3.11,6,903500.0
-6.31588,106.88003,South Hills,12.49,1.08,Single Family,2287,5246,3,2.5,1,3,0,1975,1975,0,2,4.9,9,907000.0
-6.18267,106.77287,Downtown / CBD,8.58,1.78,Condominium,507,507,1,2.0,1,0,1,2001,2011,1,5,1.94,5,275000.0
-6.07394,107.00186,North Suburbs,22.91,12.99,Single Family,1126,2834,2,2.5,1,2,0,2016,2016,0,6,4.63,5,458900.0
-6.10033,106.76498,Tech Corridor,15.0,5.64,Single Family,2201,7571,3,2.0,1,2,0,1980,2010,1,5,3.32,6,1015600.0
-6.17836,106.7208,Tech Corridor,14.26,9.83,Townhouse,1113,1519,4,2.5,2,2,0,1986,2016,1,4,7.76,8,643600.0
-6.08826,106.87435,North Suburbs,13.75,1.88,Luxury Villa,6104,17023,5,5.0,2,3,1,2022,2022,0,6,4.0,8,4242600.0
-6.2502,106.66981,West Waterfront,20.05,1.25,Single Family,2642,5941,3,2.0,2,1,1,2005,2020,1,3,5.83,4,1115600.0
-6.21126,106.82773,Downtown / CBD,2.0,0.53,Condominium,664,664,3,1.0,1,2,1,1975,2004,1,7,4.93,7,468600.0
-6.21148,106.71707,West Waterfront,14.27,3.3,Condominium,962,962,1,1.5,1,1,1,2008,2021,1,4,4.4,5,499100.0
-6.34621,106.8878,South Hills,15.96,10.18,Single Family,2878,8575,4,3.0,2,2,0,2013,2013,0,4,5.39,6,1181900.0
-6.22346,106.75328,West Waterfront,10.38,3.52,Single Family,2421,7590,3,2.5,2,2,0,2021,2021,0,4,6.14,5,1366900.0
-6.27029,106.71849,West Waterfront,15.67,2.63,Condominium,1704,1704,2,2.0,1,1,0,2010,2010,0,6,4.89,8,996400.0
-6.27342,106.73212,West Waterfront,14.49,3.47,Single Family,1663,4548,4,2.0,2,2,1,2007,2018,1,7,4.8,6,1049000.0
-6.0878,106.76064,Tech Corridor,16.41,1.22,Single Family,2924,5347,4,3.0,1,1,0,2007,2017,1,4,3.35,5,1250500.0
-6.07616,106.81347,Tech Corridor,15.15,0.25,Luxury Villa,4920,21522,5,4.0,3,2,1,1975,1975,0,2,3.81,7,1863300.0
-6.12145,106.85767,North Suburbs,9.79,1.75,Single Family,1806,5362,3,2.0,2,2,0,2006,2006,0,8,5.02,6,1014800.0
-6.1442,106.78499,Tech Corridor,9.83,1.81,Single Family,2515,7422,4,2.5,2,1,0,2021,2021,0,5,3.7,5,1333300.0
-6.23085,106.71283,West Waterfront,14.94,1.96,Single Family,2166,6827,3,2.0,1,1,0,1977,1977,0,5,7.05,7,981300.0
-6.23804,106.77062,Downtown / CBD,8.93,8.38,Condominium,969,969,2,1.0,1,1,0,1986,1986,0,5,2.1,6,325600.0
-6.23856,106.64161,West Waterfront,22.88,2.92,Single Family,1564,5098,2,2.5,2,3,0,1977,1977,0,5,5.87,6,625400.0
-6.19852,106.78153,Downtown / CBD,7.2,2.2,Condominium,450,450,1,1.0,1,0,1,2010,2010,0,5,2.95,7,247300.0
-6.02682,106.90568,North Suburbs,21.27,4.43,Luxury Villa,4977,14604,4,6.0,2,2,1,2005,2015,1,4,5.99,9,3006100.0
-6.10159,106.90389,North Suburbs,13.55,1.18,Townhouse,985,1259,2,1.5,3,1,1,2020,2020,0,7,6.13,8,675300.0
-6.34563,106.9048,South Hills,16.55,0.27,Townhouse,1431,1860,2,2.0,2,1,1,1991,2017,1,3,4.89,3,482400.0
-6.03877,106.88157,North Suburbs,19.29,3.05,Townhouse,1494,2368,4,2.0,2,1,0,1981,1981,0,1,7.4,5,399500.0
-6.2721,106.80494,West Waterfront,8.35,4.95,Condominium,1049,1049,3,1.5,1,0,0,1977,1977,0,4,4.39,6,411700.0
-6.32481,106.93038,South Hills,15.95,0.16,Single Family,2440,8444,3,2.0,1,1,0,1999,2007,1,4,6.84,5,918500.0
-6.34735,106.96795,South Hills,20.52,4.67,Single Family,1761,6006,3,1.5,2,1,0,2003,2020,1,1,3.28,8,803200.0
-6.20865,106.87309,Downtown / CBD,3.05,1.01,Single Family,1795,5343,3,2.5,2,2,1,1990,2019,1,7,2.85,8,1627300.0
-6.40661,106.93689,South Hills,24.18,1.33,Condominium,967,967,2,2.0,1,0,1,1981,1981,0,3,5.02,6,264600.0
-6.08571,107.03973,North Suburbs,25.52,5.27,Townhouse,1476,2328,4,2.5,2,1,0,2002,2002,0,5,7.49,6,526400.0
-6.17783,106.85682,Downtown / CBD,3.66,3.56,Single Family,2131,4782,5,2.5,1,2,0,2015,2015,0,7,4.18,5,1278500.0
-6.06077,106.91616,North Suburbs,18.2,2.45,Single Family,1329,3484,3,1.5,2,2,0,1983,1989,1,5,7.08,8,576100.0
-6.26959,106.68728,West Waterfront,18.82,3.75,Townhouse,1867,2509,3,2.0,3,2,0,1991,1991,0,6,6.48,7,938500.0
-6.11183,106.78281,Tech Corridor,12.82,2.84,Townhouse,2143,3076,3,2.0,2,1,0,2023,2023,0,6,4.78,5,997600.0
-6.16524,106.77225,Tech Corridor,9.47,1.27,Single Family,2345,5547,4,2.0,1,3,0,1986,1986,0,6,6.12,5,874200.0
-6.18265,106.76125,West Waterfront,9.8,5.33,Townhouse,1418,2199,2,1.5,2,1,1,2017,2017,0,3,4.67,6,880600.0
-6.31154,106.69412,West Waterfront,20.32,2.37,Condominium,832,832,2,1.5,1,0,1,2004,2004,0,2,5.37,7,405300.0
-6.03002,106.97308,North Suburbs,24.37,0.19,Townhouse,940,1290,3,2.0,2,1,1,2005,2005,0,5,5.91,9,522100.0
-6.0526,106.76506,Tech Corridor,19.51,3.3,Luxury Villa,3697,14065,6,4.0,2,4,1,1976,2005,1,1,6.16,10,2073000.0
-5.97426,106.85278,North Suburbs,26.05,4.54,Townhouse,1329,2107,4,2.0,2,1,0,2008,2008,0,3,5.91,7,489100.0
-6.29966,106.71053,West Waterfront,18.07,4.32,Luxury Villa,3259,14179,6,4.0,3,4,1,1996,1996,0,4,5.07,8,2240600.0
-6.13028,106.82518,Tech Corridor,9.01,1.27,Single Family,2632,7307,2,3.0,2,2,0,1999,2015,1,6,4.29,3,985300.0
-6.24465,106.93212,South Hills,10.4,0.69,Townhouse,1903,2724,4,2.5,2,2,0,2011,2011,0,7,4.07,6,1168400.0
-6.12092,106.84829,Tech Corridor,9.76,3.98,Condominium,1103,1103,2,1.0,1,2,0,1989,1989,0,4,4.01,4,353000.0
-5.98639,106.95325,North Suburbs,27.43,1.67,Single Family,2875,6203,4,2.0,2,3,0,2014,2014,0,3,8.01,9,1247500.0
-6.40597,106.81576,South Hills,22.14,4.74,Townhouse,1350,1728,3,1.5,3,1,0,2000,2000,0,4,8.34,6,494200.0
-6.20453,106.69484,West Waterfront,16.74,4.98,Single Family,2288,7545,3,2.5,2,2,0,2007,2007,0,2,4.43,4,893900.0
-6.11903,106.87374,North Suburbs,10.44,0.99,Townhouse,1845,2732,2,2.0,2,2,0,1982,2012,1,6,5.9,6,908700.0
-6.2651,106.68286,West Waterfront,19.12,0.69,Luxury Villa,4137,10778,7,6.0,2,3,0,2019,2019,0,5,6.56,6,2277600.0
-6.0682,106.88463,North Suburbs,16.2,0.29,Single Family,2702,8527,2,3.0,1,2,0,1975,1975,0,5,6.53,6,941800.0
-6.28117,106.81313,South Hills,8.8,0.55,Single Family,2911,10055,3,2.0,1,3,1,2016,2016,0,4,4.5,6,1712300.0
-6.03479,106.76545,North Suburbs,21.27,0.1,Townhouse,2258,2526,3,1.5,2,1,0,2015,2015,0,1,5.95,6,644500.0
-6.28438,106.69777,West Waterfront,18.43,1.36,Single Family,799,2791,3,2.5,2,1,0,2011,2011,0,6,6.48,5,483900.0
-6.16844,106.82556,Downtown / CBD,5.0,2.43,Townhouse,1467,1987,3,2.0,2,2,0,1986,1986,0,7,4.05,6,717300.0
-6.30604,106.86176,Downtown / CBD,10.94,0.62,Townhouse,1008,1521,4,2.5,2,1,0,2011,2011,0,5,3.8,7,577800.0
-6.05594,106.9112,North Suburbs,18.46,2.88,Townhouse,2075,2508,2,2.5,2,1,0,2005,2005,0,7,5.59,4,685200.0
-6.2836,106.73424,West Waterfront,14.89,3.89,Single Family,1470,4595,4,2.0,2,2,0,2006,2017,1,3,4.33,7,908800.0
-6.16108,106.76126,Tech Corridor,10.76,1.37,Single Family,2150,5283,3,2.0,2,1,1,2020,2020,0,3,5.14,6,1118400.0
-6.27352,106.73811,West Waterfront,13.93,6.83,Townhouse,1351,1704,3,1.5,3,1,0,2017,2017,0,5,6.08,4,637300.0
-6.33994,106.72196,West Waterfront,20.01,7.48,Single Family,1079,2857,3,2.0,2,2,0,1979,1979,0,4,6.6,5,394000.0
-6.40428,106.95082,South Hills,24.64,4.33,Condominium,1114,1114,1,1.0,1,0,1,2017,2017,0,1,6.49,8,421700.0
-6.0951,106.84668,Tech Corridor,12.62,3.83,Townhouse,1767,2339,3,2.5,2,2,1,2006,2006,0,2,3.65,7,856500.0
-6.27648,106.85437,South Hills,7.58,0.1,Townhouse,1160,1294,3,2.5,2,2,0,1986,2022,1,4,5.08,6,638700.0
-6.15819,106.79983,Downtown / CBD,7.57,2.26,Townhouse,1738,1930,3,2.5,3,1,1,1991,1991,0,5,3.47,7,804800.0
-6.09072,106.79662,Tech Corridor,14.19,6.57,Condominium,966,966,3,2.0,1,1,1,2010,2010,0,4,6.98,4,414200.0
-6.09228,106.76728,Tech Corridor,15.58,9.35,Luxury Villa,4320,21542,5,5.0,2,4,1,1982,1996,1,3,3.31,10,2535900.0
-6.27497,106.93606,South Hills,12.44,5.05,Single Family,2502,7781,3,2.5,2,3,1,2014,2014,0,4,6.44,8,1338400.0
-6.12142,106.89876,North Suburbs,11.35,5.76,Single Family,871,3039,3,2.0,2,1,0,2011,2011,0,5,4.78,6,482200.0
-6.24591,106.81271,Downtown / CBD,5.5,0.44,Single Family,2462,6152,4,1.5,2,2,1,2007,2021,1,7,3.35,5,1666800.0
-6.08745,106.77242,Tech Corridor,15.73,10.79,Single Family,2063,5960,4,2.0,2,3,0,1983,1983,0,2,5.23,6,728100.0
-6.13706,106.72281,Tech Corridor,15.79,1.73,Townhouse,1183,1749,3,2.0,3,2,1,2022,2022,0,3,3.08,5,530400.0
-6.35004,106.90496,South Hills,17.01,0.75,Single Family,2467,5528,4,2.0,2,2,0,2015,2015,0,4,5.2,5,1054300.0
-6.21313,106.8798,Downtown / CBD,3.83,1.49,Townhouse,1808,2834,3,2.0,3,2,1,2012,2012,0,4,3.29,7,1062500.0
-6.22804,106.79051,Tech Corridor,6.48,7.09,Single Family,1515,4844,4,3.0,2,2,0,1993,1993,0,3,5.11,6,744600.0
-6.24582,106.92695,South Hills,9.92,3.86,Luxury Villa,5747,31189,5,3.5,3,3,1,1995,1995,0,8,4.46,8,3748500.0
-6.09701,106.90865,North Suburbs,14.25,2.42,Townhouse,1344,1762,2,2.5,2,1,1,2004,2015,1,5,4.83,7,701900.0
-6.21108,106.81207,West Waterfront,3.73,1.76,Condominium,807,807,1,1.0,1,1,1,1993,1993,0,6,4.35,5,444700.0
-6.14125,106.80228,Tech Corridor,8.91,0.21,Single Family,1383,3749,3,2.0,2,1,0,1996,1996,0,2,2.82,4,521300.0
-5.92206,106.98537,North Suburbs,35.41,6.13,Single Family,1913,4682,3,2.0,1,3,0,1979,1979,0,4,8.63,6,457200.0
-6.26216,106.85529,Downtown / CBD,6.02,6.47,Townhouse,1437,1721,3,2.0,3,1,0,1984,1990,1,7,3.85,7,687700.0
-6.02104,106.83288,North Suburbs,20.89,0.68,Single Family,2275,6449,4,2.0,1,1,0,2009,2009,0,5,4.73,6,1035100.0
-6.09085,106.82213,Tech Corridor,13.35,6.14,Single Family,2004,5811,3,3.0,1,3,1,2018,2018,0,4,5.61,4,945000.0
-6.20419,106.86217,Downtown / CBD,1.91,0.1,Single Family,2806,8232,3,1.5,1,2,0,1990,1990,0,7,3.06,5,1496300.0
-6.28922,106.89965,South Hills,10.75,0.65,Single Family,2627,8644,5,3.0,1,2,0,2010,2010,0,4,3.95,6,1409900.0
-6.33003,106.9623,South Hills,18.68,2.19,Single Family,2112,6061,4,2.0,2,3,1,1977,1977,0,5,6.5,7,804000.0
-6.2581,106.73012,West Waterfront,13.94,9.12,Single Family,1170,2505,4,2.5,1,3,0,1983,1983,0,3,3.84,6,485200.0
-6.20985,106.91073,Downtown / CBD,7.23,0.1,Townhouse,2065,2727,3,2.0,2,1,1,2016,2016,0,4,3.04,4,938000.0
-6.32693,106.76093,West Waterfront,16.13,4.75,Single Family,2502,5564,2,2.5,1,2,1,1986,1986,0,1,4.62,5,938100.0
-6.29072,106.68637,West Waterfront,19.88,11.45,Single Family,1876,4058,3,2.5,2,2,0,1997,1997,0,1,4.83,7,752600.0
-6.10997,106.84438,North Suburbs,10.97,3.53,Single Family,3067,7286,4,2.0,2,3,0,2018,2018,0,6,5.21,5,1577100.0
-6.17631,106.84927,Downtown / CBD,3.63,0.46,Townhouse,1591,1761,4,2.5,2,1,0,1989,2018,1,5,5.17,5,910900.0
-5.88032,106.88964,North Suburbs,36.79,3.58,Townhouse,2263,2506,2,2.0,2,1,0,1998,2016,1,1,7.82,8,686200.0
-6.17532,106.82533,Tech Corridor,4.34,1.92,Single Family,3135,7927,4,2.5,2,1,1,2000,2012,1,6,5.0,8,2291500.0
-6.24179,106.85927,South Hills,3.96,0.57,Townhouse,1632,2373,4,2.5,3,1,0,2006,2006,0,5,4.54,7,950400.0
-6.09415,106.78041,Tech Corridor,14.64,4.47,Condominium,728,728,2,2.0,1,0,1,1998,1998,0,5,3.4,5,309400.0
-5.92956,106.89522,North Suburbs,31.48,2.78,Single Family,1229,3734,3,2.0,1,2,0,1990,1996,1,1,8.62,7,388000.0
-6.16618,106.87562,Downtown / CBD,5.79,6.66,Condominium,599,599,3,1.0,1,0,1,2005,2005,0,5,5.07,4,291400.0
-6.2463,106.65753,West Waterfront,21.29,5.14,Condominium,745,745,2,1.5,1,0,1,2007,2007,0,5,4.99,5,389600.0
-6.23458,106.6812,West Waterfront,18.47,0.39,Townhouse,1154,1812,3,2.0,2,1,0,2005,2005,0,4,5.8,6,555400.0
-6.28727,106.94861,South Hills,14.37,0.23,Condominium,749,749,3,1.5,1,0,0,2023,2023,0,2,5.11,5,306600.0
-6.18108,106.86102,Downtown / CBD,3.52,0.53,Single Family,1770,4892,4,3.0,2,2,1,1992,1992,0,10,3.91,5,1173900.0
-6.28068,106.68017,West Waterfront,20.02,4.5,Single Family,3596,6722,3,2.5,2,2,0,1976,1976,0,2,7.8,4,885100.0
-6.35029,106.8694,South Hills,15.93,2.78,Townhouse,1764,2396,3,2.5,2,2,0,2003,2003,0,2,4.91,10,864100.0
-6.09306,106.94503,North Suburbs,16.94,3.41,Luxury Villa,2590,14728,5,3.5,3,2,1,1987,2004,1,6,4.59,8,1668200.0
-6.11068,106.79415,Tech Corridor,12.3,2.94,Single Family,3025,7622,3,3.0,2,3,1,1997,2018,1,4,5.6,7,1671200.0
-6.09847,106.89842,North Suburbs,13.58,9.03,Townhouse,1548,2104,3,2.5,2,1,0,2022,2022,0,7,5.82,7,867700.0
-6.15913,106.8698,North Suburbs,6.13,1.76,Condominium,817,817,2,2.0,1,1,0,1995,1995,0,5,3.64,6,398300.0
-6.10083,106.738,Tech Corridor,16.92,6.27,Single Family,3104,6589,3,3.0,1,1,0,2004,2020,1,5,5.61,5,1347300.0
-6.17985,106.69989,West Waterfront,16.49,0.32,Single Family,2184,4638,4,2.5,2,2,0,1996,1996,0,3,6.88,6,1049700.0
-6.09624,106.91363,Tech Corridor,14.6,0.68,Single Family,2117,6338,3,2.0,2,2,0,1982,1993,1,5,2.94,4,793200.0
-5.98875,106.75034,North Suburbs,26.62,2.39,Condominium,1131,1131,1,2.0,1,0,1,2019,2019,0,7,8.51,4,407200.0
-6.13935,106.88808,North Suburbs,9.04,0.45,Single Family,1855,4862,3,2.5,2,3,0,1995,2016,1,7,2.86,5,1030000.0
-6.22827,106.74771,West Waterfront,11.08,2.16,Single Family,2424,4969,3,1.5,1,2,0,1977,1977,0,3,4.63,8,1078700.0
-5.97102,106.98902,North Suburbs,30.82,1.82,Townhouse,1423,1626,3,2.0,2,1,0,1992,1992,0,3,6.82,9,539300.0
-6.11486,106.89995,North Suburbs,12.05,6.07,Townhouse,1372,1872,3,2.5,2,1,0,1990,2001,1,7,5.12,7,684600.0
-6.08094,106.74323,Tech Corridor,18.18,1.85,Single Family,2425,4721,5,2.5,2,2,1,2013,2013,0,2,3.83,6,868300.0
-6.2251,106.82737,Downtown / CBD,2.72,0.77,Single Family,2049,4988,3,2.0,2,3,0,1984,2007,1,4,3.65,4,971400.0
-6.21434,106.78016,West Waterfront,7.29,1.03,Single Family,2015,6645,3,2.0,2,2,1,1987,2012,1,7,4.94,5,1391800.0
-6.05918,106.89772,North Suburbs,17.59,2.51,Condominium,1206,1206,3,1.5,1,1,1,1981,1981,0,6,5.68,9,528500.0
-6.33331,106.71616,West Waterfront,19.94,3.73,Single Family,1449,3126,4,2.5,2,3,1,1998,1998,0,3,4.4,6,706400.0
-6.22227,106.79064,West Waterfront,6.28,2.0,Condominium,1020,1020,1,2.0,1,1,1,2008,2008,0,5,5.41,7,628300.0
-6.15791,106.81636,Downtown / CBD,6.51,2.62,Condominium,872,872,3,1.0,1,0,1,1993,2021,1,8,2.14,5,559000.0
-6.13191,106.71881,Tech Corridor,16.46,7.78,Single Family,2127,6457,5,2.5,2,1,1,2005,2005,0,3,5.62,6,823700.0
-6.25849,106.89618,South Hills,7.87,4.75,Condominium,1541,1541,1,1.5,1,1,1,1996,1996,0,7,4.07,7,720400.0
-6.2572,106.70233,West Waterfront,16.79,3.14,Condominium,942,942,1,2.0,1,0,1,1989,1989,0,2,4.48,4,287700.0
-6.18257,106.83994,Tech Corridor,2.98,0.93,Single Family,2674,8258,4,1.5,2,3,0,2003,2003,0,4,3.9,7,1556500.0
-6.31936,106.89757,South Hills,13.56,0.44,Single Family,2210,4732,4,2.5,2,2,0,1992,1992,0,4,4.65,7,944100.0
-6.12339,106.99225,North Suburbs,18.84,1.51,Single Family,2228,7661,3,2.5,1,3,1,1979,1979,0,6,7.7,7,991900.0
-6.34754,106.84008,South Hills,15.41,0.66,Single Family,1738,5133,3,2.0,2,3,0,2002,2002,0,3,3.95,7,798100.0
-6.09259,106.81039,Tech Corridor,13.48,1.67,Townhouse,1624,2109,3,2.5,3,2,1,1989,2000,1,4,5.35,8,798400.0
-6.14286,106.75694,Tech Corridor,12.26,3.25,Single Family,2473,6182,3,2.0,1,2,1,1998,2019,1,6,6.44,6,1413400.0
-6.23808,106.74077,West Waterfront,12.08,10.94,Condominium,820,820,1,2.0,1,1,1,2022,2022,0,8,5.88,7,668800.0
-6.22282,106.69659,West Waterfront,16.61,1.67,Townhouse,1326,1874,3,2.0,2,2,0,2021,2021,0,6,6.17,6,751000.0
-6.04949,106.94899,North Suburbs,21.08,0.44,Condominium,853,853,2,1.5,1,1,1,1989,1989,0,4,6.58,7,324100.0
-6.32441,106.92575,South Hills,15.62,2.96,Single Family,3023,8356,3,1.5,2,2,1,2000,2000,0,2,5.81,7,1223900.0
-6.13868,106.87455,North Suburbs,8.42,4.62,Condominium,858,858,2,1.0,1,2,0,1975,1975,0,7,6.34,6,333300.0
-6.08003,106.78317,Tech Corridor,15.88,6.73,Townhouse,1601,2536,3,2.5,2,1,0,2023,2023,0,3,6.34,7,672000.0
-6.39814,107.00839,South Hills,27.72,5.69,Single Family,2159,6773,4,2.0,2,1,0,1999,1999,0,1,5.44,4,579700.0
-6.33802,106.85588,South Hills,14.39,0.83,Townhouse,1821,2006,2,1.5,2,1,0,2007,2007,0,6,6.23,7,907200.0
-6.05816,106.91883,North Suburbs,18.59,2.5,Luxury Villa,4469,26082,7,3.5,2,3,1,2000,2000,0,3,8.06,9,2389000.0
-6.10593,106.86752,North Suburbs,11.67,3.07,Townhouse,2264,3395,2,2.0,2,1,0,1992,1992,0,5,6.21,7,904900.0
-6.0964,106.77471,Tech Corridor,14.75,10.46,Townhouse,1400,2116,3,2.5,3,1,0,2018,2018,0,3,5.18,6,590900.0
-6.12167,106.75274,Tech Corridor,14.13,1.95,Condominium,1153,1153,1,2.0,1,1,0,1996,1996,0,3,6.22,8,451700.0
-6.27954,106.6708,West Waterfront,20.93,0.57,Luxury Villa,3797,14145,7,6.0,2,4,1,1978,1978,0,3,7.02,10,2189900.0
-6.04691,106.93774,North Suburbs,20.68,1.06,Single Family,2237,4215,5,2.5,2,1,0,2003,2003,0,3,5.5,5,745100.0
-6.12969,106.7725,Tech Corridor,11.96,3.22,Single Family,1975,4478,3,2.5,2,2,0,1975,2013,1,6,5.3,5,949400.0
-6.18687,106.83316,Tech Corridor,2.8,1.87,Townhouse,1511,2402,3,1.5,2,1,0,1997,1997,0,4,3.89,5,740800.0
-6.22437,106.7422,West Waterfront,11.61,0.77,Townhouse,1681,2079,3,2.0,2,1,0,1987,1987,0,5,5.57,6,778400.0
-6.21858,106.87212,Downtown / CBD,3.14,1.46,Condominium,853,853,3,2.0,1,1,0,1975,1975,0,5,5.28,3,288800.0
-6.27714,106.90934,South Hills,10.37,5.02,Single Family,3171,10363,4,2.0,2,2,1,1982,1982,0,4,5.87,5,1138100.0
-6.15492,106.79314,Downtown / CBD,8.35,0.1,Single Family,1401,4637,2,2.0,1,2,1,2015,2015,0,7,5.55,4,872100.0
-6.17183,106.80419,Tech Corridor,6.16,0.44,Single Family,2681,8941,3,2.0,2,2,0,1976,1976,0,5,5.5,5,1071700.0
-6.19335,106.82454,Downtown / CBD,2.9,8.56,Single Family,2799,9701,5,2.5,1,2,1,1993,1993,0,8,3.59,8,1776900.0
-6.3082,106.73497,West Waterfront,16.51,2.45,Single Family,2174,4858,4,2.0,2,3,0,2017,2017,0,3,5.72,6,1238900.0
-6.21411,106.81243,Downtown / CBD,3.73,6.72,Single Family,2312,4781,4,1.5,1,2,1,2010,2010,0,4,4.81,6,1242600.0
-6.20453,106.69008,West Waterfront,17.27,1.03,Townhouse,1575,2033,3,2.5,3,1,1,2013,2013,0,5,4.19,8,1089400.0
-6.25076,106.82105,Downtown / CBD,5.4,2.24,Luxury Villa,3473,20297,5,3.5,2,4,1,1976,1976,0,7,4.42,10,2546800.0
-6.15481,106.83343,Tech Corridor,6.14,1.34,Single Family,2953,8228,4,2.0,1,2,1,1990,1990,0,3,4.72,5,1297300.0
-6.02508,106.92707,North Suburbs,22.31,0.42,Single Family,1804,5287,5,2.0,1,3,0,1985,2015,1,5,6.35,4,820200.0
-6.39594,106.89198,South Hills,21.4,0.25,Condominium,1068,1068,3,2.0,1,0,0,1985,1985,0,3,4.9,8,353300.0
-6.07814,106.79138,Tech Corridor,15.7,1.72,Condominium,1089,1089,2,1.0,1,1,1,1980,1980,0,7,6.5,7,465900.0
-6.38081,106.8686,South Hills,19.26,1.94,Condominium,1131,1131,1,1.5,1,0,1,1978,1978,0,5,5.57,8,333300.0
-6.31729,106.79872,South Hills,13.12,3.8,Townhouse,1565,2033,3,2.0,2,2,1,2004,2004,0,3,5.15,6,660200.0
-6.22183,106.79151,Downtown / CBD,6.18,9.89,Single Family,2658,7654,5,2.5,1,1,0,1992,2004,1,6,2.89,5,1172700.0
-6.0535,106.91905,North Suburbs,19.07,6.66,Townhouse,1076,1548,3,2.0,3,2,0,1992,1992,0,4,5.96,7,428200.0
-6.29115,106.90491,South Hills,11.27,1.72,Single Family,2478,6972,2,2.5,1,3,1,1986,1999,1,4,3.94,6,1158200.0
-6.23197,106.72387,West Waterfront,13.75,0.8,Single Family,2234,7063,3,2.5,2,2,0,2004,2004,0,4,4.75,7,1322400.0
-6.11531,106.88601,North Suburbs,11.3,7.76,Single Family,1190,2885,2,3.0,1,1,0,2005,2005,0,7,5.43,7,660300.0
-6.29784,106.71499,West Waterfront,17.55,5.67,Condominium,1460,1460,2,1.0,1,1,0,2021,2021,0,6,5.85,6,794300.0
-6.19807,106.84936,Downtown / CBD,1.26,0.49,Condominium,1195,1195,3,1.5,1,0,0,1976,1976,0,8,2.28,7,653500.0
-6.15884,107.01278,North Suburbs,19.37,1.66,Single Family,1634,5331,4,2.0,1,3,0,2012,2012,0,4,6.53,6,809600.0
-6.3805,106.86013,South Hills,19.13,11.48,Condominium,748,748,2,1.0,1,0,0,1977,1977,0,5,4.36,7,208700.0
-6.09564,106.8431,North Suburbs,12.56,0.53,Townhouse,1568,2035,4,1.5,2,1,0,2011,2011,0,5,5.04,5,733200.0
-6.28708,106.7324,West Waterfront,15.28,2.5,Condominium,1183,1183,2,1.5,1,1,1,1984,1984,0,3,4.23,8,601300.0
-6.22156,106.72563,West Waterfront,13.39,0.36,Single Family,1635,4730,3,1.5,2,2,0,2006,2006,0,5,7.11,7,1001400.0
-6.19404,106.82527,Downtown / CBD,2.79,0.3,Single Family,1742,4110,3,2.5,2,2,0,2000,2019,1,5,4.17,6,1201200.0
-6.12563,106.78785,Tech Corridor,11.24,2.47,Condominium,724,724,1,1.5,1,1,0,2015,2015,0,4,4.12,8,409800.0
-6.36273,106.9018,South Hills,18.19,2.75,Single Family,2870,8334,3,2.5,2,1,0,1992,1992,0,5,4.49,9,1330200.0
-6.31135,106.94552,South Hills,15.89,4.09,Single Family,1574,4916,3,3.0,2,2,1,1995,1995,0,5,4.7,8,881300.0
-6.28501,106.91293,South Hills,11.29,1.95,Single Family,2042,5062,2,2.5,2,2,0,2002,2007,1,5,2.9,6,993800.0
-6.18442,106.83473,Downtown / CBD,2.96,0.65,Townhouse,1474,2049,3,1.5,2,1,0,1991,1991,0,7,3.81,6,703000.0
-6.17253,106.96983,North Suburbs,14.37,2.22,Single Family,1869,5007,4,2.0,1,2,0,1976,1976,0,8,6.54,5,700800.0
-6.34059,106.90389,South Hills,16.0,0.26,Luxury Villa,4712,26902,4,6.0,2,4,0,2011,2011,0,2,4.11,8,2890900.0
-6.20648,106.82867,Downtown / CBD,1.9,0.98,Single Family,3484,11171,4,1.5,1,2,0,1979,1979,0,6,5.26,7,1807600.0
-6.23305,106.90038,Downtown / CBD,6.65,3.1,Single Family,3000,8316,3,2.0,1,1,0,1979,1999,1,5,3.89,5,1327500.0
-6.28916,106.73208,West Waterfront,15.44,7.94,Single Family,1917,4095,3,2.5,2,3,0,2010,2010,0,5,7.18,5,965000.0
-5.98212,106.98426,North Suburbs,29.5,1.91,Townhouse,2372,3645,3,1.5,2,1,0,1994,1994,0,2,6.73,6,651300.0
-6.25064,106.74856,West Waterfront,11.73,1.82,Townhouse,1110,1382,3,2.5,2,1,0,2015,2015,0,3,4.95,9,725900.0
-6.07178,106.76745,Tech Corridor,17.51,2.73,Single Family,1884,3595,3,2.0,2,2,0,2010,2010,0,6,6.52,7,912500.0
-6.20929,106.7951,Downtown / CBD,5.61,1.61,Townhouse,1057,1385,4,2.0,3,1,0,1995,1995,0,8,2.45,9,658600.0
-6.21844,106.83653,Downtown / CBD,1.47,1.61,Single Family,2899,7081,3,2.5,2,2,1,2022,2022,0,7,5.29,5,2196000.0
-6.08112,106.85613,Tech Corridor,14.22,0.56,Single Family,2217,6477,4,1.5,2,1,0,1978,2014,1,6,4.36,8,1281700.0
-6.12726,106.8294,Tech Corridor,9.23,0.27,Townhouse,1588,1751,3,1.5,2,1,0,2002,2023,1,8,5.41,5,885100.0
-6.12427,106.88354,North Suburbs,10.28,8.5,Condominium,1269,1269,1,1.0,1,0,0,1979,2021,1,6,4.39,8,686500.0
-6.27098,106.68464,West Waterfront,19.15,1.01,Townhouse,1428,2231,2,2.0,2,2,0,2002,2002,0,2,3.96,5,556500.0
-6.11074,106.98809,North Suburbs,19.2,9.56,Condominium,846,846,2,1.0,1,1,0,2021,2021,0,3,6.17,5,320700.0
-6.2135,106.71492,West Waterfront,14.51,4.47,Townhouse,1139,1495,4,2.0,3,2,0,1980,1980,0,6,6.65,6,472000.0
-6.21723,106.8777,Downtown / CBD,3.68,1.05,Single Family,2814,5292,4,1.5,2,2,1,2022,2022,0,8,4.91,6,1954700.0
-6.08641,106.78192,Tech Corridor,15.31,2.21,Townhouse,1776,2115,2,2.5,3,2,0,1997,2003,1,3,3.19,9,789800.0
-6.30247,106.66758,West Waterfront,22.33,10.63,Single Family,2093,7257,2,2.5,2,2,0,1994,1994,0,5,5.3,5,856700.0
-6.18519,106.91433,Downtown / CBD,8.07,3.77,Single Family,2249,4373,3,2.5,2,2,0,2004,2004,0,5,5.45,8,1180800.0
-6.26451,106.71636,West Waterfront,15.62,0.57,Single Family,1693,5334,4,2.0,2,3,1,1990,2005,1,4,3.84,5,814200.0
-6.12964,106.74841,Tech Corridor,13.91,3.64,Single Family,1936,6412,4,3.0,1,2,0,2013,2013,0,2,6.04,5,777000.0
-6.16706,106.92477,North Suburbs,9.93,1.06,Single Family,1969,6739,2,2.0,1,2,0,2022,2022,0,5,4.01,4,1065500.0
-6.37798,106.9733,South Hills,23.53,0.26,Townhouse,1805,2727,4,2.0,2,1,0,1992,1992,0,4,5.4,8,599400.0
-6.1352,107.0316,North Suburbs,22.2,4.2,Single Family,1443,3209,5,2.0,1,2,0,2005,2022,1,3,5.3,7,584000.0
-6.13487,106.85775,Tech Corridor,8.32,2.1,Townhouse,1732,2765,3,2.5,3,1,1,2001,2001,0,5,4.93,7,896500.0
-6.12735,106.91504,North Suburbs,11.88,0.4,Townhouse,2262,2895,3,2.0,2,2,1,2023,2023,0,5,5.52,4,1024200.0
-6.06115,106.78167,North Suburbs,17.86,1.75,Condominium,969,969,1,1.5,1,0,0,1996,1996,0,7,4.67,5,309600.0
-6.11594,106.76524,Tech Corridor,13.63,12.88,Townhouse,2040,2577,4,2.0,2,1,0,2023,2023,0,5,5.31,6,864500.0
-6.09378,106.80769,Tech Corridor,13.44,2.51,Single Family,1622,3735,3,2.0,2,2,0,1994,2017,1,6,4.05,8,959400.0
-6.00797,106.92097,North Suburbs,23.81,12.39,Single Family,2888,7136,3,1.5,2,2,0,1976,1976,0,5,6.37,8,902000.0
-6.18412,106.8311,Downtown / CBD,3.18,0.44,Luxury Villa,2899,7759,5,4.0,3,3,0,1984,1984,0,8,3.42,9,1871800.0
-6.25253,106.7207,West Waterfront,14.69,1.63,Luxury Villa,4025,12899,4,3.5,3,3,1,1996,1996,0,1,6.14,8,2170200.0
-6.25591,106.806,Downtown / CBD,6.83,0.91,Single Family,2259,7850,3,1.5,1,2,1,1985,1985,0,5,3.64,6,1174700.0
-6.44829,106.83225,South Hills,26.62,0.66,Condominium,764,764,1,1.0,1,1,0,2011,2011,0,2,6.5,4,205700.0
-6.08417,106.78662,Tech Corridor,15.31,6.4,Townhouse,1455,2118,3,2.0,2,1,0,1978,1978,0,6,5.91,7,525400.0
-6.13232,106.84747,Tech Corridor,8.49,1.7,Townhouse,953,1443,3,2.5,3,1,0,1994,2017,1,4,4.48,4,439300.0
-6.2757,106.9184,South Hills,10.97,3.15,Single Family,2360,5996,4,3.0,1,2,0,2012,2012,0,6,4.59,7,1301700.0
-6.31595,106.91556,South Hills,14.2,0.95,Condominium,1130,1130,3,2.0,1,0,0,2009,2009,0,7,2.72,5,529800.0
-6.34096,106.90414,South Hills,16.04,1.37,Condominium,1073,1073,1,1.5,1,1,1,2000,2000,0,5,5.15,3,354900.0
-6.21224,106.83949,Downtown / CBD,0.78,4.16,Single Family,2905,7942,4,2.5,1,2,0,2018,2018,0,9,3.82,5,1998700.0
-6.26972,106.93936,South Hills,12.41,0.96,Condominium,967,967,2,1.5,1,1,1,2014,2014,0,5,3.37,7,494400.0
-6.23904,106.87901,South Hills,5.0,1.36,Single Family,1359,3816,3,2.5,1,2,0,2017,2017,0,7,5.28,6,834800.0
-6.18609,106.84011,Downtown / CBD,2.59,0.39,Condominium,1074,1074,3,1.5,1,1,1,2014,2014,0,7,3.85,6,733200.0
-6.27708,106.97312,South Hills,16.06,6.55,Condominium,450,450,2,2.0,1,1,1,1998,2004,1,4,4.81,5,172400.0
-6.32504,106.89048,South Hills,13.83,5.64,Single Family,1486,3294,5,2.0,2,2,1,2022,2022,0,3,5.23,6,805300.0
-6.28971,106.83999,Downtown / CBD,9.0,0.84,Condominium,616,616,2,2.0,1,1,0,1979,1979,0,2,5.02,5,199400.0
-5.97296,106.98647,North Suburbs,30.49,13.48,Townhouse,2044,2419,2,2.5,2,2,0,2008,2019,1,3,8.29,7,651000.0
-6.06611,106.88325,North Suburbs,16.38,4.67,Condominium,648,648,3,2.0,1,1,1,2018,2018,0,4,7.31,6,340400.0
-6.0028,106.7374,North Suburbs,25.83,2.89,Condominium,1019,1019,2,2.0,1,1,0,2013,2013,0,5,6.73,4,320200.0
-6.14676,106.7987,Tech Corridor,8.63,0.74,Single Family,3030,7492,5,2.5,2,3,0,2006,2018,1,6,5.37,8,2333400.0
-6.10818,106.78312,Tech Corridor,13.15,1.35,Single Family,2611,7908,4,2.0,1,1,0,2010,2010,0,8,6.03,5,1416000.0
-6.11858,106.79318,Tech Corridor,11.58,2.65,Luxury Villa,4531,20682,4,3.5,2,4,1,1994,1994,0,3,3.91,7,2306700.0
-6.24353,106.75457,West Waterfront,10.81,4.05,Townhouse,2114,2482,3,2.0,3,1,0,1979,1979,0,4,3.9,4,744200.0
-6.03827,106.86269,North Suburbs,19.02,2.62,Single Family,3012,7611,5,2.0,2,2,0,2001,2001,0,7,6.36,5,1251300.0
-6.39343,106.83821,South Hills,20.51,2.11,Townhouse,1586,2186,3,2.0,3,2,0,2018,2018,0,6,5.98,6,753100.0
-6.25425,106.81655,Downtown / CBD,5.99,0.31,Condominium,1220,1220,3,2.0,1,2,0,1987,2012,1,7,7.22,3,531800.0
-6.14427,106.71815,Tech Corridor,15.86,0.73,Condominium,817,817,1,2.0,1,0,1,2004,2004,0,5,4.32,7,391600.0
-6.26549,106.83394,Downtown / CBD,6.42,1.8,Condominium,753,753,1,2.0,1,0,0,2018,2018,0,5,4.62,6,428300.0
-6.38399,106.87792,South Hills,19.77,15.0,Single Family,1561,5337,2,2.0,2,2,0,2001,2001,0,2,6.97,7,642100.0
-6.37917,106.80618,South Hills,19.41,1.32,Single Family,1912,6576,3,2.5,2,2,0,1986,2020,1,5,5.29,9,1238900.0
-6.30582,106.94709,South Hills,15.58,1.09,Single Family,1130,2078,4,1.5,2,3,0,2001,2001,0,8,5.87,5,549700.0
-6.13503,106.76695,Tech Corridor,11.97,2.85,Single Family,1790,5646,4,2.0,2,1,0,1985,1985,0,3,6.37,6,699300.0
-6.15945,106.82205,Downtown / CBD,6.07,0.12,Townhouse,1579,1798,3,2.0,2,2,0,2015,2015,0,7,5.23,8,1064900.0
-6.32975,106.93536,South Hills,16.72,1.64,Single Family,2561,6821,4,2.0,1,1,1,1989,1989,0,4,5.5,7,932000.0
-6.24377,106.72732,West Waterfront,13.69,5.8,Townhouse,1340,1996,2,2.0,2,2,0,2022,2022,0,3,6.74,6,670500.0
-6.23097,106.77308,West Waterfront,8.42,3.63,Single Family,2284,7932,3,2.0,2,2,0,2019,2019,0,4,5.61,6,1454300.0
-5.98696,106.88943,North Suburbs,25.1,4.02,Single Family,2117,6108,3,3.0,2,2,0,2001,2001,0,3,7.83,6,804900.0
-6.30989,106.667,West Waterfront,22.78,3.57,Condominium,749,749,1,1.0,1,1,1,1978,1978,0,1,6.2,4,184000.0
-6.1013,106.80186,Tech Corridor,12.88,4.46,Luxury Villa,4694,14443,6,5.0,2,2,1,2012,2012,0,5,5.39,10,3224400.0
-6.38057,106.85731,South Hills,19.11,15.0,Single Family,2013,3704,3,2.5,1,3,0,1997,1997,0,5,7.34,5,758800.0
-6.27977,106.87232,South Hills,8.42,2.69,Condominium,1024,1024,1,2.0,1,1,1,2021,2021,0,3,3.91,6,494700.0
-6.15443,106.86214,Downtown / CBD,6.31,0.1,Single Family,1758,3383,3,1.5,2,2,0,2020,2020,0,4,3.44,7,968400.0
-6.16049,106.78337,Tech Corridor,8.74,0.33,Condominium,1281,1281,1,1.0,1,2,0,1979,1988,1,6,3.41,8,514300.0
-6.25532,106.85524,Downtown / CBD,5.27,1.07,Single Family,2218,7516,3,2.5,2,2,0,2018,2018,0,6,4.04,7,1680400.0
-6.37993,106.93234,South Hills,21.3,15.0,Single Family,1392,2827,3,1.5,1,2,0,2019,2019,0,2,5.04,8,597100.0
-6.08101,106.97846,North Suburbs,20.46,0.88,Single Family,1985,6153,3,2.5,1,3,0,2008,2023,1,4,6.69,2,741400.0
-6.13492,107.00154,North Suburbs,19.15,1.5,Condominium,1058,1058,3,1.0,1,0,1,2020,2020,0,7,3.06,6,486800.0
-6.27614,106.73368,West Waterfront,14.5,0.8,Condominium,925,925,1,2.0,1,2,0,1997,1997,0,7,6.26,4,410300.0
-6.19037,106.8957,Downtown / CBD,5.92,1.49,Townhouse,2084,2735,3,2.0,3,2,0,1988,2005,1,5,2.6,8,1217700.0
-6.09248,106.95905,North Suburbs,18.04,0.7,Single Family,2344,7147,3,3.0,2,2,1,1985,1985,0,4,4.37,5,853200.0
-6.14524,106.94788,North Suburbs,13.37,0.63,Townhouse,2116,2917,4,2.5,2,2,0,2002,2002,0,8,6.67,9,1274400.0
-6.20271,106.84157,Downtown / CBD,0.81,1.81,Single Family,2675,8441,3,2.0,1,2,0,2008,2013,1,7,5.01,6,1659800.0
